date,indicator,value,unit,source,source_url,updated_at,frequency,confidence,status
2025-05-31,china_new_orders_pmi,48.3,index,财新网,https://www.caixin.com/,2026-07-05T00:03:11.629924,monthly,C,confirmed
2025-06-30,china_new_orders_pmi,50.4,index,财新网,https://www.caixin.com/,2026-08-04T10:01:30.687869,monthly,C,confirmed
2025-07-31,china_new_orders_pmi,49.5,index,财新网,https://www.caixin.com/,2026-08-26T09:57:33.959454,monthly,C,confirmed
2025-08-31,china_new_orders_pmi,50.5,index,财新网,https://www.caixin.com/,2026-08-26T09:57:33.959454,monthly,C,confirmed
2025-09-30,china_new_orders_pmi,51.2,index,财新网,https://www.caixin.com/,2026-08-26T09:57:33.959454,monthly,C,confirmed
2025-10-31,china_new_orders_pmi,50.6,index,财新网,https://www.caixin.com/,2026-08-26T09:57:33.960451,monthly,C,confirmed
2025-11-30,china_new_orders_pmi,49.9,index,财新网,https://www.caixin.com/,2026-08-26T09:57:33.960451,monthly,C,confirmed
2025-12-31,china_new_orders_pmi,50.1,index,财新网,https://www.caixin.com/,2026-08-26T09:57:33.961451,monthly,C,confirmed
2026-01-31,china_new_orders_pmi,50.3,index,财新网,https://www.caixin.com/,2026-08-26T09:57:33.961451,monthly,C,confirmed
2026-02-28,china_new_orders_pmi,52.1,index,财新网,https://www.caixin.com/,2026-08-26T09:57:33.961451,monthly,C,confirmed
2026-03-31,china_new_orders_pmi,50.8,index,财新网,https://www.caixin.com/,2026-08-26T09:57:33.962451,monthly,C,confirmed
2026-04-30,china_new_orders_pmi,52.2,index,财新网,https://www.caixin.com/,2026-08-26T09:57:33.962451,monthly,C,confirmed
2026-05-01,china_new_orders_pmi,49.9,index,国家统计局,https://www.stats.gov.cn/,2026-08-26T09:57:47.351948,monthly,A,confirmed
2026-06-01,china_new_orders_pmi,51.2,index,国家统计局,https://www.stats.gov.cn/,2026-08-26T09:57:47.351948,monthly,A,confirmed
2026-07-01,china_new_orders_pmi,48.5,index,国家统计局,https://www.stats.gov.cn/,2026-08-26T09:57:47.351948,monthly,A,confirmed
2025-06-01,china_pmi,49.7,index,东方财富-国家统计局,https://data.eastmoney.com/cjsj/pmi.html,2026-07-06T10:42:43.343443,monthly,A,confirmed
2025-07-01,china_pmi,49.3,index,东方财富-国家统计局,https://data.eastmoney.com/cjsj/pmi.html,2026-08-05T00:04:07.687988,monthly,A,confirmed
2025-08-01,china_pmi,49.4,index,东方财富-国家统计局,https://data.eastmoney.com/cjsj/pmi.html,2026-08-26T09:57:30.890545,monthly,A,confirmed
2025-09-01,china_pmi,49.8,index,东方财富-国家统计局,https://data.eastmoney.com/cjsj/pmi.html,2026-08-26T09:57:30.890545,monthly,A,confirmed
2025-10-01,china_pmi,49.0,index,东方财富-国家统计局,https://data.eastmoney.com/cjsj/pmi.html,2026-08-26T09:57:30.889544,monthly,A,confirmed
2025-11-01,china_pmi,49.2,index,东方财富-国家统计局,https://data.eastmoney.com/cjsj/pmi.html,2026-08-26T09:57:30.889544,monthly,A,confirmed
2025-12-01,china_pmi,50.1,index,东方财富-国家统计局,https://data.eastmoney.com/cjsj/pmi.html,2026-08-26T09:57:30.889544,monthly,A,confirmed
2026-01-01,china_pmi,49.3,index,东方财富-国家统计局,https://data.eastmoney.com/cjsj/pmi.html,2026-08-26T09:57:30.889544,monthly,A,confirmed
2026-02-01,china_pmi,49.0,index,东方财富-国家统计局,https://data.eastmoney.com/cjsj/pmi.html,2026-08-26T09:57:30.888547,monthly,A,confirmed
2026-03-01,china_pmi,50.4,index,东方财富-国家统计局,https://data.eastmoney.com/cjsj/pmi.html,2026-08-26T09:57:30.888547,monthly,A,confirmed
2026-04-01,china_pmi,50.3,index,东方财富-国家统计局,https://data.eastmoney.com/cjsj/pmi.html,2026-08-26T09:57:30.888547,monthly,A,confirmed
2026-05-01,china_pmi,50.0,index,东方财富-国家统计局,https://data.eastmoney.com/cjsj/pmi.html,2026-08-26T09:57:30.888547,monthly,A,confirmed
2026-06-01,china_pmi,50.3,index,东方财富-国家统计局,https://data.eastmoney.com/cjsj/pmi.html,2026-08-26T09:57:30.888547,monthly,A,confirmed
2026-07-01,china_pmi,49.2,index,东方财富-国家统计局,https://data.eastmoney.com/cjsj/pmi.html,2026-08-26T09:57:30.888547,monthly,A,confirmed
2026-03-16,comex_inventory,171455.0,ton,金属库存监控,,2026-08-26T09:57:47.351948,daily,B,confirmed
2026-03-17,comex_inventory,172689.0,ton,金属库存监控,,2026-08-26T09:57:47.351948,daily,B,confirmed
2026-03-18,comex_inventory,173237.0,ton,金属库存监控,,2026-08-26T09:57:47.351948,daily,B,confirmed
2026-03-19,comex_inventory,169777.0,ton,金属库存监控,,2026-08-26T09:57:47.351948,daily,B,confirmed
2026-03-20,comex_inventory,173668.0,ton,金属库存监控,,2026-08-26T09:57:47.351948,daily,B,confirmed
2026-03-21,comex_inventory,171872.0,ton,金属库存监控,,2026-08-26T09:57:47.351948,daily,B,confirmed
2026-03-22,comex_inventory,172740.0,ton,金属库存监控,,2026-08-26T09:57:47.351948,daily,B,confirmed
2026-03-23,comex_inventory,170267.0,ton,金属库存监控,,2026-08-26T09:57:47.351948,daily,B,confirmed
2026-03-24,comex_inventory,177452.0,ton,金属库存监控,,2026-08-26T09:57:47.351948,daily,B,confirmed
2026-03-25,comex_inventory,172511.0,ton,金属库存监控,,2026-08-26T09:57:47.351948,daily,B,confirmed
2026-03-26,comex_inventory,174412.0,ton,金属库存监控,,2026-08-26T09:57:47.351948,daily,B,confirmed
2026-03-27,comex_inventory,177969.0,ton,金属库存监控,,2026-08-26T09:57:47.351948,daily,B,confirmed
2026-03-28,comex_inventory,177600.0,ton,金属库存监控,,2026-08-26T09:57:47.351948,daily,B,confirmed
2026-03-29,comex_inventory,172154.0,ton,金属库存监控,,2026-08-26T09:57:47.351948,daily,B,confirmed
2026-03-30,comex_inventory,175046.0,ton,金属库存监控,,2026-08-26T09:57:47.351948,daily,B,confirmed
2026-03-31,comex_inventory,173141.0,ton,金属库存监控,,2026-08-26T09:57:47.351948,daily,B,confirmed
2026-04-01,comex_inventory,176490.0,ton,金属库存监控,,2026-08-26T09:57:47.351948,daily,B,confirmed
2026-04-02,comex_inventory,175812.0,ton,金属库存监控,,2026-08-26T09:57:47.351948,daily,B,confirmed
2026-04-03,comex_inventory,175124.0,ton,金属库存监控,,2026-08-26T09:57:47.351948,daily,B,confirmed
2026-04-04,comex_inventory,180320.0,ton,金属库存监控,,2026-08-26T09:57:47.351948,daily,B,confirmed
2026-04-05,comex_inventory,174780.0,ton,金属库存监控,,2026-08-26T09:57:47.351948,daily,B,confirmed
2026-04-06,comex_inventory,173819.0,ton,金属库存监控,,2026-08-26T09:57:47.351948,daily,B,confirmed
2026-04-07,comex_inventory,176136.0,ton,金属库存监控,,2026-08-26T09:57:47.351948,daily,B,confirmed
2026-04-08,comex_inventory,180578.0,ton,金属库存监控,,2026-08-26T09:57:47.351948,daily,B,confirmed
2026-04-09,comex_inventory,179677.0,ton,金属库存监控,,2026-08-26T09:57:47.351948,daily,B,confirmed
2026-04-10,comex_inventory,180308.0,ton,金属库存监控,,2026-08-26T09:57:47.351948,daily,B,confirmed
2026-04-11,comex_inventory,175257.0,ton,金属库存监控,,2026-08-26T09:57:47.351948,daily,B,confirmed
2026-04-12,comex_inventory,175989.0,ton,金属库存监控,,2026-08-26T09:57:47.351948,daily,B,confirmed
2026-04-13,comex_inventory,179738.0,ton,金属库存监控,,2026-08-26T09:57:47.351948,daily,B,confirmed
2026-04-14,comex_inventory,174349.0,ton,金属库存监控,,2026-08-26T09:57:47.351948,daily,B,confirmed
2026-04-15,comex_inventory,177505.0,ton,金属库存监控,,2026-08-26T09:57:47.352641,daily,B,confirmed
2026-04-16,comex_inventory,177270.0,ton,金属库存监控,,2026-08-26T09:57:47.352641,daily,B,confirmed
2026-04-17,comex_inventory,176154.0,ton,金属库存监控,,2026-08-26T09:57:47.352641,daily,B,confirmed
2026-04-18,comex_inventory,176314.0,ton,金属库存监控,,2026-08-26T09:57:47.352641,daily,B,confirmed
2026-04-19,comex_inventory,174998.0,ton,金属库存监控,,2026-08-26T09:57:47.352641,daily,B,confirmed
2026-04-20,comex_inventory,177513.0,ton,金属库存监控,,2026-08-26T09:57:47.352641,daily,B,confirmed
2026-04-21,comex_inventory,176513.0,ton,金属库存监控,,2026-08-26T09:57:47.352641,daily,B,confirmed
2026-04-22,comex_inventory,180318.0,ton,金属库存监控,,2026-08-26T09:57:47.352641,daily,B,confirmed
2026-04-23,comex_inventory,181247.0,ton,金属库存监控,,2026-08-26T09:57:47.352641,daily,B,confirmed
2026-04-24,comex_inventory,176920.0,ton,金属库存监控,,2026-08-26T09:57:47.352641,daily,B,confirmed
2026-04-25,comex_inventory,177425.0,ton,金属库存监控,,2026-08-26T09:57:47.352641,daily,B,confirmed
2026-04-26,comex_inventory,179202.0,ton,金属库存监控,,2026-08-26T09:57:47.352641,daily,B,confirmed
2026-04-27,comex_inventory,176217.0,ton,金属库存监控,,2026-08-26T09:57:47.352641,daily,B,confirmed
2026-04-28,comex_inventory,180969.0,ton,金属库存监控,,2026-08-26T09:57:47.352641,daily,B,confirmed
2026-04-29,comex_inventory,180346.0,ton,金属库存监控,,2026-08-26T09:57:47.352641,daily,B,confirmed
2026-04-30,comex_inventory,180491.0,ton,金属库存监控,,2026-08-26T09:57:47.352641,daily,B,confirmed
2026-05-01,comex_inventory,179637.0,ton,金属库存监控,,2026-08-26T09:57:47.352641,daily,B,confirmed
2026-05-02,comex_inventory,178060.0,ton,金属库存监控,,2026-08-26T09:57:47.352641,daily,B,confirmed
2026-05-03,comex_inventory,177253.0,ton,金属库存监控,,2026-08-26T09:57:47.352641,daily,B,confirmed
2026-05-04,comex_inventory,179490.0,ton,金属库存监控,,2026-08-26T09:57:47.352641,daily,B,confirmed
2026-05-05,comex_inventory,173889.0,ton,金属库存监控,,2026-08-26T09:57:47.352641,daily,B,confirmed
2026-05-06,comex_inventory,179366.0,ton,金属库存监控,,2026-08-26T09:57:47.352641,daily,B,confirmed
2026-05-07,comex_inventory,179618.0,ton,金属库存监控,,2026-08-26T09:57:47.352641,daily,B,confirmed
2026-05-08,comex_inventory,179660.0,ton,金属库存监控,,2026-08-26T09:57:47.352641,daily,B,confirmed
2026-05-09,comex_inventory,173624.0,ton,金属库存监控,,2026-08-26T09:57:47.352641,daily,B,confirmed
2026-05-10,comex_inventory,173840.0,ton,金属库存监控,,2026-08-26T09:57:47.352641,daily,B,confirmed
2026-05-11,comex_inventory,176282.0,ton,金属库存监控,,2026-08-26T09:57:47.352641,daily,B,confirmed
2026-05-12,comex_inventory,177423.0,ton,金属库存监控,,2026-08-26T09:57:47.352641,daily,B,confirmed
2026-05-13,comex_inventory,174297.0,ton,金属库存监控,,2026-08-26T09:57:47.352641,daily,B,confirmed
2026-05-14,comex_inventory,179082.0,ton,金属库存监控,,2026-08-26T09:57:47.352641,daily,B,confirmed
2026-05-15,comex_inventory,177253.0,ton,金属库存监控,,2026-08-26T09:57:47.352641,daily,B,confirmed
2026-05-16,comex_inventory,178009.0,ton,金属库存监控,,2026-08-26T09:57:47.352641,daily,B,confirmed
2026-05-17,comex_inventory,175112.0,ton,金属库存监控,,2026-08-26T09:57:47.352641,daily,B,confirmed
2026-05-18,comex_inventory,175709.0,ton,金属库存监控,,2026-08-26T09:57:47.352641,daily,B,confirmed
2026-05-19,comex_inventory,174036.0,ton,金属库存监控,,2026-08-26T09:57:47.352641,daily,B,confirmed
2026-05-20,comex_inventory,175971.0,ton,金属库存监控,,2026-08-26T09:57:47.352641,daily,B,confirmed
2026-05-21,comex_inventory,174542.0,ton,金属库存监控,,2026-08-26T09:57:47.352641,daily,B,confirmed
2026-05-22,comex_inventory,177366.0,ton,金属库存监控,,2026-08-26T09:57:47.352641,daily,B,confirmed
2026-05-23,comex_inventory,172018.0,ton,金属库存监控,,2026-08-26T09:57:47.352641,daily,B,confirmed
2026-05-24,comex_inventory,177114.0,ton,金属库存监控,,2026-08-26T09:57:47.352641,daily,B,confirmed
2026-05-25,comex_inventory,172635.0,ton,金属库存监控,,2026-08-26T09:57:47.352641,daily,B,confirmed
2026-05-26,comex_inventory,170896.0,ton,金属库存监控,,2026-08-26T09:57:47.352641,daily,B,confirmed
2026-05-27,comex_inventory,175921.0,ton,金属库存监控,,2026-08-26T09:57:47.352641,daily,B,confirmed
2026-05-28,comex_inventory,170965.0,ton,金属库存监控,,2026-08-26T09:57:47.352641,daily,B,confirmed
2026-05-29,comex_inventory,169612.0,ton,金属库存监控,,2026-08-26T09:57:47.353150,daily,B,confirmed
2026-05-30,comex_inventory,172706.0,ton,金属库存监控,,2026-08-26T09:57:47.353150,daily,B,confirmed
2026-05-31,comex_inventory,174252.0,ton,金属库存监控,,2026-08-26T09:57:47.353150,daily,B,confirmed
2026-06-01,comex_inventory,173906.0,ton,金属库存监控,,2026-08-26T09:57:47.353150,daily,B,confirmed
2026-06-02,comex_inventory,170653.0,ton,金属库存监控,,2026-08-26T09:57:47.353150,daily,B,confirmed
2026-06-03,comex_inventory,168914.0,ton,金属库存监控,,2026-08-26T09:57:47.353150,daily,B,confirmed
2026-06-04,comex_inventory,170968.0,ton,金属库存监控,,2026-08-26T09:57:47.353150,daily,B,confirmed
2026-06-05,comex_inventory,171463.0,ton,金属库存监控,,2026-08-26T09:57:47.353150,daily,B,confirmed
2026-06-06,comex_inventory,171188.0,ton,金属库存监控,,2026-08-26T09:57:47.353150,daily,B,confirmed
2026-06-07,comex_inventory,167925.0,ton,金属库存监控,,2026-08-26T09:57:47.353150,daily,B,confirmed
2026-06-08,comex_inventory,171591.0,ton,金属库存监控,,2026-08-26T09:57:47.353150,daily,B,confirmed
2026-06-09,comex_inventory,167277.0,ton,金属库存监控,,2026-08-26T09:57:47.353150,daily,B,confirmed
2026-06-10,comex_inventory,169817.0,ton,金属库存监控,,2026-08-26T09:57:47.353150,daily,B,confirmed
2026-06-11,comex_inventory,169333.0,ton,金属库存监控,,2026-08-26T09:57:47.353150,daily,B,confirmed
2026-06-12,comex_inventory,165460.0,ton,金属库存监控,,2026-08-26T09:57:47.353150,daily,B,confirmed
2026-06-13,comex_inventory,172406.0,ton,金属库存监控,,2026-08-26T09:57:47.353150,daily,B,confirmed
2026-06-14,comex_inventory,168006.0,ton,金属库存监控,,2026-08-26T09:57:47.353150,daily,B,confirmed
2026-06-15,comex_inventory,167199.0,ton,金属库存监控,,2026-08-26T09:57:47.353150,daily,B,confirmed
2026-06-16,comex_inventory,170060.0,ton,金属库存监控,,2026-08-26T09:57:47.353150,daily,B,confirmed
2026-06-17,comex_inventory,164400.0,ton,金属库存监控,,2026-08-26T09:57:47.353150,daily,B,confirmed
2026-06-18,comex_inventory,166344.0,ton,金属库存监控,,2026-08-26T09:57:47.353150,daily,B,confirmed
2026-06-19,comex_inventory,169975.0,ton,金属库存监控,,2026-08-26T09:57:47.353150,daily,B,confirmed
2026-06-20,comex_inventory,166815.0,ton,金属库存监控,,2026-08-26T09:57:47.353150,daily,B,confirmed
2026-06-21,comex_inventory,169737.0,ton,金属库存监控,,2026-08-26T09:57:47.353150,daily,B,confirmed
2026-06-22,comex_inventory,168572.0,ton,金属库存监控,,2026-08-26T09:57:47.353150,daily,B,confirmed
2026-06-23,comex_inventory,167918.0,ton,金属库存监控,,2026-08-26T09:57:47.353150,daily,B,confirmed
2026-06-24,comex_inventory,167158.0,ton,金属库存监控,,2026-08-26T09:57:47.353150,daily,B,confirmed
2026-06-25,comex_inventory,166155.0,ton,金属库存监控,,2026-08-26T09:57:47.353150,daily,B,confirmed
2026-06-26,comex_inventory,166435.0,ton,金属库存监控,,2026-08-26T09:57:47.353150,daily,B,confirmed
2026-06-27,comex_inventory,166917.0,ton,金属库存监控,,2026-08-26T09:57:47.353150,daily,B,confirmed
2026-06-28,comex_inventory,164017.0,ton,金属库存监控,,2026-08-26T09:57:47.353150,daily,B,confirmed
2026-06-29,comex_inventory,168806.0,ton,金属库存监控,,2026-08-26T09:57:47.353150,daily,B,confirmed
2026-06-30,comex_inventory,167028.0,ton,金属库存监控,,2026-08-26T09:57:47.353150,daily,B,confirmed
2026-07-01,comex_inventory,163086.0,ton,金属库存监控,,2026-08-26T09:57:47.353150,daily,B,confirmed
2026-07-02,comex_inventory,168600.0,ton,金属库存监控,,2026-08-26T09:57:47.353150,daily,B,confirmed
2026-07-03,comex_inventory,169830.0,ton,金属库存监控,,2026-08-26T09:57:47.353150,daily,B,confirmed
2026-07-04,comex_inventory,167375.0,ton,金属库存监控,,2026-08-26T09:57:47.353150,daily,B,confirmed
2026-07-05,comex_inventory,164187.0,ton,金属库存监控,,2026-08-26T09:57:47.353150,daily,B,confirmed
2026-07-06,comex_inventory,167813.0,ton,金属库存监控,,2026-08-26T09:57:47.353150,daily,B,confirmed
2026-07-07,comex_inventory,166915.0,ton,金属库存监控,,2026-08-26T09:57:47.353150,daily,B,confirmed
2026-07-08,comex_inventory,164490.0,ton,金属库存监控,,2026-08-26T09:57:47.353150,daily,B,confirmed
2026-07-09,comex_inventory,169022.0,ton,金属库存监控,,2026-08-26T09:57:47.353150,daily,B,confirmed
2026-07-10,comex_inventory,168572.0,ton,金属库存监控,,2026-08-26T09:57:47.353150,daily,B,confirmed
2026-07-11,comex_inventory,168379.0,ton,金属库存监控,,2026-08-26T09:57:47.353150,daily,B,confirmed
2026-07-12,comex_inventory,164415.0,ton,金属库存监控,,2026-08-26T09:57:47.353150,daily,B,confirmed
2026-07-13,comex_inventory,167775.0,ton,金属库存监控,,2026-08-26T09:57:47.353150,daily,B,confirmed
2026-06-29,copper_rod_operating_rate,65.87,pct,SMM,,2026-08-26T09:57:47.353150,weekly,B,confirmed
2025-05-26,dxy,98.93,index,Yahoo Finance,https://finance.yahoo.com/quote/DX-Y.NYB,2026-06-30T17:11:38.171898,daily,B,confirmed
2025-05-27,dxy,99.52,index,Yahoo Finance,https://finance.yahoo.com/quote/DX-Y.NYB,2026-07-01T10:02:49.117595,daily,B,confirmed
2025-05-28,dxy,99.88,index,Yahoo Finance,https://finance.yahoo.com/quote/DX-Y.NYB,2026-07-02T02:41:00.904516,daily,B,confirmed
2025-05-29,dxy,99.28,index,Yahoo Finance,https://finance.yahoo.com/quote/DX-Y.NYB,2026-07-03T00:04:36.791686,daily,B,confirmed
2025-05-30,dxy,99.33,index,Yahoo Finance,https://finance.yahoo.com/quote/DX-Y.NYB,2026-07-04T00:03:13.724338,daily,B,confirmed
2025-06-02,dxy,98.7,index,Yahoo Finance,https://finance.yahoo.com/quote/DX-Y.NYB,2026-07-07T00:04:26.957896,daily,B,confirmed
2025-06-03,dxy,99.25,index,Yahoo Finance,https://finance.yahoo.com/quote/DX-Y.NYB,2026-07-08T00:01:39.651309,daily,B,confirmed
2025-06-04,dxy,98.79,index,Yahoo Finance,https://finance.yahoo.com/quote/DX-Y.NYB,2026-07-09T00:03:13.568452,daily,B,confirmed
2025-06-05,dxy,98.74,index,Yahoo Finance,https://finance.yahoo.com/quote/DX-Y.NYB,2026-07-10T00:02:59.915031,daily,B,confirmed
2025-06-06,dxy,99.19,index,Yahoo Finance,https://finance.yahoo.com/quote/DX-Y.NYB,2026-07-11T00:04:21.914398,daily,B,confirmed
2025-06-09,dxy,98.94,index,Yahoo Finance,https://finance.yahoo.com/quote/DX-Y.NYB,2026-07-14T00:02:06.953682,daily,B,confirmed
2025-06-10,dxy,99.05,index,Yahoo Finance,https://finance.yahoo.com/quote/DX-Y.NYB,2026-07-15T00:04:36.800378,daily,B,confirmed
2025-06-11,dxy,98.63,index,Yahoo Finance,https://finance.yahoo.com/quote/DX-Y.NYB,2026-07-16T00:02:37.465705,daily,B,confirmed
2025-06-12,dxy,97.92,index,Yahoo Finance,https://finance.yahoo.com/quote/DX-Y.NYB,2026-07-17T09:02:08.513904,daily,B,confirmed
2025-06-13,dxy,98.18,index,Yahoo Finance,https://finance.yahoo.com/quote/DX-Y.NYB,2026-07-18T00:02:24.548161,daily,B,confirmed
2025-06-16,dxy,98.0,index,Yahoo Finance,https://finance.yahoo.com/quote/DX-Y.NYB,2026-07-21T00:03:54.033373,daily,B,confirmed
2025-06-17,dxy,98.82,index,Yahoo Finance,https://finance.yahoo.com/quote/DX-Y.NYB,2026-07-22T00:04:21.506042,daily,B,confirmed
2025-06-18,dxy,98.91,index,Yahoo Finance,https://finance.yahoo.com/quote/DX-Y.NYB,2026-07-23T00:06:22.175176,daily,B,confirmed
2025-06-20,dxy,98.71,index,Yahoo Finance,https://finance.yahoo.com/quote/DX-Y.NYB,2026-07-25T00:02:18.491194,daily,B,confirmed
2025-06-23,dxy,98.42,index,Yahoo Finance,https://finance.yahoo.com/quote/DX-Y.NYB,2026-07-28T00:02:20.227450,daily,B,confirmed
2025-06-24,dxy,97.86,index,Yahoo Finance,https://finance.yahoo.com/quote/DX-Y.NYB,2026-07-29T00:03:46.903727,daily,B,confirmed
2025-06-25,dxy,97.68,index,Yahoo Finance,https://finance.yahoo.com/quote/DX-Y.NYB,2026-07-30T00:05:12.444185,daily,B,confirmed
2025-06-26,dxy,97.15,index,Yahoo Finance,https://finance.yahoo.com/quote/DX-Y.NYB,2026-07-31T00:04:43.613768,daily,B,confirmed
2025-06-27,dxy,97.4,index,Yahoo Finance,https://finance.yahoo.com/quote/DX-Y.NYB,2026-08-01T00:06:37.056229,daily,B,confirmed
2025-06-30,dxy,96.88,index,Yahoo Finance,https://finance.yahoo.com/quote/DX-Y.NYB,2026-08-04T00:02:30.680526,daily,B,confirmed
2025-07-01,dxy,96.82,index,Yahoo Finance,https://finance.yahoo.com/quote/DX-Y.NYB,2026-08-05T00:03:58.035278,daily,B,confirmed
2025-07-02,dxy,96.78,index,Yahoo Finance,https://finance.yahoo.com/quote/DX-Y.NYB,2026-08-06T09:07:54.867680,daily,B,confirmed
2025-07-03,dxy,97.18,index,Yahoo Finance,https://finance.yahoo.com/quote/DX-Y.NYB,2026-08-07T00:04:49.821880,daily,B,confirmed
2025-07-07,dxy,97.48,index,Yahoo Finance,https://finance.yahoo.com/quote/DX-Y.NYB,2026-08-11T00:06:34.992784,daily,B,confirmed
2025-07-08,dxy,97.51,index,Yahoo Finance,https://finance.yahoo.com/quote/DX-Y.NYB,2026-08-12T00:00:46.466094,daily,B,confirmed
2025-07-09,dxy,97.47,index,Yahoo Finance,https://finance.yahoo.com/quote/DX-Y.NYB,2026-08-13T00:01:31.840720,daily,B,confirmed
2025-07-10,dxy,97.65,index,Yahoo Finance,https://finance.yahoo.com/quote/DX-Y.NYB,2026-08-14T00:02:47.292077,daily,B,confirmed
2025-07-11,dxy,97.85,index,Yahoo Finance,https://finance.yahoo.com/quote/DX-Y.NYB,2026-08-15T00:02:49.739637,daily,B,confirmed
2025-07-14,dxy,98.08,index,Yahoo Finance,https://finance.yahoo.com/quote/DX-Y.NYB,2026-08-18T00:02:55.349511,daily,B,confirmed
2025-07-15,dxy,98.62,index,Yahoo Finance,https://finance.yahoo.com/quote/DX-Y.NYB,2026-08-18T00:02:55.349561,daily,B,confirmed
2025-07-16,dxy,98.39,index,Yahoo Finance,https://finance.yahoo.com/quote/DX-Y.NYB,2026-08-20T00:02:47.972905,daily,B,confirmed
2025-07-17,dxy,98.73,index,Yahoo Finance,https://finance.yahoo.com/quote/DX-Y.NYB,2026-08-21T00:03:11.803121,daily,B,confirmed
2025-07-18,dxy,98.48,index,Yahoo Finance,https://finance.yahoo.com/quote/DX-Y.NYB,2026-08-22T00:05:13.061658,daily,B,confirmed
2025-07-21,dxy,97.85,index,Yahoo Finance,https://finance.yahoo.com/quote/DX-Y.NYB,2026-08-22T00:05:13.061707,daily,B,confirmed
2025-07-22,dxy,97.39,index,Yahoo Finance,https://finance.yahoo.com/quote/DX-Y.NYB,2026-08-26T09:57:21.987417,daily,B,confirmed
2025-07-23,dxy,97.21,index,Yahoo Finance,https://finance.yahoo.com/quote/DX-Y.NYB,2026-08-26T09:57:21.987417,daily,B,confirmed
2025-07-24,dxy,97.38,index,Yahoo Finance,https://finance.yahoo.com/quote/DX-Y.NYB,2026-08-26T09:57:21.987417,daily,B,confirmed
2025-07-25,dxy,97.65,index,Yahoo Finance,https://finance.yahoo.com/quote/DX-Y.NYB,2026-08-26T09:57:21.987417,daily,B,confirmed
2025-07-28,dxy,98.66,index,Yahoo Finance,https://finance.yahoo.com/quote/DX-Y.NYB,2026-08-26T09:57:21.987417,daily,B,confirmed
2025-07-29,dxy,98.91,index,Yahoo Finance,https://finance.yahoo.com/quote/DX-Y.NYB,2026-08-26T09:57:21.987417,daily,B,confirmed
2025-07-30,dxy,99.94,index,Yahoo Finance,https://finance.yahoo.com/quote/DX-Y.NYB,2026-08-26T09:57:21.987417,daily,B,confirmed
2025-07-31,dxy,100.03,index,Yahoo Finance,https://finance.yahoo.com/quote/DX-Y.NYB,2026-08-26T09:57:21.987417,daily,B,confirmed
2025-08-01,dxy,98.69,index,Yahoo Finance,https://finance.yahoo.com/quote/DX-Y.NYB,2026-08-26T09:57:21.987417,daily,B,confirmed
2025-08-04,dxy,98.78,index,Yahoo Finance,https://finance.yahoo.com/quote/DX-Y.NYB,2026-08-26T09:57:21.987417,daily,B,confirmed
2025-08-05,dxy,98.78,index,Yahoo Finance,https://finance.yahoo.com/quote/DX-Y.NYB,2026-08-26T09:57:21.987417,daily,B,confirmed
2025-08-06,dxy,98.18,index,Yahoo Finance,https://finance.yahoo.com/quote/DX-Y.NYB,2026-08-26T09:57:21.988417,daily,B,confirmed
2025-08-07,dxy,98.4,index,Yahoo Finance,https://finance.yahoo.com/quote/DX-Y.NYB,2026-08-26T09:57:21.988417,daily,B,confirmed
2025-08-08,dxy,98.18,index,Yahoo Finance,https://finance.yahoo.com/quote/DX-Y.NYB,2026-08-26T09:57:21.988417,daily,B,confirmed
2025-08-11,dxy,98.52,index,Yahoo Finance,https://finance.yahoo.com/quote/DX-Y.NYB,2026-08-26T09:57:21.988417,daily,B,confirmed
2025-08-12,dxy,98.1,index,Yahoo Finance,https://finance.yahoo.com/quote/DX-Y.NYB,2026-08-26T09:57:21.988417,daily,B,confirmed
2025-08-13,dxy,97.84,index,Yahoo Finance,https://finance.yahoo.com/quote/DX-Y.NYB,2026-08-26T09:57:21.988417,daily,B,confirmed
2025-08-14,dxy,98.25,index,Yahoo Finance,https://finance.yahoo.com/quote/DX-Y.NYB,2026-08-26T09:57:21.988417,daily,B,confirmed
2025-08-15,dxy,97.85,index,Yahoo Finance,https://finance.yahoo.com/quote/DX-Y.NYB,2026-08-26T09:57:21.988417,daily,B,confirmed
2025-08-18,dxy,98.17,index,Yahoo Finance,https://finance.yahoo.com/quote/DX-Y.NYB,2026-08-26T09:57:21.988417,daily,B,confirmed
2025-08-19,dxy,98.27,index,Yahoo Finance,https://finance.yahoo.com/quote/DX-Y.NYB,2026-08-26T09:57:21.988417,daily,B,confirmed
2025-08-20,dxy,98.22,index,Yahoo Finance,https://finance.yahoo.com/quote/DX-Y.NYB,2026-08-26T09:57:21.988417,daily,B,confirmed
2025-08-21,dxy,98.62,index,Yahoo Finance,https://finance.yahoo.com/quote/DX-Y.NYB,2026-08-26T09:57:21.989417,daily,B,confirmed
2025-08-22,dxy,97.72,index,Yahoo Finance,https://finance.yahoo.com/quote/DX-Y.NYB,2026-08-26T09:57:21.989417,daily,B,confirmed
2025-08-25,dxy,98.43,index,Yahoo Finance,https://finance.yahoo.com/quote/DX-Y.NYB,2026-08-26T09:57:21.989417,daily,B,confirmed
2025-08-26,dxy,98.23,index,Yahoo Finance,https://finance.yahoo.com/quote/DX-Y.NYB,2026-08-26T09:57:21.989417,daily,B,confirmed
2025-08-27,dxy,98.23,index,Yahoo Finance,https://finance.yahoo.com/quote/DX-Y.NYB,2026-08-26T09:57:21.989417,daily,B,confirmed
2025-08-28,dxy,97.81,index,Yahoo Finance,https://finance.yahoo.com/quote/DX-Y.NYB,2026-08-26T09:57:21.989417,daily,B,confirmed
2025-08-29,dxy,97.77,index,Yahoo Finance,https://finance.yahoo.com/quote/DX-Y.NYB,2026-08-26T09:57:21.989417,daily,B,confirmed
2025-09-02,dxy,98.4,index,Yahoo Finance,https://finance.yahoo.com/quote/DX-Y.NYB,2026-08-26T09:57:21.989417,daily,B,confirmed
2025-09-03,dxy,98.14,index,Yahoo Finance,https://finance.yahoo.com/quote/DX-Y.NYB,2026-08-26T09:57:21.989417,daily,B,confirmed
2025-09-04,dxy,98.35,index,Yahoo Finance,https://finance.yahoo.com/quote/DX-Y.NYB,2026-08-26T09:57:21.989417,daily,B,confirmed
2025-09-05,dxy,97.77,index,Yahoo Finance,https://finance.yahoo.com/quote/DX-Y.NYB,2026-08-26T09:57:21.990418,daily,B,confirmed
2025-09-08,dxy,97.45,index,Yahoo Finance,https://finance.yahoo.com/quote/DX-Y.NYB,2026-08-26T09:57:21.990418,daily,B,confirmed
2025-09-09,dxy,97.79,index,Yahoo Finance,https://finance.yahoo.com/quote/DX-Y.NYB,2026-08-26T09:57:21.990418,daily,B,confirmed
2025-09-10,dxy,97.78,index,Yahoo Finance,https://finance.yahoo.com/quote/DX-Y.NYB,2026-08-26T09:57:21.990418,daily,B,confirmed
2025-09-11,dxy,97.54,index,Yahoo Finance,https://finance.yahoo.com/quote/DX-Y.NYB,2026-08-26T09:57:21.990418,daily,B,confirmed
2025-09-12,dxy,97.55,index,Yahoo Finance,https://finance.yahoo.com/quote/DX-Y.NYB,2026-08-26T09:57:21.990418,daily,B,confirmed
2025-09-15,dxy,97.3,index,Yahoo Finance,https://finance.yahoo.com/quote/DX-Y.NYB,2026-08-26T09:57:21.990418,daily,B,confirmed
2025-09-16,dxy,96.63,index,Yahoo Finance,https://finance.yahoo.com/quote/DX-Y.NYB,2026-08-26T09:57:21.990418,daily,B,confirmed
2025-09-17,dxy,96.87,index,Yahoo Finance,https://finance.yahoo.com/quote/DX-Y.NYB,2026-08-26T09:57:21.990418,daily,B,confirmed
2025-09-18,dxy,97.35,index,Yahoo Finance,https://finance.yahoo.com/quote/DX-Y.NYB,2026-08-26T09:57:21.990418,daily,B,confirmed
2025-09-19,dxy,97.64,index,Yahoo Finance,https://finance.yahoo.com/quote/DX-Y.NYB,2026-08-26T09:57:21.991418,daily,B,confirmed
2025-09-22,dxy,97.33,index,Yahoo Finance,https://finance.yahoo.com/quote/DX-Y.NYB,2026-08-26T09:57:21.991418,daily,B,confirmed
2025-09-23,dxy,97.26,index,Yahoo Finance,https://finance.yahoo.com/quote/DX-Y.NYB,2026-08-26T09:57:21.991418,daily,B,confirmed
2025-09-24,dxy,97.87,index,Yahoo Finance,https://finance.yahoo.com/quote/DX-Y.NYB,2026-08-26T09:57:21.991418,daily,B,confirmed
2025-09-25,dxy,98.55,index,Yahoo Finance,https://finance.yahoo.com/quote/DX-Y.NYB,2026-08-26T09:57:21.991418,daily,B,confirmed
2025-09-26,dxy,98.15,index,Yahoo Finance,https://finance.yahoo.com/quote/DX-Y.NYB,2026-08-26T09:57:21.991418,daily,B,confirmed
2025-09-29,dxy,97.91,index,Yahoo Finance,https://finance.yahoo.com/quote/DX-Y.NYB,2026-08-26T09:57:21.991418,daily,B,confirmed
2025-09-30,dxy,97.77,index,Yahoo Finance,https://finance.yahoo.com/quote/DX-Y.NYB,2026-08-26T09:57:21.991418,daily,B,confirmed
2025-10-01,dxy,97.71,index,Yahoo Finance,https://finance.yahoo.com/quote/DX-Y.NYB,2026-08-26T09:57:21.991418,daily,B,confirmed
2025-10-02,dxy,97.85,index,Yahoo Finance,https://finance.yahoo.com/quote/DX-Y.NYB,2026-08-26T09:57:21.991418,daily,B,confirmed
2025-10-03,dxy,97.72,index,Yahoo Finance,https://finance.yahoo.com/quote/DX-Y.NYB,2026-08-26T09:57:21.991418,daily,B,confirmed
2025-10-06,dxy,98.11,index,Yahoo Finance,https://finance.yahoo.com/quote/DX-Y.NYB,2026-08-26T09:57:21.992419,daily,B,confirmed
2025-10-07,dxy,98.58,index,Yahoo Finance,https://finance.yahoo.com/quote/DX-Y.NYB,2026-08-26T09:57:21.992419,daily,B,confirmed
2025-10-08,dxy,98.85,index,Yahoo Finance,https://finance.yahoo.com/quote/DX-Y.NYB,2026-08-26T09:57:21.992419,daily,B,confirmed
2025-10-09,dxy,99.54,index,Yahoo Finance,https://finance.yahoo.com/quote/DX-Y.NYB,2026-08-26T09:57:21.992419,daily,B,confirmed
2025-10-10,dxy,98.98,index,Yahoo Finance,https://finance.yahoo.com/quote/DX-Y.NYB,2026-08-26T09:57:21.992419,daily,B,confirmed
2025-10-13,dxy,99.27,index,Yahoo Finance,https://finance.yahoo.com/quote/DX-Y.NYB,2026-08-26T09:57:21.992419,daily,B,confirmed
2025-10-14,dxy,99.05,index,Yahoo Finance,https://finance.yahoo.com/quote/DX-Y.NYB,2026-08-26T09:57:21.992419,daily,B,confirmed
2025-10-15,dxy,98.79,index,Yahoo Finance,https://finance.yahoo.com/quote/DX-Y.NYB,2026-08-26T09:57:21.992419,daily,B,confirmed
2025-10-16,dxy,98.39,index,Yahoo Finance,https://finance.yahoo.com/quote/DX-Y.NYB,2026-08-26T09:57:21.992419,daily,B,confirmed
2025-10-17,dxy,98.43,index,Yahoo Finance,https://finance.yahoo.com/quote/DX-Y.NYB,2026-08-26T09:57:21.992419,daily,B,confirmed
2025-10-20,dxy,98.59,index,Yahoo Finance,https://finance.yahoo.com/quote/DX-Y.NYB,2026-08-26T09:57:21.992419,daily,B,confirmed
2025-10-21,dxy,98.93,index,Yahoo Finance,https://finance.yahoo.com/quote/DX-Y.NYB,2026-08-26T09:57:21.993419,daily,B,confirmed
2025-10-22,dxy,98.9,index,Yahoo Finance,https://finance.yahoo.com/quote/DX-Y.NYB,2026-08-26T09:57:21.993419,daily,B,confirmed
2025-10-23,dxy,98.94,index,Yahoo Finance,https://finance.yahoo.com/quote/DX-Y.NYB,2026-08-26T09:57:21.993419,daily,B,confirmed
2025-10-24,dxy,98.95,index,Yahoo Finance,https://finance.yahoo.com/quote/DX-Y.NYB,2026-08-26T09:57:21.993419,daily,B,confirmed
2025-10-27,dxy,98.78,index,Yahoo Finance,https://finance.yahoo.com/quote/DX-Y.NYB,2026-08-26T09:57:21.993419,daily,B,confirmed
2025-10-28,dxy,98.69,index,Yahoo Finance,https://finance.yahoo.com/quote/DX-Y.NYB,2026-08-26T09:57:21.993419,daily,B,confirmed
2025-10-29,dxy,99.22,index,Yahoo Finance,https://finance.yahoo.com/quote/DX-Y.NYB,2026-08-26T09:57:21.993419,daily,B,confirmed
2025-10-30,dxy,99.53,index,Yahoo Finance,https://finance.yahoo.com/quote/DX-Y.NYB,2026-08-26T09:57:21.993419,daily,B,confirmed
2025-10-31,dxy,99.8,index,Yahoo Finance,https://finance.yahoo.com/quote/DX-Y.NYB,2026-08-26T09:57:21.994419,daily,B,confirmed
2025-11-03,dxy,99.87,index,Yahoo Finance,https://finance.yahoo.com/quote/DX-Y.NYB,2026-08-26T09:57:21.994419,daily,B,confirmed
2025-11-04,dxy,100.22,index,Yahoo Finance,https://finance.yahoo.com/quote/DX-Y.NYB,2026-08-26T09:57:21.994624,daily,B,confirmed
2025-11-05,dxy,100.2,index,Yahoo Finance,https://finance.yahoo.com/quote/DX-Y.NYB,2026-08-26T09:57:21.994624,daily,B,confirmed
2025-11-06,dxy,99.73,index,Yahoo Finance,https://finance.yahoo.com/quote/DX-Y.NYB,2026-08-26T09:57:21.994624,daily,B,confirmed
2025-11-07,dxy,99.6,index,Yahoo Finance,https://finance.yahoo.com/quote/DX-Y.NYB,2026-08-26T09:57:21.994624,daily,B,confirmed
2025-11-10,dxy,99.62,index,Yahoo Finance,https://finance.yahoo.com/quote/DX-Y.NYB,2026-08-26T09:57:21.994624,daily,B,confirmed
2025-11-11,dxy,99.46,index,Yahoo Finance,https://finance.yahoo.com/quote/DX-Y.NYB,2026-08-26T09:57:21.994624,daily,B,confirmed
2025-11-12,dxy,99.48,index,Yahoo Finance,https://finance.yahoo.com/quote/DX-Y.NYB,2026-08-26T09:57:21.995176,daily,B,confirmed
2025-11-13,dxy,99.18,index,Yahoo Finance,https://finance.yahoo.com/quote/DX-Y.NYB,2026-08-26T09:57:21.995176,daily,B,confirmed
2025-11-14,dxy,99.27,index,Yahoo Finance,https://finance.yahoo.com/quote/DX-Y.NYB,2026-08-26T09:57:21.995176,daily,B,confirmed
2025-11-17,dxy,99.59,index,Yahoo Finance,https://finance.yahoo.com/quote/DX-Y.NYB,2026-08-26T09:57:21.995176,daily,B,confirmed
2025-11-18,dxy,99.55,index,Yahoo Finance,https://finance.yahoo.com/quote/DX-Y.NYB,2026-08-26T09:57:21.995176,daily,B,confirmed
2025-11-19,dxy,100.23,index,Yahoo Finance,https://finance.yahoo.com/quote/DX-Y.NYB,2026-08-26T09:57:21.995712,daily,B,confirmed
2025-11-20,dxy,100.16,index,Yahoo Finance,https://finance.yahoo.com/quote/DX-Y.NYB,2026-08-26T09:57:21.995712,daily,B,confirmed
2025-11-21,dxy,100.18,index,Yahoo Finance,https://finance.yahoo.com/quote/DX-Y.NYB,2026-08-26T09:57:21.995712,daily,B,confirmed
2025-11-24,dxy,100.14,index,Yahoo Finance,https://finance.yahoo.com/quote/DX-Y.NYB,2026-08-26T09:57:21.995712,daily,B,confirmed
2025-11-25,dxy,99.66,index,Yahoo Finance,https://finance.yahoo.com/quote/DX-Y.NYB,2026-08-26T09:57:21.995712,daily,B,confirmed
2025-11-26,dxy,99.6,index,Yahoo Finance,https://finance.yahoo.com/quote/DX-Y.NYB,2026-08-26T09:57:21.995712,daily,B,confirmed
2025-11-28,dxy,99.46,index,Yahoo Finance,https://finance.yahoo.com/quote/DX-Y.NYB,2026-08-26T09:57:21.996250,daily,B,confirmed
2025-12-01,dxy,99.41,index,Yahoo Finance,https://finance.yahoo.com/quote/DX-Y.NYB,2026-08-26T09:57:21.996250,daily,B,confirmed
2025-12-02,dxy,99.36,index,Yahoo Finance,https://finance.yahoo.com/quote/DX-Y.NYB,2026-08-26T09:57:21.996250,daily,B,confirmed
2025-12-03,dxy,98.85,index,Yahoo Finance,https://finance.yahoo.com/quote/DX-Y.NYB,2026-08-26T09:57:21.996250,daily,B,confirmed
2025-12-04,dxy,98.99,index,Yahoo Finance,https://finance.yahoo.com/quote/DX-Y.NYB,2026-08-26T09:57:21.996250,daily,B,confirmed
2025-12-05,dxy,98.99,index,Yahoo Finance,https://finance.yahoo.com/quote/DX-Y.NYB,2026-08-26T09:57:21.996758,daily,B,confirmed
2025-12-08,dxy,99.09,index,Yahoo Finance,https://finance.yahoo.com/quote/DX-Y.NYB,2026-08-26T09:57:21.996791,daily,B,confirmed
2025-12-09,dxy,99.22,index,Yahoo Finance,https://finance.yahoo.com/quote/DX-Y.NYB,2026-08-26T09:57:21.996791,daily,B,confirmed
2025-12-10,dxy,98.79,index,Yahoo Finance,https://finance.yahoo.com/quote/DX-Y.NYB,2026-08-26T09:57:21.996791,daily,B,confirmed
2025-12-11,dxy,98.35,index,Yahoo Finance,https://finance.yahoo.com/quote/DX-Y.NYB,2026-08-26T09:57:21.996791,daily,B,confirmed
2025-12-12,dxy,98.4,index,Yahoo Finance,https://finance.yahoo.com/quote/DX-Y.NYB,2026-08-26T09:57:21.996791,daily,B,confirmed
2025-12-15,dxy,98.15,index,Yahoo Finance,https://finance.yahoo.com/quote/DX-Y.NYB,2026-08-26T09:57:21.997318,daily,B,confirmed
2025-12-16,dxy,98.15,index,Yahoo Finance,https://finance.yahoo.com/quote/DX-Y.NYB,2026-08-26T09:57:21.997318,daily,B,confirmed
2025-12-17,dxy,98.37,index,Yahoo Finance,https://finance.yahoo.com/quote/DX-Y.NYB,2026-08-26T09:57:21.997318,daily,B,confirmed
2025-12-18,dxy,98.43,index,Yahoo Finance,https://finance.yahoo.com/quote/DX-Y.NYB,2026-08-26T09:57:21.997318,daily,B,confirmed
2025-12-19,dxy,98.6,index,Yahoo Finance,https://finance.yahoo.com/quote/DX-Y.NYB,2026-08-26T09:57:21.997318,daily,B,confirmed
2025-12-22,dxy,98.29,index,Yahoo Finance,https://finance.yahoo.com/quote/DX-Y.NYB,2026-08-26T09:57:21.997318,daily,B,confirmed
2025-12-23,dxy,97.94,index,Yahoo Finance,https://finance.yahoo.com/quote/DX-Y.NYB,2026-08-26T09:57:21.997844,daily,B,confirmed
2025-12-24,dxy,97.98,index,Yahoo Finance,https://finance.yahoo.com/quote/DX-Y.NYB,2026-08-26T09:57:21.997844,daily,B,confirmed
2025-12-26,dxy,98.02,index,Yahoo Finance,https://finance.yahoo.com/quote/DX-Y.NYB,2026-08-26T09:57:21.997844,daily,B,confirmed
2025-12-29,dxy,98.04,index,Yahoo Finance,https://finance.yahoo.com/quote/DX-Y.NYB,2026-08-26T09:57:21.997844,daily,B,confirmed
2025-12-30,dxy,98.24,index,Yahoo Finance,https://finance.yahoo.com/quote/DX-Y.NYB,2026-08-26T09:57:21.997844,daily,B,confirmed
2025-12-31,dxy,98.28,index,Yahoo Finance,https://finance.yahoo.com/quote/DX-Y.NYB,2026-08-26T09:57:21.997844,daily,B,confirmed
2026-01-02,dxy,98.42,index,Yahoo Finance,https://finance.yahoo.com/quote/DX-Y.NYB,2026-08-26T09:57:21.998379,daily,B,confirmed
2026-01-05,dxy,98.27,index,Yahoo Finance,https://finance.yahoo.com/quote/DX-Y.NYB,2026-08-26T09:57:21.998379,daily,B,confirmed
2026-01-06,dxy,98.58,index,Yahoo Finance,https://finance.yahoo.com/quote/DX-Y.NYB,2026-08-26T09:57:21.998379,daily,B,confirmed
2026-01-07,dxy,98.68,index,Yahoo Finance,https://finance.yahoo.com/quote/DX-Y.NYB,2026-08-26T09:57:21.998379,daily,B,confirmed
2026-01-08,dxy,98.93,index,Yahoo Finance,https://finance.yahoo.com/quote/DX-Y.NYB,2026-08-26T09:57:21.998379,daily,B,confirmed
2026-01-09,dxy,99.13,index,Yahoo Finance,https://finance.yahoo.com/quote/DX-Y.NYB,2026-08-26T09:57:21.998379,daily,B,confirmed
2026-01-12,dxy,98.86,index,Yahoo Finance,https://finance.yahoo.com/quote/DX-Y.NYB,2026-08-26T09:57:21.998907,daily,B,confirmed
2026-01-13,dxy,99.13,index,Yahoo Finance,https://finance.yahoo.com/quote/DX-Y.NYB,2026-08-26T09:57:21.998907,daily,B,confirmed
2026-01-14,dxy,99.13,index,Yahoo Finance,https://finance.yahoo.com/quote/DX-Y.NYB,2026-08-26T09:57:21.998907,daily,B,confirmed
2026-01-15,dxy,99.32,index,Yahoo Finance,https://finance.yahoo.com/quote/DX-Y.NYB,2026-08-26T09:57:21.998907,daily,B,confirmed
2026-01-16,dxy,99.39,index,Yahoo Finance,https://finance.yahoo.com/quote/DX-Y.NYB,2026-08-26T09:57:21.998907,daily,B,confirmed
2026-01-20,dxy,98.64,index,Yahoo Finance,https://finance.yahoo.com/quote/DX-Y.NYB,2026-08-26T09:57:21.998907,daily,B,confirmed
2026-01-21,dxy,98.76,index,Yahoo Finance,https://finance.yahoo.com/quote/DX-Y.NYB,2026-08-26T09:57:21.999429,daily,B,confirmed
2026-01-22,dxy,98.36,index,Yahoo Finance,https://finance.yahoo.com/quote/DX-Y.NYB,2026-08-26T09:57:21.999429,daily,B,confirmed
2026-01-23,dxy,97.6,index,Yahoo Finance,https://finance.yahoo.com/quote/DX-Y.NYB,2026-08-26T09:57:21.999429,daily,B,confirmed
2026-01-26,dxy,97.04,index,Yahoo Finance,https://finance.yahoo.com/quote/DX-Y.NYB,2026-08-26T09:57:21.999429,daily,B,confirmed
2026-01-27,dxy,96.22,index,Yahoo Finance,https://finance.yahoo.com/quote/DX-Y.NYB,2026-08-26T09:57:21.999429,daily,B,confirmed
2026-01-28,dxy,96.45,index,Yahoo Finance,https://finance.yahoo.com/quote/DX-Y.NYB,2026-08-26T09:57:21.999936,daily,B,confirmed
2026-01-29,dxy,96.28,index,Yahoo Finance,https://finance.yahoo.com/quote/DX-Y.NYB,2026-08-26T09:57:21.999955,daily,B,confirmed
2026-01-30,dxy,96.99,index,Yahoo Finance,https://finance.yahoo.com/quote/DX-Y.NYB,2026-08-26T09:57:21.999955,daily,B,confirmed
2026-02-02,dxy,97.61,index,Yahoo Finance,https://finance.yahoo.com/quote/DX-Y.NYB,2026-08-26T09:57:21.999955,daily,B,confirmed
2026-02-03,dxy,97.44,index,Yahoo Finance,https://finance.yahoo.com/quote/DX-Y.NYB,2026-08-26T09:57:21.999955,daily,B,confirmed
2026-02-04,dxy,97.62,index,Yahoo Finance,https://finance.yahoo.com/quote/DX-Y.NYB,2026-08-26T09:57:21.999955,daily,B,confirmed
2026-02-05,dxy,97.82,index,Yahoo Finance,https://finance.yahoo.com/quote/DX-Y.NYB,2026-08-26T09:57:22.000495,daily,B,confirmed
2026-02-06,dxy,97.63,index,Yahoo Finance,https://finance.yahoo.com/quote/DX-Y.NYB,2026-08-26T09:57:22.000495,daily,B,confirmed
2026-02-09,dxy,96.82,index,Yahoo Finance,https://finance.yahoo.com/quote/DX-Y.NYB,2026-08-26T09:57:22.000495,daily,B,confirmed
2026-02-10,dxy,96.8,index,Yahoo Finance,https://finance.yahoo.com/quote/DX-Y.NYB,2026-08-26T09:57:22.000495,daily,B,confirmed
2026-02-11,dxy,96.83,index,Yahoo Finance,https://finance.yahoo.com/quote/DX-Y.NYB,2026-08-26T09:57:22.000495,daily,B,confirmed
2026-02-12,dxy,96.93,index,Yahoo Finance,https://finance.yahoo.com/quote/DX-Y.NYB,2026-08-26T09:57:22.000495,daily,B,confirmed
2026-02-13,dxy,96.88,index,Yahoo Finance,https://finance.yahoo.com/quote/DX-Y.NYB,2026-08-26T09:57:22.001025,daily,B,confirmed
2026-02-17,dxy,97.16,index,Yahoo Finance,https://finance.yahoo.com/quote/DX-Y.NYB,2026-08-26T09:57:22.001025,daily,B,confirmed
2026-02-18,dxy,97.7,index,Yahoo Finance,https://finance.yahoo.com/quote/DX-Y.NYB,2026-08-26T09:57:22.001025,daily,B,confirmed
2026-02-19,dxy,97.93,index,Yahoo Finance,https://finance.yahoo.com/quote/DX-Y.NYB,2026-08-26T09:57:22.001025,daily,B,confirmed
2026-02-20,dxy,97.8,index,Yahoo Finance,https://finance.yahoo.com/quote/DX-Y.NYB,2026-08-26T09:57:22.001025,daily,B,confirmed
2026-02-23,dxy,97.7,index,Yahoo Finance,https://finance.yahoo.com/quote/DX-Y.NYB,2026-08-26T09:57:22.001025,daily,B,confirmed
2026-02-24,dxy,97.88,index,Yahoo Finance,https://finance.yahoo.com/quote/DX-Y.NYB,2026-08-26T09:57:22.001564,daily,B,confirmed
2026-02-25,dxy,97.7,index,Yahoo Finance,https://finance.yahoo.com/quote/DX-Y.NYB,2026-08-26T09:57:22.001564,daily,B,confirmed
2026-02-26,dxy,97.79,index,Yahoo Finance,https://finance.yahoo.com/quote/DX-Y.NYB,2026-08-26T09:57:22.001564,daily,B,confirmed
2026-02-27,dxy,97.61,index,Yahoo Finance,https://finance.yahoo.com/quote/DX-Y.NYB,2026-08-26T09:57:22.001564,daily,B,confirmed
2026-03-02,dxy,98.38,index,Yahoo Finance,https://finance.yahoo.com/quote/DX-Y.NYB,2026-08-26T09:57:22.001564,daily,B,confirmed
2026-03-03,dxy,99.05,index,Yahoo Finance,https://finance.yahoo.com/quote/DX-Y.NYB,2026-08-26T09:57:22.001564,daily,B,confirmed
2026-03-04,dxy,98.77,index,Yahoo Finance,https://finance.yahoo.com/quote/DX-Y.NYB,2026-08-26T09:57:22.002101,daily,B,confirmed
2026-03-05,dxy,99.32,index,Yahoo Finance,https://finance.yahoo.com/quote/DX-Y.NYB,2026-08-26T09:57:22.002101,daily,B,confirmed
2026-03-06,dxy,98.99,index,Yahoo Finance,https://finance.yahoo.com/quote/DX-Y.NYB,2026-08-26T09:57:22.002101,daily,B,confirmed
2026-03-09,dxy,99.18,index,Yahoo Finance,https://finance.yahoo.com/quote/DX-Y.NYB,2026-08-26T09:57:22.002101,daily,B,confirmed
2026-03-10,dxy,98.83,index,Yahoo Finance,https://finance.yahoo.com/quote/DX-Y.NYB,2026-08-26T09:57:22.002101,daily,B,confirmed
2026-03-11,dxy,99.23,index,Yahoo Finance,https://finance.yahoo.com/quote/DX-Y.NYB,2026-08-26T09:57:22.002632,daily,B,confirmed
2026-03-12,dxy,99.74,index,Yahoo Finance,https://finance.yahoo.com/quote/DX-Y.NYB,2026-08-26T09:57:22.002632,daily,B,confirmed
2026-03-13,dxy,100.36,index,Yahoo Finance,https://finance.yahoo.com/quote/DX-Y.NYB,2026-08-26T09:57:22.002632,daily,B,confirmed
2026-03-16,dxy,99.71,index,Yahoo Finance,https://finance.yahoo.com/quote/DX-Y.NYB,2026-08-26T09:57:22.002632,daily,B,confirmed
2026-03-17,dxy,99.58,index,Yahoo Finance,https://finance.yahoo.com/quote/DX-Y.NYB,2026-08-26T09:57:22.002632,daily,B,confirmed
2026-03-18,dxy,100.09,index,Yahoo Finance,https://finance.yahoo.com/quote/DX-Y.NYB,2026-08-26T09:57:22.002632,daily,B,confirmed
2026-03-19,dxy,99.23,index,Yahoo Finance,https://finance.yahoo.com/quote/DX-Y.NYB,2026-08-26T09:57:22.003163,daily,B,confirmed
2026-03-20,dxy,99.65,index,Yahoo Finance,https://finance.yahoo.com/quote/DX-Y.NYB,2026-08-26T09:57:22.003163,daily,B,confirmed
2026-03-23,dxy,98.95,index,Yahoo Finance,https://finance.yahoo.com/quote/DX-Y.NYB,2026-08-26T09:57:22.003163,daily,B,confirmed
2026-03-24,dxy,99.43,index,Yahoo Finance,https://finance.yahoo.com/quote/DX-Y.NYB,2026-08-26T09:57:22.003163,daily,B,confirmed
2026-03-25,dxy,99.6,index,Yahoo Finance,https://finance.yahoo.com/quote/DX-Y.NYB,2026-08-26T09:57:22.003163,daily,B,confirmed
2026-03-26,dxy,99.9,index,Yahoo Finance,https://finance.yahoo.com/quote/DX-Y.NYB,2026-08-26T09:57:22.003163,daily,B,confirmed
2026-03-27,dxy,100.15,index,Yahoo Finance,https://finance.yahoo.com/quote/DX-Y.NYB,2026-08-26T09:57:22.003694,daily,B,confirmed
2026-03-30,dxy,100.51,index,Yahoo Finance,https://finance.yahoo.com/quote/DX-Y.NYB,2026-08-26T09:57:22.003694,daily,B,confirmed
2026-03-31,dxy,99.96,index,Yahoo Finance,https://finance.yahoo.com/quote/DX-Y.NYB,2026-08-26T09:57:22.003694,daily,B,confirmed
2026-04-01,dxy,99.65,index,Yahoo Finance,https://finance.yahoo.com/quote/DX-Y.NYB,2026-08-26T09:57:22.003694,daily,B,confirmed
2026-04-02,dxy,100.03,index,Yahoo Finance,https://finance.yahoo.com/quote/DX-Y.NYB,2026-08-26T09:57:22.003694,daily,B,confirmed
2026-04-06,dxy,99.98,index,Yahoo Finance,https://finance.yahoo.com/quote/DX-Y.NYB,2026-08-26T09:57:22.003694,daily,B,confirmed
2026-04-07,dxy,99.64,index,Yahoo Finance,https://finance.yahoo.com/quote/DX-Y.NYB,2026-08-26T09:57:22.004213,daily,B,confirmed
2026-04-08,dxy,99.13,index,Yahoo Finance,https://finance.yahoo.com/quote/DX-Y.NYB,2026-08-26T09:57:22.004213,daily,B,confirmed
2026-04-09,dxy,98.82,index,Yahoo Finance,https://finance.yahoo.com/quote/DX-Y.NYB,2026-08-26T09:57:22.004213,daily,B,confirmed
2026-04-10,dxy,98.65,index,Yahoo Finance,https://finance.yahoo.com/quote/DX-Y.NYB,2026-08-26T09:57:22.004213,daily,B,confirmed
2026-04-13,dxy,98.37,index,Yahoo Finance,https://finance.yahoo.com/quote/DX-Y.NYB,2026-08-26T09:57:22.004213,daily,B,confirmed
2026-04-14,dxy,98.12,index,Yahoo Finance,https://finance.yahoo.com/quote/DX-Y.NYB,2026-08-26T09:57:22.004213,daily,B,confirmed
2026-04-15,dxy,98.06,index,Yahoo Finance,https://finance.yahoo.com/quote/DX-Y.NYB,2026-08-26T09:57:22.004754,daily,B,confirmed
2026-04-16,dxy,98.22,index,Yahoo Finance,https://finance.yahoo.com/quote/DX-Y.NYB,2026-08-26T09:57:22.004754,daily,B,confirmed
2026-04-17,dxy,98.1,index,Yahoo Finance,https://finance.yahoo.com/quote/DX-Y.NYB,2026-08-26T09:57:22.004754,daily,B,confirmed
2026-04-20,dxy,98.05,index,Yahoo Finance,https://finance.yahoo.com/quote/DX-Y.NYB,2026-08-26T09:57:22.004754,daily,B,confirmed
2026-04-21,dxy,98.41,index,Yahoo Finance,https://finance.yahoo.com/quote/DX-Y.NYB,2026-08-26T09:57:22.004754,daily,B,confirmed
2026-04-22,dxy,98.59,index,Yahoo Finance,https://finance.yahoo.com/quote/DX-Y.NYB,2026-08-26T09:57:22.005261,daily,B,confirmed
2026-04-23,dxy,98.8,index,Yahoo Finance,https://finance.yahoo.com/quote/DX-Y.NYB,2026-08-26T09:57:22.005282,daily,B,confirmed
2026-04-24,dxy,98.51,index,Yahoo Finance,https://finance.yahoo.com/quote/DX-Y.NYB,2026-08-26T09:57:22.005282,daily,B,confirmed
2026-04-27,dxy,98.48,index,Yahoo Finance,https://finance.yahoo.com/quote/DX-Y.NYB,2026-08-26T09:57:22.005282,daily,B,confirmed
2026-04-28,dxy,98.62,index,Yahoo Finance,https://finance.yahoo.com/quote/DX-Y.NYB,2026-08-26T09:57:22.005282,daily,B,confirmed
2026-04-29,dxy,98.92,index,Yahoo Finance,https://finance.yahoo.com/quote/DX-Y.NYB,2026-08-26T09:57:22.005282,daily,B,confirmed
2026-04-30,dxy,98.08,index,Yahoo Finance,https://finance.yahoo.com/quote/DX-Y.NYB,2026-08-26T09:57:22.005801,daily,B,confirmed
2026-05-01,dxy,98.21,index,Yahoo Finance,https://finance.yahoo.com/quote/DX-Y.NYB,2026-08-26T09:57:22.005801,daily,B,confirmed
2026-05-04,dxy,98.47,index,Yahoo Finance,https://finance.yahoo.com/quote/DX-Y.NYB,2026-08-26T09:57:22.005801,daily,B,confirmed
2026-05-05,dxy,98.48,index,Yahoo Finance,https://finance.yahoo.com/quote/DX-Y.NYB,2026-08-26T09:57:22.005801,daily,B,confirmed
2026-05-06,dxy,98.02,index,Yahoo Finance,https://finance.yahoo.com/quote/DX-Y.NYB,2026-08-26T09:57:22.005801,daily,B,confirmed
2026-05-07,dxy,98.25,index,Yahoo Finance,https://finance.yahoo.com/quote/DX-Y.NYB,2026-08-26T09:57:22.005801,daily,B,confirmed
2026-05-08,dxy,97.84,index,Yahoo Finance,https://finance.yahoo.com/quote/DX-Y.NYB,2026-08-26T09:57:22.005801,daily,B,confirmed
2026-05-11,dxy,97.94,index,Yahoo Finance,https://finance.yahoo.com/quote/DX-Y.NYB,2026-08-26T09:57:22.005801,daily,B,confirmed
2026-05-12,dxy,98.29,index,Yahoo Finance,https://finance.yahoo.com/quote/DX-Y.NYB,2026-08-26T09:57:22.005801,daily,B,confirmed
2026-05-13,dxy,98.48,index,Yahoo Finance,https://finance.yahoo.com/quote/DX-Y.NYB,2026-08-26T09:57:22.005801,daily,B,confirmed
2026-05-14,dxy,98.88,index,Yahoo Finance,https://finance.yahoo.com/quote/DX-Y.NYB,2026-08-26T09:57:22.005801,daily,B,confirmed
2026-05-15,dxy,99.27,index,Yahoo Finance,https://finance.yahoo.com/quote/DX-Y.NYB,2026-08-26T09:57:22.006801,daily,B,confirmed
2026-05-18,dxy,98.97,index,Yahoo Finance,https://finance.yahoo.com/quote/DX-Y.NYB,2026-08-26T09:57:22.006801,daily,B,confirmed
2026-05-19,dxy,99.3,index,Yahoo Finance,https://finance.yahoo.com/quote/DX-Y.NYB,2026-08-26T09:57:22.006801,daily,B,confirmed
2026-05-20,dxy,99.11,index,Yahoo Finance,https://finance.yahoo.com/quote/DX-Y.NYB,2026-08-26T09:57:22.006801,daily,B,confirmed
2026-05-21,dxy,99.19,index,Yahoo Finance,https://finance.yahoo.com/quote/DX-Y.NYB,2026-08-26T09:57:22.006801,daily,B,confirmed
2026-05-22,dxy,99.32,index,Yahoo Finance,https://finance.yahoo.com/quote/DX-Y.NYB,2026-08-26T09:57:22.006801,daily,B,confirmed
2026-05-26,dxy,99.17,index,Yahoo Finance,https://finance.yahoo.com/quote/DX-Y.NYB,2026-08-26T09:57:22.006801,daily,B,confirmed
2026-05-27,dxy,99.21,index,Yahoo Finance,https://finance.yahoo.com/quote/DX-Y.NYB,2026-08-26T09:57:22.006801,daily,B,confirmed
2026-05-28,dxy,99.02,index,Yahoo Finance,https://finance.yahoo.com/quote/DX-Y.NYB,2026-08-26T09:57:22.006801,daily,B,confirmed
2026-05-29,dxy,98.91,index,Yahoo Finance,https://finance.yahoo.com/quote/DX-Y.NYB,2026-08-26T09:57:22.006801,daily,B,confirmed
2026-06-01,dxy,99.2,index,Yahoo Finance,https://finance.yahoo.com/quote/DX-Y.NYB,2026-08-26T09:57:22.006801,daily,B,confirmed
2026-06-02,dxy,99.22,index,Yahoo Finance,https://finance.yahoo.com/quote/DX-Y.NYB,2026-08-26T09:57:22.007802,daily,B,confirmed
2026-06-03,dxy,99.53,index,Yahoo Finance,https://finance.yahoo.com/quote/DX-Y.NYB,2026-08-26T09:57:22.007802,daily,B,confirmed
2026-06-04,dxy,99.41,index,Yahoo Finance,https://finance.yahoo.com/quote/DX-Y.NYB,2026-08-26T09:57:22.007802,daily,B,confirmed
2026-06-05,dxy,100.07,index,Yahoo Finance,https://finance.yahoo.com/quote/DX-Y.NYB,2026-08-26T09:57:22.007802,daily,B,confirmed
2026-06-08,dxy,100.05,index,Yahoo Finance,https://finance.yahoo.com/quote/DX-Y.NYB,2026-08-26T09:57:22.007802,daily,B,confirmed
2026-06-09,dxy,99.91,index,Yahoo Finance,https://finance.yahoo.com/quote/DX-Y.NYB,2026-08-26T09:57:22.007802,daily,B,confirmed
2026-06-10,dxy,99.95,index,Yahoo Finance,https://finance.yahoo.com/quote/DX-Y.NYB,2026-08-26T09:57:22.007802,daily,B,confirmed
2026-06-11,dxy,99.86,index,Yahoo Finance,https://finance.yahoo.com/quote/DX-Y.NYB,2026-08-26T09:57:22.007802,daily,B,confirmed
2026-06-12,dxy,99.75,index,Yahoo Finance,https://finance.yahoo.com/quote/DX-Y.NYB,2026-08-26T09:57:22.007802,daily,B,confirmed
2026-06-15,dxy,99.63,index,Yahoo Finance,https://finance.yahoo.com/quote/DX-Y.NYB,2026-08-26T09:57:22.007802,daily,B,confirmed
2026-06-16,dxy,99.54,index,Yahoo Finance,https://finance.yahoo.com/quote/DX-Y.NYB,2026-08-26T09:57:22.007802,daily,B,confirmed
2026-06-17,dxy,100.09,index,Yahoo Finance,https://finance.yahoo.com/quote/DX-Y.NYB,2026-08-26T09:57:22.008798,daily,B,confirmed
2026-06-18,dxy,100.85,index,Yahoo Finance,https://finance.yahoo.com/quote/DX-Y.NYB,2026-08-26T09:57:22.008798,daily,B,confirmed
2026-06-22,dxy,101.02,index,Yahoo Finance,https://finance.yahoo.com/quote/DX-Y.NYB,2026-08-26T09:57:22.008798,daily,B,confirmed
2026-06-23,dxy,101.41,index,Yahoo Finance,https://finance.yahoo.com/quote/DX-Y.NYB,2026-08-26T09:57:22.008798,daily,B,confirmed
2026-06-24,dxy,101.61,index,Yahoo Finance,https://finance.yahoo.com/quote/DX-Y.NYB,2026-08-26T09:57:22.008798,daily,B,confirmed
2026-06-25,dxy,101.43,index,Yahoo Finance,https://finance.yahoo.com/quote/DX-Y.NYB,2026-08-26T09:57:22.008798,daily,B,confirmed
2026-06-26,dxy,101.36,index,Yahoo Finance,https://finance.yahoo.com/quote/DX-Y.NYB,2026-08-26T09:57:22.008798,daily,B,confirmed
2026-06-29,dxy,101.11,index,Yahoo Finance,https://finance.yahoo.com/quote/DX-Y.NYB,2026-08-26T09:57:22.008798,daily,B,confirmed
2026-06-30,dxy,101.19,index,Yahoo Finance,https://finance.yahoo.com/quote/DX-Y.NYB,2026-08-26T09:57:22.008798,daily,B,confirmed
2026-07-01,dxy,101.39,index,Yahoo Finance,https://finance.yahoo.com/quote/DX-Y.NYB,2026-08-26T09:57:22.008798,daily,B,confirmed
2026-07-02,dxy,100.86,index,Yahoo Finance,https://finance.yahoo.com/quote/DX-Y.NYB,2026-08-26T09:57:22.008798,daily,B,confirmed
2026-07-03,dxy,100.857,index,Yahoo Finance,https://finance.yahoo.com/quote/DX-Y.NYB,2026-07-05T00:03:03.194222,daily,B,confirmed
2026-07-05,dxy,100.962,index,Yahoo Finance,https://finance.yahoo.com/quote/DX-Y.NYB,2026-07-06T10:42:39.641407,daily,B,confirmed
2026-07-06,dxy,100.85,index,Yahoo Finance,https://finance.yahoo.com/quote/DX-Y.NYB,2026-08-26T09:57:22.009798,daily,B,confirmed
2026-07-07,dxy,101.14,index,Yahoo Finance,https://finance.yahoo.com/quote/DX-Y.NYB,2026-08-26T09:57:22.009798,daily,B,confirmed
2026-07-08,dxy,101.05,index,Yahoo Finance,https://finance.yahoo.com/quote/DX-Y.NYB,2026-08-26T09:57:22.009798,daily,B,confirmed
2026-07-09,dxy,100.94,index,Yahoo Finance,https://finance.yahoo.com/quote/DX-Y.NYB,2026-08-26T09:57:22.009798,daily,B,confirmed
2026-07-10,dxy,100.97,index,Yahoo Finance,https://finance.yahoo.com/quote/DX-Y.NYB,2026-08-26T09:57:22.009798,daily,B,confirmed
2026-07-12,dxy,101.177,index,Yahoo Finance,https://finance.yahoo.com/quote/DX-Y.NYB,2026-07-13T09:17:09.694279,daily,B,confirmed
2026-07-13,dxy,101.28,index,Yahoo Finance,https://finance.yahoo.com/quote/DX-Y.NYB,2026-08-26T09:57:22.009798,daily,B,confirmed
2026-07-14,dxy,100.94,index,Yahoo Finance,https://finance.yahoo.com/quote/DX-Y.NYB,2026-08-26T09:57:22.009798,daily,B,confirmed
2026-07-15,dxy,100.5,index,Yahoo Finance,https://finance.yahoo.com/quote/DX-Y.NYB,2026-08-26T09:57:22.009798,daily,B,confirmed
2026-07-16,dxy,100.73,index,Yahoo Finance,https://finance.yahoo.com/quote/DX-Y.NYB,2026-08-26T09:57:22.010800,daily,B,confirmed
2026-07-17,dxy,100.75,index,Yahoo Finance,https://finance.yahoo.com/quote/DX-Y.NYB,2026-08-26T09:57:22.010800,daily,B,confirmed
2026-07-19,dxy,100.85,index,Yahoo Finance,https://finance.yahoo.com/quote/DX-Y.NYB,2026-07-20T00:05:33.825551,daily,B,confirmed
2026-07-20,dxy,100.99,index,Yahoo Finance,https://finance.yahoo.com/quote/DX-Y.NYB,2026-08-26T09:57:22.010800,daily,B,confirmed
2026-07-21,dxy,101.18,index,Yahoo Finance,https://finance.yahoo.com/quote/DX-Y.NYB,2026-08-26T09:57:22.010800,daily,B,confirmed
2026-07-22,dxy,101.14,index,Yahoo Finance,https://finance.yahoo.com/quote/DX-Y.NYB,2026-08-26T09:57:22.010800,daily,B,confirmed
2026-07-23,dxy,101.43,index,Yahoo Finance,https://finance.yahoo.com/quote/DX-Y.NYB,2026-08-26T09:57:22.010800,daily,B,confirmed
2026-07-24,dxy,101.47,index,Yahoo Finance,https://finance.yahoo.com/quote/DX-Y.NYB,2026-08-26T09:57:22.010800,daily,B,confirmed
2026-07-26,dxy,101.292,index,Yahoo Finance,https://finance.yahoo.com/quote/DX-Y.NYB,2026-07-27T00:05:24.234493,daily,B,confirmed
2026-07-27,dxy,101.51,index,Yahoo Finance,https://finance.yahoo.com/quote/DX-Y.NYB,2026-08-26T09:57:22.010800,daily,B,confirmed
2026-07-28,dxy,101.38,index,Yahoo Finance,https://finance.yahoo.com/quote/DX-Y.NYB,2026-08-26T09:57:22.010800,daily,B,confirmed
2026-07-29,dxy,100.8,index,Yahoo Finance,https://finance.yahoo.com/quote/DX-Y.NYB,2026-08-26T09:57:22.010800,daily,B,confirmed
2026-07-30,dxy,100.01,index,Yahoo Finance,https://finance.yahoo.com/quote/DX-Y.NYB,2026-08-26T09:57:22.010800,daily,B,confirmed
2026-07-31,dxy,99.8,index,Yahoo Finance,https://finance.yahoo.com/quote/DX-Y.NYB,2026-08-26T09:57:22.011798,daily,B,confirmed
2026-08-02,dxy,99.711,index,Yahoo Finance,https://finance.yahoo.com/quote/DX-Y.NYB,2026-08-03T00:06:24.423391,daily,B,confirmed
2026-08-03,dxy,99.96,index,Yahoo Finance,https://finance.yahoo.com/quote/DX-Y.NYB,2026-08-26T09:57:22.011798,daily,B,confirmed
2026-08-04,dxy,99.89,index,Yahoo Finance,https://finance.yahoo.com/quote/DX-Y.NYB,2026-08-26T09:57:22.011798,daily,B,confirmed
2026-08-05,dxy,99.69,index,Yahoo Finance,https://finance.yahoo.com/quote/DX-Y.NYB,2026-08-26T09:57:22.011798,daily,B,confirmed
2026-08-06,dxy,99.97,index,Yahoo Finance,https://finance.yahoo.com/quote/DX-Y.NYB,2026-08-26T09:57:22.011798,daily,B,confirmed
2026-08-07,dxy,99.6,index,Yahoo Finance,https://finance.yahoo.com/quote/DX-Y.NYB,2026-08-26T09:57:22.011798,daily,B,confirmed
2026-08-09,dxy,99.633,index,Yahoo Finance,https://finance.yahoo.com/quote/DX-Y.NYB,2026-08-10T00:07:08.725981,daily,B,confirmed
2026-08-10,dxy,99.81,index,Yahoo Finance,https://finance.yahoo.com/quote/DX-Y.NYB,2026-08-26T09:57:22.011798,daily,B,confirmed
2026-08-11,dxy,99.82,index,Yahoo Finance,https://finance.yahoo.com/quote/DX-Y.NYB,2026-08-26T09:57:22.011798,daily,B,confirmed
2026-08-12,dxy,100.01,index,Yahoo Finance,https://finance.yahoo.com/quote/DX-Y.NYB,2026-08-26T09:57:22.011798,daily,B,confirmed
2026-08-13,dxy,99.96,index,Yahoo Finance,https://finance.yahoo.com/quote/DX-Y.NYB,2026-08-26T09:57:22.011798,daily,B,confirmed
2026-08-14,dxy,99.67,index,Yahoo Finance,https://finance.yahoo.com/quote/DX-Y.NYB,2026-08-26T09:57:22.011798,daily,B,confirmed
2026-08-16,dxy,99.601,index,Yahoo Finance,https://finance.yahoo.com/quote/DX-Y.NYB,2026-08-17T00:05:15.609835,daily,B,confirmed
2026-08-17,dxy,99.64,index,Yahoo Finance,https://finance.yahoo.com/quote/DX-Y.NYB,2026-08-26T09:57:22.012798,daily,B,confirmed
2026-08-18,dxy,99.65,index,Yahoo Finance,https://finance.yahoo.com/quote/DX-Y.NYB,2026-08-26T09:57:22.012798,daily,B,confirmed
2026-08-19,dxy,98.83,index,Yahoo Finance,https://finance.yahoo.com/quote/DX-Y.NYB,2026-08-26T09:57:22.012798,daily,B,confirmed
2026-08-20,dxy,98.9,index,Yahoo Finance,https://finance.yahoo.com/quote/DX-Y.NYB,2026-08-26T09:57:22.012798,daily,B,confirmed
2026-08-21,dxy,98.8,index,Yahoo Finance,https://finance.yahoo.com/quote/DX-Y.NYB,2026-08-26T09:57:22.012798,daily,B,confirmed
2026-08-24,dxy,99.0,index,Yahoo Finance,https://finance.yahoo.com/quote/DX-Y.NYB,2026-08-26T09:57:22.012798,daily,B,confirmed
2026-08-25,dxy,98.933,index,Yahoo Finance,https://finance.yahoo.com/quote/DX-Y.NYB,2026-08-26T09:57:22.012798,daily,B,confirmed
2025-06-01,global_manufacturing_pmi,49.7,index,derived,,2026-07-06T10:42:56.797618,monthly,C,confirmed
2025-07-01,global_manufacturing_pmi,49.3,index,derived,,2026-08-05T00:04:40.272513,monthly,C,confirmed
2025-08-01,global_manufacturing_pmi,49.4,index,derived,,2026-08-26T09:57:47.351440,monthly,C,confirmed
2025-09-01,global_manufacturing_pmi,49.8,index,derived,,2026-08-26T09:57:47.351440,monthly,C,confirmed
2025-10-01,global_manufacturing_pmi,49.0,index,derived,,2026-08-26T09:57:47.351440,monthly,C,confirmed
2025-11-01,global_manufacturing_pmi,49.2,index,derived,,2026-08-26T09:57:47.351440,monthly,C,confirmed
2025-12-01,global_manufacturing_pmi,50.1,index,derived,,2026-08-26T09:57:47.351440,monthly,C,confirmed
2026-01-01,global_manufacturing_pmi,49.3,index,derived,,2026-08-26T09:57:47.351440,monthly,C,confirmed
2026-02-01,global_manufacturing_pmi,49.0,index,derived,,2026-08-26T09:57:47.351440,monthly,C,confirmed
2026-03-01,global_manufacturing_pmi,50.4,index,derived,,2026-08-26T09:57:47.351440,monthly,C,confirmed
2026-04-01,global_manufacturing_pmi,50.3,index,derived,,2026-08-26T09:57:47.351440,monthly,C,confirmed
2026-05-01,global_manufacturing_pmi,52.7,index,S&P Global,https://www.pmi.spglobal.com/Public/Home/PressRelease/99c4c5f2e4184a7697ccaccc514a9ca6,2026-08-26T09:57:47.353150,monthly,A,confirmed
2026-06-01,global_manufacturing_pmi,52.2,index,S&P Global,https://www.pmi.spglobal.com/Public/Home/PressRelease/6eecfeb4488e493ba0a1e397ec6aa74b,2026-08-26T09:57:47.353150,monthly,A,confirmed
2026-07-01,global_manufacturing_pmi,52.1,index,S&P Global,https://www.pmi.spglobal.com/,2026-08-26T09:57:47.353150,monthly,A,confirmed
2025-05-28,grid_investment,0.71,pct,东方财富-固定资产投资代理,https://data.eastmoney.com/cjsj/gdzctz.html,2026-07-02T02:41:17.952710,monthly,C,confirmed
2025-06-28,grid_investment,-1.18,pct,东方财富-固定资产投资代理,https://data.eastmoney.com/cjsj/gdzctz.html,2026-08-02T00:02:23.604884,monthly,C,confirmed
2025-07-28,grid_investment,-6.26,pct,东方财富-固定资产投资代理,https://data.eastmoney.com/cjsj/gdzctz.html,2026-08-26T09:57:40.484364,monthly,C,confirmed
2025-08-28,grid_investment,-9.32,pct,东方财富-固定资产投资代理,https://data.eastmoney.com/cjsj/gdzctz.html,2026-08-26T09:57:40.484364,monthly,C,confirmed
2025-09-28,grid_investment,-8.41,pct,东方财富-固定资产投资代理,https://data.eastmoney.com/cjsj/gdzctz.html,2026-08-26T09:57:40.484364,monthly,C,confirmed
2025-10-28,grid_investment,-15.52,pct,东方财富-固定资产投资代理,https://data.eastmoney.com/cjsj/gdzctz.html,2026-08-26T09:57:40.484364,monthly,C,confirmed
2025-11-28,grid_investment,-17.59,pct,东方财富-固定资产投资代理,https://data.eastmoney.com/cjsj/gdzctz.html,2026-08-26T09:57:40.484364,monthly,C,confirmed
2025-12-28,grid_investment,-15.21,pct,东方财富-固定资产投资代理,https://data.eastmoney.com/cjsj/gdzctz.html,2026-08-26T09:57:40.483365,monthly,C,confirmed
2026-01-01,grid_investment,5.3,pct,国家能源局,,2026-08-26T09:57:47.353150,monthly,A,confirmed
2026-02-01,grid_investment,6.1,pct,国家能源局,,2026-08-26T09:57:47.353150,monthly,A,confirmed
2026-03-01,grid_investment,6.6,pct,国家能源局,,2026-08-26T09:57:47.353150,monthly,A,confirmed
2026-04-01,grid_investment,5.5,pct,国家能源局,,2026-08-26T09:57:47.353150,monthly,A,confirmed
2026-05-01,grid_investment,5.2,pct,国家能源局,,2026-08-26T09:57:47.353150,monthly,A,confirmed
2026-06-28,grid_investment,-15.6,pct,东方财富-固定资产投资代理,https://data.eastmoney.com/cjsj/gdzctz.html,2026-08-26T09:57:40.483365,monthly,C,confirmed
2026-07-28,grid_investment,-14.19,pct,东方财富-固定资产投资代理,https://data.eastmoney.com/cjsj/gdzctz.html,2026-08-26T09:57:40.483365,monthly,C,confirmed
2026-01-01,grid_investment_amount,189.0,CNY_100m,国家能源局,,2026-08-26T09:57:47.353800,monthly,A,confirmed
2026-02-01,grid_investment_amount,381.0,CNY_100m,国家能源局,,2026-08-26T09:57:47.353800,monthly,A,confirmed
2026-03-01,grid_investment_amount,592.0,CNY_100m,国家能源局,,2026-08-26T09:57:47.353800,monthly,A,confirmed
2026-04-01,grid_investment_amount,757.0,CNY_100m,国家能源局,,2026-08-26T09:57:47.353800,monthly,A,confirmed
2026-05-01,grid_investment_amount,922.0,CNY_100m,国家能源局,,2026-08-26T09:57:47.353800,monthly,A,confirmed
2026-01-01,grid_investment_monthly_amount,189.0,CNY_100m,国家能源局,,2026-08-26T09:57:47.353800,monthly,A,confirmed
2026-02-01,grid_investment_monthly_amount,192.0,CNY_100m,国家能源局,,2026-08-26T09:57:47.353800,monthly,A,confirmed
2026-03-01,grid_investment_monthly_amount,211.0,CNY_100m,国家能源局,,2026-08-26T09:57:47.353800,monthly,A,confirmed
2026-04-01,grid_investment_monthly_amount,165.0,CNY_100m,国家能源局,,2026-08-26T09:57:47.353800,monthly,A,confirmed
2026-05-01,grid_investment_monthly_amount,165.0,CNY_100m,国家能源局,,2026-08-26T09:57:47.353800,monthly,A,confirmed
2026-06-29,grid_project_new_starts,13.0,count,国家电网,,2026-08-26T09:57:47.353800,annual_plan,B,confirmed
2026-06-29,grid_tender_value,232.76,CNY_100m,国家电网,,2026-08-26T09:57:47.353800,batch,B,confirmed
2023-05-01,korea_exports_yoy,-13.7287,pct,FRED,https://fred.stlouisfed.org/series/XTEXVA01KRM667S,2026-08-17T00:05:42.134172,monthly,B,confirmed
2023-06-01,korea_exports_yoy,-8.0316,pct,FRED,https://fred.stlouisfed.org/series/XTEXVA01KRM667S,2026-08-17T00:05:42.134247,monthly,B,confirmed
2023-07-01,korea_exports_yoy,-14.3229,pct,FRED,https://fred.stlouisfed.org/series/XTEXVA01KRM667S,2026-08-22T00:05:33.968791,monthly,B,confirmed
2023-08-01,korea_exports_yoy,-9.7536,pct,FRED,https://fred.stlouisfed.org/series/XTEXVA01KRM667S,2026-08-22T00:05:33.968869,monthly,B,confirmed
2023-09-01,korea_exports_yoy,-3.8221,pct,FRED,https://fred.stlouisfed.org/series/XTEXVA01KRM667S,2026-08-22T00:05:33.968919,monthly,B,confirmed
2023-10-01,korea_exports_yoy,4.6599,pct,FRED,https://fred.stlouisfed.org/series/XTEXVA01KRM667S,2026-08-22T00:05:33.968965,monthly,B,confirmed
2023-11-01,korea_exports_yoy,6.9869,pct,FRED,https://fred.stlouisfed.org/series/XTEXVA01KRM667S,2026-08-22T00:05:33.969009,monthly,B,confirmed
2023-12-01,korea_exports_yoy,5.6036,pct,FRED,https://fred.stlouisfed.org/series/XTEXVA01KRM667S,2026-08-22T00:05:33.969063,monthly,B,confirmed
2024-01-01,korea_exports_yoy,16.8579,pct,FRED,https://fred.stlouisfed.org/series/XTEXVA01KRM667S,2026-08-22T00:05:33.969107,monthly,B,confirmed
2024-02-01,korea_exports_yoy,5.1364,pct,FRED,https://fred.stlouisfed.org/series/XTEXVA01KRM667S,2026-08-22T00:05:33.969148,monthly,B,confirmed
2024-03-01,korea_exports_yoy,2.6275,pct,FRED,https://fred.stlouisfed.org/series/XTEXVA01KRM667S,2026-08-22T00:05:33.969190,monthly,B,confirmed
2024-04-01,korea_exports_yoy,14.1598,pct,FRED,https://fred.stlouisfed.org/series/XTEXVA01KRM667S,2026-08-22T00:05:33.969231,monthly,B,confirmed
2024-05-01,korea_exports_yoy,10.8621,pct,FRED,https://fred.stlouisfed.org/series/XTEXVA01KRM667S,2026-08-22T00:05:33.969272,monthly,B,confirmed
2024-06-01,korea_exports_yoy,6.2383,pct,FRED,https://fred.stlouisfed.org/series/XTEXVA01KRM667S,2026-08-22T00:05:33.969313,monthly,B,confirmed
2024-07-01,korea_exports_yoy,13.4761,pct,FRED,https://fred.stlouisfed.org/series/XTEXVA01KRM667S,2026-08-22T00:05:33.969354,monthly,B,confirmed
2024-08-01,korea_exports_yoy,10.7318,pct,FRED,https://fred.stlouisfed.org/series/XTEXVA01KRM667S,2026-08-26T09:57:41.717806,monthly,B,confirmed
2024-09-01,korea_exports_yoy,7.2924,pct,FRED,https://fred.stlouisfed.org/series/XTEXVA01KRM667S,2026-08-26T09:57:41.717806,monthly,B,confirmed
2024-10-01,korea_exports_yoy,3.6778,pct,FRED,https://fred.stlouisfed.org/series/XTEXVA01KRM667S,2026-08-26T09:57:41.717806,monthly,B,confirmed
2024-11-01,korea_exports_yoy,3.0168,pct,FRED,https://fred.stlouisfed.org/series/XTEXVA01KRM667S,2026-08-26T09:57:41.717806,monthly,B,confirmed
2024-12-01,korea_exports_yoy,3.9963,pct,FRED,https://fred.stlouisfed.org/series/XTEXVA01KRM667S,2026-08-26T09:57:41.717806,monthly,B,confirmed
2025-01-01,korea_exports_yoy,-7.9279,pct,FRED,https://fred.stlouisfed.org/series/XTEXVA01KRM667S,2026-08-26T09:57:41.718806,monthly,B,confirmed
2025-02-01,korea_exports_yoy,-1.284,pct,FRED,https://fred.stlouisfed.org/series/XTEXVA01KRM667S,2026-08-26T09:57:41.718806,monthly,B,confirmed
2025-03-01,korea_exports_yoy,4.2524,pct,FRED,https://fred.stlouisfed.org/series/XTEXVA01KRM667S,2026-08-26T09:57:41.718806,monthly,B,confirmed
2025-04-01,korea_exports_yoy,2.4122,pct,FRED,https://fred.stlouisfed.org/series/XTEXVA01KRM667S,2026-08-26T09:57:41.718806,monthly,B,confirmed
2025-05-01,korea_exports_yoy,-0.7033,pct,FRED,https://fred.stlouisfed.org/series/XTEXVA01KRM667S,2026-08-26T09:57:41.718806,monthly,B,confirmed
2025-06-01,korea_exports_yoy,4.4383,pct,FRED,https://fred.stlouisfed.org/series/XTEXVA01KRM667S,2026-08-26T09:57:41.718806,monthly,B,confirmed
2025-07-01,korea_exports_yoy,4.8994,pct,FRED,https://fred.stlouisfed.org/series/XTEXVA01KRM667S,2026-08-26T09:57:41.718806,monthly,B,confirmed
2025-08-01,korea_exports_yoy,2.3809,pct,FRED,https://fred.stlouisfed.org/series/XTEXVA01KRM667S,2026-08-26T09:57:41.718806,monthly,B,confirmed
2025-09-01,korea_exports_yoy,10.5162,pct,FRED,https://fred.stlouisfed.org/series/XTEXVA01KRM667S,2026-08-26T09:57:41.718806,monthly,B,confirmed
2025-10-01,korea_exports_yoy,5.2605,pct,FRED,https://fred.stlouisfed.org/series/XTEXVA01KRM667S,2026-08-26T09:57:41.718806,monthly,B,confirmed
2025-11-01,korea_exports_yoy,6.5676,pct,FRED,https://fred.stlouisfed.org/series/XTEXVA01KRM667S,2026-08-26T09:57:41.718806,monthly,B,confirmed
2025-12-01,korea_exports_yoy,14.3945,pct,FRED,https://fred.stlouisfed.org/series/XTEXVA01KRM667S,2026-08-26T09:57:41.719808,monthly,B,confirmed
2026-01-01,korea_exports_yoy,32.2889,pct,FRED,https://fred.stlouisfed.org/series/XTEXVA01KRM667S,2026-08-26T09:57:41.719808,monthly,B,confirmed
2026-02-01,korea_exports_yoy,30.881,pct,FRED,https://fred.stlouisfed.org/series/XTEXVA01KRM667S,2026-08-26T09:57:41.719808,monthly,B,confirmed
2026-04-01,korea_exports_yoy,48.5828,pct,FRED,https://fred.stlouisfed.org/series/XTEXVA01KRM667S,2026-08-26T09:57:41.719808,monthly,B,confirmed
2026-05-01,korea_exports_yoy,53.2,pct,韩国产业通商资源部,https://english.moef.go.kr/,2026-08-26T09:57:47.353800,monthly,A,confirmed
2026-06-01,korea_exports_yoy,70.9,pct,韩国产业通商资源部,https://english.moef.go.kr/,2026-08-26T09:57:47.353800,monthly,A,confirmed
2026-07-01,korea_exports_yoy,62.8,pct,韩国产业通商资源部,https://www.yna.co.kr/view/AKR20260801021151003,2026-08-26T09:57:47.353800,monthly,A,confirmed
2025-05-27,lme_copper_price,10383.7726,USD/ton,Yahoo Finance,https://finance.yahoo.com/quote/HG=F,2026-07-01T10:02:48.790217,daily,B,confirmed
2025-05-28,lme_copper_price,10238.2676,USD/ton,Yahoo Finance,https://finance.yahoo.com/quote/HG=F,2026-07-02T02:41:00.350985,daily,B,confirmed
2025-05-29,lme_copper_price,10259.2115,USD/ton,Yahoo Finance,https://finance.yahoo.com/quote/HG=F,2026-07-03T00:04:35.980422,daily,B,confirmed
2025-05-30,lme_copper_price,10257.0071,USD/ton,Yahoo Finance,https://finance.yahoo.com/quote/HG=F,2026-07-04T00:03:13.044263,daily,B,confirmed
2025-06-02,lme_copper_price,10658.2477,USD/ton,Yahoo Finance,https://finance.yahoo.com/quote/HG=F,2026-07-07T00:04:26.219435,daily,B,confirmed
2025-06-03,lme_copper_price,10603.133,USD/ton,Yahoo Finance,https://finance.yahoo.com/quote/HG=F,2026-07-08T00:01:38.911747,daily,B,confirmed
2025-06-04,lme_copper_price,10724.3868,USD/ton,Yahoo Finance,https://finance.yahoo.com/quote/HG=F,2026-07-09T00:03:12.467056,daily,B,confirmed
2025-06-05,lme_copper_price,10832.4129,USD/ton,Yahoo Finance,https://finance.yahoo.com/quote/HG=F,2026-07-10T00:02:59.181093,daily,B,confirmed
2025-06-06,lme_copper_price,10648.3271,USD/ton,Yahoo Finance,https://finance.yahoo.com/quote/HG=F,2026-07-11T00:04:21.535689,daily,B,confirmed
2025-06-09,lme_copper_price,10823.595,USD/ton,Yahoo Finance,https://finance.yahoo.com/quote/HG=F,2026-07-14T00:02:06.040413,daily,B,confirmed
2025-06-10,lme_copper_price,10767.3765,USD/ton,Yahoo Finance,https://finance.yahoo.com/quote/HG=F,2026-07-15T00:04:36.542208,daily,B,confirmed
2025-06-11,lme_copper_price,10584.3935,USD/ton,Yahoo Finance,https://finance.yahoo.com/quote/HG=F,2026-07-16T00:02:36.867966,daily,B,confirmed
2025-06-12,lme_copper_price,10629.5876,USD/ton,Yahoo Finance,https://finance.yahoo.com/quote/HG=F,2026-07-17T09:02:08.280444,daily,B,confirmed
2025-06-13,lme_copper_price,10588.8024,USD/ton,Yahoo Finance,https://finance.yahoo.com/quote/HG=F,2026-07-18T00:02:21.223144,daily,B,confirmed
2025-06-16,lme_copper_price,10640.6109,USD/ton,Yahoo Finance,https://finance.yahoo.com/quote/HG=F,2026-07-21T00:03:53.555988,daily,B,confirmed
2025-06-17,lme_copper_price,10583.2907,USD/ton,Yahoo Finance,https://finance.yahoo.com/quote/HG=F,2026-07-22T00:04:21.085452,daily,B,confirmed
2025-06-18,lme_copper_price,10681.3961,USD/ton,Yahoo Finance,https://finance.yahoo.com/quote/HG=F,2026-07-23T00:06:21.819571,daily,B,confirmed
2025-06-20,lme_copper_price,10639.5092,USD/ton,Yahoo Finance,https://finance.yahoo.com/quote/HG=F,2026-07-25T00:02:17.789757,daily,B,confirmed
2025-06-23,lme_copper_price,10676.9872,USD/ton,Yahoo Finance,https://finance.yahoo.com/quote/HG=F,2026-07-28T00:02:19.403234,daily,B,confirmed
2025-06-24,lme_copper_price,10729.8985,USD/ton,Yahoo Finance,https://finance.yahoo.com/quote/HG=F,2026-07-29T00:03:46.368399,daily,B,confirmed
2025-06-25,lme_copper_price,10831.3112,USD/ton,Yahoo Finance,https://finance.yahoo.com/quote/HG=F,2026-07-30T00:05:11.825910,daily,B,confirmed
2025-06-26,lme_copper_price,11167.5154,USD/ton,Yahoo Finance,https://finance.yahoo.com/quote/HG=F,2026-07-31T00:04:43.357963,daily,B,confirmed
2025-06-27,lme_copper_price,11174.1299,USD/ton,Yahoo Finance,https://finance.yahoo.com/quote/HG=F,2026-08-01T00:06:36.527883,daily,B,confirmed
2025-06-30,lme_copper_price,11089.2523,USD/ton,Yahoo Finance,https://finance.yahoo.com/quote/HG=F,2026-08-04T00:02:30.184649,daily,B,confirmed
2025-07-01,lme_copper_price,11128.9347,USD/ton,Yahoo Finance,https://finance.yahoo.com/quote/HG=F,2026-08-05T00:03:57.376480,daily,B,confirmed
2025-07-02,lme_copper_price,11351.6022,USD/ton,Yahoo Finance,https://finance.yahoo.com/quote/HG=F,2026-08-06T09:07:54.427512,daily,B,confirmed
2025-07-03,lme_copper_price,11236.9618,USD/ton,Yahoo Finance,https://finance.yahoo.com/quote/HG=F,2026-08-07T00:04:49.031868,daily,B,confirmed
2025-07-04,lme_copper_price,11063.8983,USD/ton,Yahoo Finance,https://finance.yahoo.com/quote/HG=F,2026-08-07T00:04:49.031946,daily,B,confirmed
2025-07-07,lme_copper_price,10988.9413,USD/ton,Yahoo Finance,https://finance.yahoo.com/quote/HG=F,2026-08-11T00:06:34.298804,daily,B,confirmed
2025-07-09,lme_copper_price,12000.8633,USD/ton,Yahoo Finance,https://finance.yahoo.com/quote/HG=F,2026-08-13T00:01:31.230969,daily,B,confirmed
2025-07-10,lme_copper_price,12231.246,USD/ton,Yahoo Finance,https://finance.yahoo.com/quote/HG=F,2026-08-14T00:02:46.965509,daily,B,confirmed
2025-07-11,lme_copper_price,12262.1106,USD/ton,Yahoo Finance,https://finance.yahoo.com/quote/HG=F,2026-08-15T00:02:48.930773,daily,B,confirmed
2025-07-14,lme_copper_price,12158.4935,USD/ton,Yahoo Finance,https://finance.yahoo.com/quote/HG=F,2026-08-18T00:02:54.420990,daily,B,confirmed
2025-07-15,lme_copper_price,12226.8371,USD/ton,Yahoo Finance,https://finance.yahoo.com/quote/HG=F,2026-08-18T00:02:54.421057,daily,B,confirmed
2025-07-16,lme_copper_price,12117.7083,USD/ton,Yahoo Finance,https://finance.yahoo.com/quote/HG=F,2026-08-20T00:02:47.671024,daily,B,confirmed
2025-07-17,lme_copper_price,12094.5598,USD/ton,Yahoo Finance,https://finance.yahoo.com/quote/HG=F,2026-08-21T00:03:11.305374,daily,B,confirmed
2025-07-18,lme_copper_price,12297.3851,USD/ton,Yahoo Finance,https://finance.yahoo.com/quote/HG=F,2026-08-22T00:05:12.532846,daily,B,confirmed
2025-07-21,lme_copper_price,12369.0349,USD/ton,Yahoo Finance,https://finance.yahoo.com/quote/HG=F,2026-08-22T00:05:12.532900,daily,B,confirmed
2025-07-22,lme_copper_price,12559.7351,USD/ton,Yahoo Finance,https://finance.yahoo.com/quote/HG=F,2026-08-26T09:57:21.822099,daily,B,confirmed
2025-07-23,lme_copper_price,12775.7883,USD/ton,Yahoo Finance,https://finance.yahoo.com/quote/HG=F,2026-08-26T09:57:21.822099,daily,B,confirmed
2025-07-24,lme_copper_price,12736.1048,USD/ton,Yahoo Finance,https://finance.yahoo.com/quote/HG=F,2026-08-26T09:57:21.822099,daily,B,confirmed
2025-07-25,lme_copper_price,12706.343,USD/ton,Yahoo Finance,https://finance.yahoo.com/quote/HG=F,2026-08-26T09:57:21.822099,daily,B,confirmed
2025-07-28,lme_copper_price,12334.8631,USD/ton,Yahoo Finance,https://finance.yahoo.com/quote/HG=F,2026-08-26T09:57:21.822099,daily,B,confirmed
2025-07-29,lme_copper_price,12353.6026,USD/ton,Yahoo Finance,https://finance.yahoo.com/quote/HG=F,2026-08-26T09:57:21.822099,daily,B,confirmed
2025-07-30,lme_copper_price,12279.7484,USD/ton,Yahoo Finance,https://finance.yahoo.com/quote/HG=F,2026-08-26T09:57:21.822099,daily,B,confirmed
2025-07-31,lme_copper_price,11324.1821,USD/ton,Yahoo Finance,https://finance.yahoo.com/quote/HG=F,2026-08-26T09:57:21.822099,daily,B,confirmed
2025-08-01,lme_copper_price,10528.7954,USD/ton,Yahoo Finance,https://finance.yahoo.com/quote/HG=F,2026-08-26T09:57:21.823099,daily,B,confirmed
2025-08-04,lme_copper_price,9733.4088,USD/ton,Yahoo Finance,https://finance.yahoo.com/quote/HG=F,2026-08-26T09:57:21.823099,daily,B,confirmed
2025-08-05,lme_copper_price,9620.9728,USD/ton,Yahoo Finance,https://finance.yahoo.com/quote/HG=F,2026-08-26T09:57:21.823099,daily,B,confirmed
2025-08-06,lme_copper_price,9680.4975,USD/ton,Yahoo Finance,https://finance.yahoo.com/quote/HG=F,2026-08-26T09:57:21.823099,daily,B,confirmed
2025-08-07,lme_copper_price,9652.9401,USD/ton,Yahoo Finance,https://finance.yahoo.com/quote/HG=F,2026-08-26T09:57:21.823099,daily,B,confirmed
2025-08-08,lme_copper_price,9822.6964,USD/ton,Yahoo Finance,https://finance.yahoo.com/quote/HG=F,2026-08-26T09:57:21.823099,daily,B,confirmed
2025-08-11,lme_copper_price,9752.1483,USD/ton,Yahoo Finance,https://finance.yahoo.com/quote/HG=F,2026-08-26T09:57:21.823099,daily,B,confirmed
2025-08-12,lme_copper_price,9939.5413,USD/ton,Yahoo Finance,https://finance.yahoo.com/quote/HG=F,2026-08-26T09:57:21.824100,daily,B,confirmed
2025-08-13,lme_copper_price,9881.1183,USD/ton,Yahoo Finance,https://finance.yahoo.com/quote/HG=F,2026-08-26T09:57:21.824100,daily,B,confirmed
2025-08-14,lme_copper_price,9842.5376,USD/ton,Yahoo Finance,https://finance.yahoo.com/quote/HG=F,2026-08-26T09:57:21.824100,daily,B,confirmed
2025-08-15,lme_copper_price,9872.3005,USD/ton,Yahoo Finance,https://finance.yahoo.com/quote/HG=F,2026-08-26T09:57:21.824100,daily,B,confirmed
2025-08-18,lme_copper_price,9826.0025,USD/ton,Yahoo Finance,https://finance.yahoo.com/quote/HG=F,2026-08-26T09:57:21.824100,daily,B,confirmed
2025-08-19,lme_copper_price,9720.181,USD/ton,Yahoo Finance,https://finance.yahoo.com/quote/HG=F,2026-08-26T09:57:21.824100,daily,B,confirmed
2025-08-20,lme_copper_price,9757.66,USD/ton,Yahoo Finance,https://finance.yahoo.com/quote/HG=F,2026-08-26T09:57:21.824100,daily,B,confirmed
2025-08-21,lme_copper_price,9769.7851,USD/ton,Yahoo Finance,https://finance.yahoo.com/quote/HG=F,2026-08-26T09:57:21.825099,daily,B,confirmed
2025-08-22,lme_copper_price,9805.0596,USD/ton,Yahoo Finance,https://finance.yahoo.com/quote/HG=F,2026-08-26T09:57:21.825099,daily,B,confirmed
2025-08-25,lme_copper_price,9846.9465,USD/ton,Yahoo Finance,https://finance.yahoo.com/quote/HG=F,2026-08-26T09:57:21.825099,daily,B,confirmed
2025-08-26,lme_copper_price,9811.673,USD/ton,Yahoo Finance,https://finance.yahoo.com/quote/HG=F,2026-08-26T09:57:21.825099,daily,B,confirmed
2025-08-27,lme_copper_price,9732.3071,USD/ton,Yahoo Finance,https://finance.yahoo.com/quote/HG=F,2026-08-26T09:57:21.825099,daily,B,confirmed
2025-08-28,lme_copper_price,9840.3331,USD/ton,Yahoo Finance,https://finance.yahoo.com/quote/HG=F,2026-08-26T09:57:21.825099,daily,B,confirmed
2025-08-29,lme_copper_price,9961.587,USD/ton,Yahoo Finance,https://finance.yahoo.com/quote/HG=F,2026-08-26T09:57:21.825099,daily,B,confirmed
2025-09-02,lme_copper_price,10074.023,USD/ton,Yahoo Finance,https://finance.yahoo.com/quote/HG=F,2026-08-26T09:57:21.825099,daily,B,confirmed
2025-09-03,lme_copper_price,10049.7718,USD/ton,Yahoo Finance,https://finance.yahoo.com/quote/HG=F,2026-08-26T09:57:21.826097,daily,B,confirmed
2025-09-04,lme_copper_price,9894.3461,USD/ton,Yahoo Finance,https://finance.yahoo.com/quote/HG=F,2026-08-26T09:57:21.826097,daily,B,confirmed
2025-09-05,lme_copper_price,9882.2211,USD/ton,Yahoo Finance,https://finance.yahoo.com/quote/HG=F,2026-08-26T09:57:21.826097,daily,B,confirmed
2025-09-08,lme_copper_price,9899.8578,USD/ton,Yahoo Finance,https://finance.yahoo.com/quote/HG=F,2026-08-26T09:57:21.826097,daily,B,confirmed
2025-09-09,lme_copper_price,9923.0063,USD/ton,Yahoo Finance,https://finance.yahoo.com/quote/HG=F,2026-08-26T09:57:21.826097,daily,B,confirmed
2025-09-10,lme_copper_price,10031.0333,USD/ton,Yahoo Finance,https://finance.yahoo.com/quote/HG=F,2026-08-26T09:57:21.826097,daily,B,confirmed
2025-09-11,lme_copper_price,10120.3199,USD/ton,Yahoo Finance,https://finance.yahoo.com/quote/HG=F,2026-08-26T09:57:21.827110,daily,B,confirmed
2025-09-12,lme_copper_price,10115.911,USD/ton,Yahoo Finance,https://finance.yahoo.com/quote/HG=F,2026-08-26T09:57:21.827110,daily,B,confirmed
2025-09-15,lme_copper_price,10263.6205,USD/ton,Yahoo Finance,https://finance.yahoo.com/quote/HG=F,2026-08-26T09:57:21.827110,daily,B,confirmed
2025-09-16,lme_copper_price,10214.0164,USD/ton,Yahoo Finance,https://finance.yahoo.com/quote/HG=F,2026-08-26T09:57:21.827110,daily,B,confirmed
2025-09-17,lme_copper_price,10077.3302,USD/ton,Yahoo Finance,https://finance.yahoo.com/quote/HG=F,2026-08-26T09:57:21.827110,daily,B,confirmed
2025-09-18,lme_copper_price,10011.1911,USD/ton,Yahoo Finance,https://finance.yahoo.com/quote/HG=F,2026-08-26T09:57:21.827110,daily,B,confirmed
2025-09-19,lme_copper_price,10072.9202,USD/ton,Yahoo Finance,https://finance.yahoo.com/quote/HG=F,2026-08-26T09:57:21.827110,daily,B,confirmed
2025-09-22,lme_copper_price,10081.7391,USD/ton,Yahoo Finance,https://finance.yahoo.com/quote/HG=F,2026-08-26T09:57:21.828100,daily,B,confirmed
2025-09-23,lme_copper_price,10107.092,USD/ton,Yahoo Finance,https://finance.yahoo.com/quote/HG=F,2026-08-26T09:57:21.828100,daily,B,confirmed
2025-09-24,lme_copper_price,10477.4691,USD/ton,Yahoo Finance,https://finance.yahoo.com/quote/HG=F,2026-08-26T09:57:21.828100,daily,B,confirmed
2025-09-25,lme_copper_price,10361.7259,USD/ton,Yahoo Finance,https://finance.yahoo.com/quote/HG=F,2026-08-26T09:57:21.828100,daily,B,confirmed
2025-09-26,lme_copper_price,10395.8977,USD/ton,Yahoo Finance,https://finance.yahoo.com/quote/HG=F,2026-08-26T09:57:21.828100,daily,B,confirmed
2025-09-29,lme_copper_price,10672.5783,USD/ton,Yahoo Finance,https://finance.yahoo.com/quote/HG=F,2026-08-26T09:57:21.828100,daily,B,confirmed
2025-09-30,lme_copper_price,10593.2113,USD/ton,Yahoo Finance,https://finance.yahoo.com/quote/HG=F,2026-08-26T09:57:21.828100,daily,B,confirmed
2025-10-01,lme_copper_price,10649.4299,USD/ton,Yahoo Finance,https://finance.yahoo.com/quote/HG=F,2026-08-26T09:57:21.828100,daily,B,confirmed
2025-10-02,lme_copper_price,10798.2411,USD/ton,Yahoo Finance,https://finance.yahoo.com/quote/HG=F,2026-08-26T09:57:21.829098,daily,B,confirmed
2025-10-03,lme_copper_price,11150.9814,USD/ton,Yahoo Finance,https://finance.yahoo.com/quote/HG=F,2026-08-26T09:57:21.829098,daily,B,confirmed
2025-10-06,lme_copper_price,10994.453,USD/ton,Yahoo Finance,https://finance.yahoo.com/quote/HG=F,2026-08-26T09:57:21.829098,daily,B,confirmed
2025-10-07,lme_copper_price,11128.9347,USD/ton,Yahoo Finance,https://finance.yahoo.com/quote/HG=F,2026-08-26T09:57:21.829098,daily,B,confirmed
2025-10-08,lme_copper_price,11124.5258,USD/ton,Yahoo Finance,https://finance.yahoo.com/quote/HG=F,2026-08-26T09:57:21.829098,daily,B,confirmed
2025-10-09,lme_copper_price,11189.5621,USD/ton,Yahoo Finance,https://finance.yahoo.com/quote/HG=F,2026-08-26T09:57:21.829098,daily,B,confirmed
2025-10-10,lme_copper_price,10689.1123,USD/ton,Yahoo Finance,https://finance.yahoo.com/quote/HG=F,2026-08-26T09:57:21.829098,daily,B,confirmed
2025-10-13,lme_copper_price,11244.6779,USD/ton,Yahoo Finance,https://finance.yahoo.com/quote/HG=F,2026-08-26T09:57:21.830097,daily,B,confirmed
2025-10-14,lme_copper_price,10980.1235,USD/ton,Yahoo Finance,https://finance.yahoo.com/quote/HG=F,2026-08-26T09:57:21.830097,daily,B,confirmed
2025-10-15,lme_copper_price,10961.3839,USD/ton,Yahoo Finance,https://finance.yahoo.com/quote/HG=F,2026-08-26T09:57:21.830097,daily,B,confirmed
2025-10-16,lme_copper_price,10930.5194,USD/ton,Yahoo Finance,https://finance.yahoo.com/quote/HG=F,2026-08-26T09:57:21.830097,daily,B,confirmed
2025-10-17,lme_copper_price,10872.0964,USD/ton,Yahoo Finance,https://finance.yahoo.com/quote/HG=F,2026-08-26T09:57:21.830097,daily,B,confirmed
2025-10-20,lme_copper_price,11018.7042,USD/ton,Yahoo Finance,https://finance.yahoo.com/quote/HG=F,2026-08-26T09:57:21.830097,daily,B,confirmed
2025-10-21,lme_copper_price,10868.7891,USD/ton,Yahoo Finance,https://finance.yahoo.com/quote/HG=F,2026-08-26T09:57:21.830097,daily,B,confirmed
2025-10-22,lme_copper_price,10937.1328,USD/ton,Yahoo Finance,https://finance.yahoo.com/quote/HG=F,2026-08-26T09:57:21.830097,daily,B,confirmed
2025-10-23,lme_copper_price,11203.8917,USD/ton,Yahoo Finance,https://finance.yahoo.com/quote/HG=F,2026-08-26T09:57:21.831097,daily,B,confirmed
2025-10-24,lme_copper_price,11229.2456,USD/ton,Yahoo Finance,https://finance.yahoo.com/quote/HG=F,2026-08-26T09:57:21.831097,daily,B,confirmed
2025-10-27,lme_copper_price,11332.8627,USD/ton,Yahoo Finance,https://finance.yahoo.com/quote/HG=F,2026-08-26T09:57:21.831097,daily,B,confirmed
2025-10-28,lme_copper_price,11332.8627,USD/ton,Yahoo Finance,https://finance.yahoo.com/quote/HG=F,2026-08-26T09:57:21.831097,daily,B,confirmed
2025-10-29,lme_copper_price,11537.8925,USD/ton,Yahoo Finance,https://finance.yahoo.com/quote/HG=F,2026-08-26T09:57:21.831097,daily,B,confirmed
2025-10-30,lme_copper_price,11195.0738,USD/ton,Yahoo Finance,https://finance.yahoo.com/quote/HG=F,2026-08-26T09:57:21.831097,daily,B,confirmed
2025-10-31,lme_copper_price,11167.5154,USD/ton,Yahoo Finance,https://finance.yahoo.com/quote/HG=F,2026-08-26T09:57:21.831097,daily,B,confirmed
2025-11-03,lme_copper_price,11126.7302,USD/ton,Yahoo Finance,https://finance.yahoo.com/quote/HG=F,2026-08-26T09:57:21.831097,daily,B,confirmed
2025-11-04,lme_copper_price,10859.9713,USD/ton,Yahoo Finance,https://finance.yahoo.com/quote/HG=F,2026-08-26T09:57:21.831097,daily,B,confirmed
2025-11-05,lme_copper_price,10941.5417,USD/ton,Yahoo Finance,https://finance.yahoo.com/quote/HG=F,2026-08-26T09:57:21.831097,daily,B,confirmed
2025-11-06,lme_copper_price,10902.9609,USD/ton,Yahoo Finance,https://finance.yahoo.com/quote/HG=F,2026-08-26T09:57:21.831097,daily,B,confirmed
2025-11-07,lme_copper_price,10886.427,USD/ton,Yahoo Finance,https://finance.yahoo.com/quote/HG=F,2026-08-26T09:57:21.832098,daily,B,confirmed
2025-11-10,lme_copper_price,11214.915,USD/ton,Yahoo Finance,https://finance.yahoo.com/quote/HG=F,2026-08-26T09:57:21.832098,daily,B,confirmed
2025-11-11,lme_copper_price,11130.0374,USD/ton,Yahoo Finance,https://finance.yahoo.com/quote/HG=F,2026-08-26T09:57:21.832098,daily,B,confirmed
2025-11-12,lme_copper_price,11220.4267,USD/ton,Yahoo Finance,https://finance.yahoo.com/quote/HG=F,2026-08-26T09:57:21.832098,daily,B,confirmed
2025-11-13,lme_copper_price,11216.0178,USD/ton,Yahoo Finance,https://finance.yahoo.com/quote/HG=F,2026-08-26T09:57:21.832098,daily,B,confirmed
2025-11-14,lme_copper_price,11132.2419,USD/ton,Yahoo Finance,https://finance.yahoo.com/quote/HG=F,2026-08-26T09:57:21.832098,daily,B,confirmed
2025-11-17,lme_copper_price,11023.1131,USD/ton,Yahoo Finance,https://finance.yahoo.com/quote/HG=F,2026-08-26T09:57:21.832098,daily,B,confirmed
2025-11-18,lme_copper_price,10940.44,USD/ton,Yahoo Finance,https://finance.yahoo.com/quote/HG=F,2026-08-26T09:57:21.832098,daily,B,confirmed
2025-11-19,lme_copper_price,11040.7499,USD/ton,Yahoo Finance,https://finance.yahoo.com/quote/HG=F,2026-08-26T09:57:21.832098,daily,B,confirmed
2025-11-20,lme_copper_price,10933.8255,USD/ton,Yahoo Finance,https://finance.yahoo.com/quote/HG=F,2026-08-26T09:57:21.832098,daily,B,confirmed
2025-11-21,lme_copper_price,11041.8526,USD/ton,Yahoo Finance,https://finance.yahoo.com/quote/HG=F,2026-08-26T09:57:21.832098,daily,B,confirmed
2025-11-24,lme_copper_price,10939.3372,USD/ton,Yahoo Finance,https://finance.yahoo.com/quote/HG=F,2026-08-26T09:57:21.833097,daily,B,confirmed
2025-11-25,lme_copper_price,11022.0104,USD/ton,Yahoo Finance,https://finance.yahoo.com/quote/HG=F,2026-08-26T09:57:21.833097,daily,B,confirmed
2025-11-26,lme_copper_price,11253.4958,USD/ton,Yahoo Finance,https://finance.yahoo.com/quote/HG=F,2026-08-26T09:57:21.833097,daily,B,confirmed
2025-11-28,lme_copper_price,11432.0709,USD/ton,Yahoo Finance,https://finance.yahoo.com/quote/HG=F,2026-08-26T09:57:21.833097,daily,B,confirmed
2025-12-01,lme_copper_price,11505.9252,USD/ton,Yahoo Finance,https://finance.yahoo.com/quote/HG=F,2026-08-26T09:57:21.833097,daily,B,confirmed
2025-12-02,lme_copper_price,11378.0569,USD/ton,Yahoo Finance,https://finance.yahoo.com/quote/HG=F,2026-08-26T09:57:21.833097,daily,B,confirmed
2025-12-03,lme_copper_price,11702.1371,USD/ton,Yahoo Finance,https://finance.yahoo.com/quote/HG=F,2026-08-26T09:57:21.833097,daily,B,confirmed
2025-12-04,lme_copper_price,11665.7608,USD/ton,Yahoo Finance,https://finance.yahoo.com/quote/HG=F,2026-08-26T09:57:21.833097,daily,B,confirmed
2025-12-05,lme_copper_price,11865.2789,USD/ton,Yahoo Finance,https://finance.yahoo.com/quote/HG=F,2026-08-26T09:57:21.833097,daily,B,confirmed
2025-12-08,lme_copper_price,11826.6982,USD/ton,Yahoo Finance,https://finance.yahoo.com/quote/HG=F,2026-08-26T09:57:21.833097,daily,B,confirmed
2025-12-09,lme_copper_price,11553.3248,USD/ton,Yahoo Finance,https://finance.yahoo.com/quote/HG=F,2026-08-26T09:57:21.833097,daily,B,confirmed
2025-12-10,lme_copper_price,11630.4862,USD/ton,Yahoo Finance,https://finance.yahoo.com/quote/HG=F,2026-08-26T09:57:21.834100,daily,B,confirmed
2025-12-11,lme_copper_price,11964.4871,USD/ton,Yahoo Finance,https://finance.yahoo.com/quote/HG=F,2026-08-26T09:57:21.834100,daily,B,confirmed
2025-12-12,lme_copper_price,11648.1241,USD/ton,Yahoo Finance,https://finance.yahoo.com/quote/HG=F,2026-08-26T09:57:21.834100,daily,B,confirmed
2025-12-15,lme_copper_price,11769.3779,USD/ton,Yahoo Finance,https://finance.yahoo.com/quote/HG=F,2026-08-26T09:57:21.834100,daily,B,confirmed
2025-12-16,lme_copper_price,11655.8402,USD/ton,Yahoo Finance,https://finance.yahoo.com/quote/HG=F,2026-08-26T09:57:21.834100,daily,B,confirmed
2025-12-17,lme_copper_price,11824.4937,USD/ton,Yahoo Finance,https://finance.yahoo.com/quote/HG=F,2026-08-26T09:57:21.834100,daily,B,confirmed
2025-12-18,lme_copper_price,11831.1071,USD/ton,Yahoo Finance,https://finance.yahoo.com/quote/HG=F,2026-08-26T09:57:21.834100,daily,B,confirmed
2025-12-19,lme_copper_price,11992.0444,USD/ton,Yahoo Finance,https://finance.yahoo.com/quote/HG=F,2026-08-26T09:57:21.834100,daily,B,confirmed
2025-12-22,lme_copper_price,11987.6355,USD/ton,Yahoo Finance,https://finance.yahoo.com/quote/HG=F,2026-08-26T09:57:21.834100,daily,B,confirmed
2025-12-23,lme_copper_price,12072.5131,USD/ton,Yahoo Finance,https://finance.yahoo.com/quote/HG=F,2026-08-26T09:57:21.834100,daily,B,confirmed
2025-12-24,lme_copper_price,12122.1172,USD/ton,Yahoo Finance,https://finance.yahoo.com/quote/HG=F,2026-08-26T09:57:21.834100,daily,B,confirmed
2025-12-26,lme_copper_price,12712.9563,USD/ton,Yahoo Finance,https://finance.yahoo.com/quote/HG=F,2026-08-26T09:57:21.835100,daily,B,confirmed
2025-12-29,lme_copper_price,12104.4804,USD/ton,Yahoo Finance,https://finance.yahoo.com/quote/HG=F,2026-08-26T09:57:21.835100,daily,B,confirmed
2025-12-30,lme_copper_price,12626.976,USD/ton,Yahoo Finance,https://finance.yahoo.com/quote/HG=F,2026-08-26T09:57:21.835100,daily,B,confirmed
2025-12-31,lme_copper_price,12412.0256,USD/ton,Yahoo Finance,https://finance.yahoo.com/quote/HG=F,2026-08-26T09:57:21.835100,daily,B,confirmed
2026-01-02,lme_copper_price,12434.0713,USD/ton,Yahoo Finance,https://finance.yahoo.com/quote/HG=F,2026-08-26T09:57:21.835100,daily,B,confirmed
2026-01-05,lme_copper_price,13061.2867,USD/ton,Yahoo Finance,https://finance.yahoo.com/quote/HG=F,2026-08-26T09:57:21.835100,daily,B,confirmed
2026-01-06,lme_copper_price,13250.8842,USD/ton,Yahoo Finance,https://finance.yahoo.com/quote/HG=F,2026-08-26T09:57:21.835100,daily,B,confirmed
2026-01-07,lme_copper_price,12806.6528,USD/ton,Yahoo Finance,https://finance.yahoo.com/quote/HG=F,2026-08-26T09:57:21.835100,daily,B,confirmed
2026-01-08,lme_copper_price,12668.8639,USD/ton,Yahoo Finance,https://finance.yahoo.com/quote/HG=F,2026-08-26T09:57:21.835100,daily,B,confirmed
2026-01-09,lme_copper_price,12909.1683,USD/ton,Yahoo Finance,https://finance.yahoo.com/quote/HG=F,2026-08-26T09:57:21.835100,daily,B,confirmed
2026-01-12,lme_copper_price,13194.6667,USD/ton,Yahoo Finance,https://finance.yahoo.com/quote/HG=F,2026-08-26T09:57:21.835100,daily,B,confirmed
2026-01-13,lme_copper_price,13161.5966,USD/ton,Yahoo Finance,https://finance.yahoo.com/quote/HG=F,2026-08-26T09:57:21.835100,daily,B,confirmed
2026-01-14,lme_copper_price,13247.5769,USD/ton,Yahoo Finance,https://finance.yahoo.com/quote/HG=F,2026-08-26T09:57:21.836099,daily,B,confirmed
2026-01-15,lme_copper_price,13113.0953,USD/ton,Yahoo Finance,https://finance.yahoo.com/quote/HG=F,2026-08-26T09:57:21.836099,daily,B,confirmed
2026-01-16,lme_copper_price,12761.4577,USD/ton,Yahoo Finance,https://finance.yahoo.com/quote/HG=F,2026-08-26T09:57:21.836099,daily,B,confirmed
2026-01-20,lme_copper_price,12727.2859,USD/ton,Yahoo Finance,https://finance.yahoo.com/quote/HG=F,2026-08-26T09:57:21.836099,daily,B,confirmed
2026-01-21,lme_copper_price,12631.3849,USD/ton,Yahoo Finance,https://finance.yahoo.com/quote/HG=F,2026-08-26T09:57:21.836099,daily,B,confirmed
2026-01-22,lme_copper_price,12660.045,USD/ton,Yahoo Finance,https://finance.yahoo.com/quote/HG=F,2026-08-26T09:57:21.836099,daily,B,confirmed
2026-01-23,lme_copper_price,13031.5238,USD/ton,Yahoo Finance,https://finance.yahoo.com/quote/HG=F,2026-08-26T09:57:21.836099,daily,B,confirmed
2026-01-26,lme_copper_price,13192.4622,USD/ton,Yahoo Finance,https://finance.yahoo.com/quote/HG=F,2026-08-26T09:57:21.836099,daily,B,confirmed
2026-01-27,lme_copper_price,12849.6425,USD/ton,Yahoo Finance,https://finance.yahoo.com/quote/HG=F,2026-08-26T09:57:21.836099,daily,B,confirmed
2026-01-28,lme_copper_price,12990.7386,USD/ton,Yahoo Finance,https://finance.yahoo.com/quote/HG=F,2026-08-26T09:57:21.836099,daily,B,confirmed
2026-01-29,lme_copper_price,13614.6468,USD/ton,Yahoo Finance,https://finance.yahoo.com/quote/HG=F,2026-08-26T09:57:21.836099,daily,B,confirmed
2026-01-30,lme_copper_price,13000.6592,USD/ton,Yahoo Finance,https://finance.yahoo.com/quote/HG=F,2026-08-26T09:57:21.837096,daily,B,confirmed
2026-02-02,lme_copper_price,12790.1178,USD/ton,Yahoo Finance,https://finance.yahoo.com/quote/HG=F,2026-08-26T09:57:21.837096,daily,B,confirmed
2026-02-03,lme_copper_price,13365.5246,USD/ton,Yahoo Finance,https://finance.yahoo.com/quote/HG=F,2026-08-26T09:57:21.837096,daily,B,confirmed
2026-02-04,lme_copper_price,12844.1319,USD/ton,Yahoo Finance,https://finance.yahoo.com/quote/HG=F,2026-08-26T09:57:21.837096,daily,B,confirmed
2026-02-05,lme_copper_price,12784.6061,USD/ton,Yahoo Finance,https://finance.yahoo.com/quote/HG=F,2026-08-26T09:57:21.837096,daily,B,confirmed
2026-02-06,lme_copper_price,12926.805,USD/ton,Yahoo Finance,https://finance.yahoo.com/quote/HG=F,2026-08-26T09:57:21.837096,daily,B,confirmed
2026-02-09,lme_copper_price,13106.4819,USD/ton,Yahoo Finance,https://finance.yahoo.com/quote/HG=F,2026-08-26T09:57:21.837096,daily,B,confirmed
2026-02-10,lme_copper_price,12998.4548,USD/ton,Yahoo Finance,https://finance.yahoo.com/quote/HG=F,2026-08-26T09:57:21.837096,daily,B,confirmed
2026-02-11,lme_copper_price,13115.2997,USD/ton,Yahoo Finance,https://finance.yahoo.com/quote/HG=F,2026-08-26T09:57:21.837096,daily,B,confirmed
2026-02-12,lme_copper_price,12722.8769,USD/ton,Yahoo Finance,https://finance.yahoo.com/quote/HG=F,2026-08-26T09:57:21.837096,daily,B,confirmed
2026-02-13,lme_copper_price,12770.2766,USD/ton,Yahoo Finance,https://finance.yahoo.com/quote/HG=F,2026-08-26T09:57:21.837096,daily,B,confirmed
2026-02-17,lme_copper_price,12418.639,USD/ton,Yahoo Finance,https://finance.yahoo.com/quote/HG=F,2026-08-26T09:57:21.838097,daily,B,confirmed
2026-02-18,lme_copper_price,12772.481,USD/ton,Yahoo Finance,https://finance.yahoo.com/quote/HG=F,2026-08-26T09:57:21.838097,daily,B,confirmed
2026-02-19,lme_copper_price,12632.4877,USD/ton,Yahoo Finance,https://finance.yahoo.com/quote/HG=F,2026-08-26T09:57:21.838097,daily,B,confirmed
2026-02-20,lme_copper_price,12855.1542,USD/ton,Yahoo Finance,https://finance.yahoo.com/quote/HG=F,2026-08-26T09:57:21.838097,daily,B,confirmed
2026-02-23,lme_copper_price,12727.2859,USD/ton,Yahoo Finance,https://finance.yahoo.com/quote/HG=F,2026-08-26T09:57:21.838097,daily,B,confirmed
2026-02-24,lme_copper_price,13057.9795,USD/ton,Yahoo Finance,https://finance.yahoo.com/quote/HG=F,2026-08-26T09:57:21.838097,daily,B,confirmed
2026-02-25,lme_copper_price,13182.5406,USD/ton,Yahoo Finance,https://finance.yahoo.com/quote/HG=F,2026-08-26T09:57:21.838097,daily,B,confirmed
2026-02-26,lme_copper_price,13110.8908,USD/ton,Yahoo Finance,https://finance.yahoo.com/quote/HG=F,2026-08-26T09:57:21.838097,daily,B,confirmed
2026-02-27,lme_copper_price,13237.6563,USD/ton,Yahoo Finance,https://finance.yahoo.com/quote/HG=F,2026-08-26T09:57:21.839096,daily,B,confirmed
2026-03-02,lme_copper_price,12995.1476,USD/ton,Yahoo Finance,https://finance.yahoo.com/quote/HG=F,2026-08-26T09:57:21.839096,daily,B,confirmed
2026-03-03,lme_copper_price,12728.3886,USD/ton,Yahoo Finance,https://finance.yahoo.com/quote/HG=F,2026-08-26T09:57:21.839096,daily,B,confirmed
2026-03-04,lme_copper_price,12908.0655,USD/ton,Yahoo Finance,https://finance.yahoo.com/quote/HG=F,2026-08-26T09:57:21.839096,daily,B,confirmed
2026-03-05,lme_copper_price,12683.1935,USD/ton,Yahoo Finance,https://finance.yahoo.com/quote/HG=F,2026-08-26T09:57:21.839096,daily,B,confirmed
2026-03-06,lme_copper_price,12692.0124,USD/ton,Yahoo Finance,https://finance.yahoo.com/quote/HG=F,2026-08-26T09:57:21.839096,daily,B,confirmed
2026-03-09,lme_copper_price,12787.9133,USD/ton,Yahoo Finance,https://finance.yahoo.com/quote/HG=F,2026-08-26T09:57:21.839096,daily,B,confirmed
2026-03-10,lme_copper_price,13016.0915,USD/ton,Yahoo Finance,https://finance.yahoo.com/quote/HG=F,2026-08-26T09:57:21.839096,daily,B,confirmed
2026-03-11,lme_copper_price,12887.1215,USD/ton,Yahoo Finance,https://finance.yahoo.com/quote/HG=F,2026-08-26T09:57:21.839096,daily,B,confirmed
2026-03-12,lme_copper_price,12840.8246,USD/ton,Yahoo Finance,https://finance.yahoo.com/quote/HG=F,2026-08-26T09:57:21.839096,daily,B,confirmed
2026-03-13,lme_copper_price,12598.3159,USD/ton,Yahoo Finance,https://finance.yahoo.com/quote/HG=F,2026-08-26T09:57:21.840097,daily,B,confirmed
2026-03-16,lme_copper_price,12765.8677,USD/ton,Yahoo Finance,https://finance.yahoo.com/quote/HG=F,2026-08-26T09:57:21.840097,daily,B,confirmed
2026-03-17,lme_copper_price,12624.7715,USD/ton,Yahoo Finance,https://finance.yahoo.com/quote/HG=F,2026-08-26T09:57:21.840097,daily,B,confirmed
2026-03-18,lme_copper_price,12244.4738,USD/ton,Yahoo Finance,https://finance.yahoo.com/quote/HG=F,2026-08-26T09:57:21.840097,daily,B,confirmed
2026-03-19,lme_copper_price,11977.7149,USD/ton,Yahoo Finance,https://finance.yahoo.com/quote/HG=F,2026-08-26T09:57:21.841101,daily,B,confirmed
2026-03-20,lme_copper_price,11778.1968,USD/ton,Yahoo Finance,https://finance.yahoo.com/quote/HG=F,2026-08-26T09:57:21.841101,daily,B,confirmed
2026-03-23,lme_copper_price,11992.0444,USD/ton,Yahoo Finance,https://finance.yahoo.com/quote/HG=F,2026-08-26T09:57:21.841101,daily,B,confirmed
2026-03-24,lme_copper_price,11954.5665,USD/ton,Yahoo Finance,https://finance.yahoo.com/quote/HG=F,2026-08-26T09:57:21.841101,daily,B,confirmed
2026-03-25,lme_copper_price,12189.358,USD/ton,Yahoo Finance,https://finance.yahoo.com/quote/HG=F,2026-08-26T09:57:21.841101,daily,B,confirmed
2026-03-26,lme_copper_price,12007.4767,USD/ton,Yahoo Finance,https://finance.yahoo.com/quote/HG=F,2026-08-26T09:57:21.841101,daily,B,confirmed
2026-03-27,lme_copper_price,12052.6719,USD/ton,Yahoo Finance,https://finance.yahoo.com/quote/HG=F,2026-08-26T09:57:21.841101,daily,B,confirmed
2026-03-30,lme_copper_price,12072.5131,USD/ton,Yahoo Finance,https://finance.yahoo.com/quote/HG=F,2026-08-26T09:57:21.841101,daily,B,confirmed
2026-03-31,lme_copper_price,12318.3291,USD/ton,Yahoo Finance,https://finance.yahoo.com/quote/HG=F,2026-08-26T09:57:21.842100,daily,B,confirmed
2026-04-01,lme_copper_price,12398.7978,USD/ton,Yahoo Finance,https://finance.yahoo.com/quote/HG=F,2026-08-26T09:57:21.842100,daily,B,confirmed
2026-04-02,lme_copper_price,12264.3161,USD/ton,Yahoo Finance,https://finance.yahoo.com/quote/HG=F,2026-08-26T09:57:21.842100,daily,B,confirmed
2026-04-06,lme_copper_price,12309.5102,USD/ton,Yahoo Finance,https://finance.yahoo.com/quote/HG=F,2026-08-26T09:57:21.842100,daily,B,confirmed
2026-04-07,lme_copper_price,12223.5298,USD/ton,Yahoo Finance,https://finance.yahoo.com/quote/HG=F,2026-08-26T09:57:21.842100,daily,B,confirmed
2026-04-08,lme_copper_price,12697.524,USD/ton,Yahoo Finance,https://finance.yahoo.com/quote/HG=F,2026-08-26T09:57:21.842100,daily,B,confirmed
2026-04-09,lme_copper_price,12672.1711,USD/ton,Yahoo Finance,https://finance.yahoo.com/quote/HG=F,2026-08-26T09:57:21.842100,daily,B,confirmed
2026-04-10,lme_copper_price,12942.2373,USD/ton,Yahoo Finance,https://finance.yahoo.com/quote/HG=F,2026-08-26T09:57:21.842100,daily,B,confirmed
2026-04-13,lme_copper_price,13174.8244,USD/ton,Yahoo Finance,https://finance.yahoo.com/quote/HG=F,2026-08-26T09:57:21.842100,daily,B,confirmed
2026-04-14,lme_copper_price,13383.1614,USD/ton,Yahoo Finance,https://finance.yahoo.com/quote/HG=F,2026-08-26T09:57:21.842100,daily,B,confirmed
2026-04-15,lme_copper_price,13386.4686,USD/ton,Yahoo Finance,https://finance.yahoo.com/quote/HG=F,2026-08-26T09:57:21.842100,daily,B,confirmed
2026-04-16,lme_copper_price,13374.3435,USD/ton,Yahoo Finance,https://finance.yahoo.com/quote/HG=F,2026-08-26T09:57:21.843099,daily,B,confirmed
2026-04-17,lme_copper_price,13455.9139,USD/ton,Yahoo Finance,https://finance.yahoo.com/quote/HG=F,2026-08-26T09:57:21.843099,daily,B,confirmed
2026-04-20,lme_copper_price,13307.1016,USD/ton,Yahoo Finance,https://finance.yahoo.com/quote/HG=F,2026-08-26T09:57:21.843099,daily,B,confirmed
2026-04-21,lme_copper_price,13231.043,USD/ton,Yahoo Finance,https://finance.yahoo.com/quote/HG=F,2026-08-26T09:57:21.843099,daily,B,confirmed
2026-04-22,lme_copper_price,13492.2902,USD/ton,Yahoo Finance,https://finance.yahoo.com/quote/HG=F,2026-08-26T09:57:21.843099,daily,B,confirmed
2026-04-23,lme_copper_price,13394.1848,USD/ton,Yahoo Finance,https://finance.yahoo.com/quote/HG=F,2026-08-26T09:57:21.843099,daily,B,confirmed
2026-04-24,lme_copper_price,13279.5443,USD/ton,Yahoo Finance,https://finance.yahoo.com/quote/HG=F,2026-08-26T09:57:21.843099,daily,B,confirmed
2026-04-27,lme_copper_price,13267.4192,USD/ton,Yahoo Finance,https://finance.yahoo.com/quote/HG=F,2026-08-26T09:57:21.843099,daily,B,confirmed
2026-04-28,lme_copper_price,13039.241,USD/ton,Yahoo Finance,https://finance.yahoo.com/quote/HG=F,2026-08-26T09:57:21.843099,daily,B,confirmed
2026-04-29,lme_copper_price,12959.874,USD/ton,Yahoo Finance,https://finance.yahoo.com/quote/HG=F,2026-08-26T09:57:21.843099,daily,B,confirmed
2026-04-30,lme_copper_price,13064.5939,USD/ton,Yahoo Finance,https://finance.yahoo.com/quote/HG=F,2026-08-26T09:57:21.844100,daily,B,confirmed
2026-05-01,lme_copper_price,13077.8217,USD/ton,Yahoo Finance,https://finance.yahoo.com/quote/HG=F,2026-08-26T09:57:21.844100,daily,B,confirmed
2026-05-04,lme_copper_price,12775.7883,USD/ton,Yahoo Finance,https://finance.yahoo.com/quote/HG=F,2026-08-26T09:57:21.844100,daily,B,confirmed
2026-05-05,lme_copper_price,13102.0719,USD/ton,Yahoo Finance,https://finance.yahoo.com/quote/HG=F,2026-08-26T09:57:21.844100,daily,B,confirmed
2026-05-06,lme_copper_price,13528.6665,USD/ton,Yahoo Finance,https://finance.yahoo.com/quote/HG=F,2026-08-26T09:57:21.844100,daily,B,confirmed
2026-05-07,lme_copper_price,13508.8252,USD/ton,Yahoo Finance,https://finance.yahoo.com/quote/HG=F,2026-08-26T09:57:21.844100,daily,B,confirmed
2026-05-08,lme_copper_price,13776.6869,USD/ton,Yahoo Finance,https://finance.yahoo.com/quote/HG=F,2026-08-26T09:57:21.844100,daily,B,confirmed
2026-05-11,lme_copper_price,14139.3468,USD/ton,Yahoo Finance,https://finance.yahoo.com/quote/HG=F,2026-08-26T09:57:21.845099,daily,B,confirmed
2026-05-12,lme_copper_price,14296.978,USD/ton,Yahoo Finance,https://finance.yahoo.com/quote/HG=F,2026-08-26T09:57:21.845099,daily,B,confirmed
2026-05-13,lme_copper_price,14628.7733,USD/ton,Yahoo Finance,https://finance.yahoo.com/quote/HG=F,2026-08-26T09:57:21.845099,daily,B,confirmed
2026-05-14,lme_copper_price,14478.8593,USD/ton,Yahoo Finance,https://finance.yahoo.com/quote/HG=F,2026-08-26T09:57:21.845099,daily,B,confirmed
2026-05-15,lme_copper_price,13782.1986,USD/ton,Yahoo Finance,https://finance.yahoo.com/quote/HG=F,2026-08-26T09:57:21.845099,daily,B,confirmed
2026-05-18,lme_copper_price,13827.3927,USD/ton,Yahoo Finance,https://finance.yahoo.com/quote/HG=F,2026-08-26T09:57:21.845099,daily,B,confirmed
2026-05-19,lme_copper_price,13591.4984,USD/ton,Yahoo Finance,https://finance.yahoo.com/quote/HG=F,2026-08-26T09:57:21.845099,daily,B,confirmed
2026-05-20,lme_copper_price,13868.179,USD/ton,Yahoo Finance,https://finance.yahoo.com/quote/HG=F,2026-08-26T09:57:21.845099,daily,B,confirmed
2026-05-21,lme_copper_price,13794.3237,USD/ton,Yahoo Finance,https://finance.yahoo.com/quote/HG=F,2026-08-26T09:57:21.845099,daily,B,confirmed
2026-05-22,lme_copper_price,13981.7167,USD/ton,Yahoo Finance,https://finance.yahoo.com/quote/HG=F,2026-08-26T09:57:21.845099,daily,B,confirmed
2026-05-26,lme_copper_price,14023.6046,USD/ton,Yahoo Finance,https://finance.yahoo.com/quote/HG=F,2026-08-26T09:57:21.845099,daily,B,confirmed
2026-05-27,lme_copper_price,13900.1453,USD/ton,Yahoo Finance,https://finance.yahoo.com/quote/HG=F,2026-08-26T09:57:21.846099,daily,B,confirmed
2026-05-28,lme_copper_price,14100.7661,USD/ton,Yahoo Finance,https://finance.yahoo.com/quote/HG=F,2026-08-26T09:57:21.846099,daily,B,confirmed
2026-05-29,lme_copper_price,14020.2974,USD/ton,Yahoo Finance,https://finance.yahoo.com/quote/HG=F,2026-08-26T09:57:21.846099,daily,B,confirmed
2026-06-01,lme_copper_price,14382.9584,USD/ton,Yahoo Finance,https://finance.yahoo.com/quote/HG=F,2026-08-26T09:57:21.846099,daily,B,confirmed
2026-06-02,lme_copper_price,14659.6379,USD/ton,Yahoo Finance,https://finance.yahoo.com/quote/HG=F,2026-08-26T09:57:21.846099,daily,B,confirmed
2026-06-03,lme_copper_price,14288.1591,USD/ton,Yahoo Finance,https://finance.yahoo.com/quote/HG=F,2026-08-26T09:57:21.846099,daily,B,confirmed
2026-06-04,lme_copper_price,14354.2982,USD/ton,Yahoo Finance,https://finance.yahoo.com/quote/HG=F,2026-08-26T09:57:21.846099,daily,B,confirmed
2026-06-05,lme_copper_price,13808.6543,USD/ton,Yahoo Finance,https://finance.yahoo.com/quote/HG=F,2026-08-26T09:57:21.846099,daily,B,confirmed
2026-06-08,lme_copper_price,13954.1593,USD/ton,Yahoo Finance,https://finance.yahoo.com/quote/HG=F,2026-08-26T09:57:21.846099,daily,B,confirmed
2026-06-09,lme_copper_price,13894.6336,USD/ton,Yahoo Finance,https://finance.yahoo.com/quote/HG=F,2026-08-26T09:57:21.846099,daily,B,confirmed
2026-06-10,lme_copper_price,13776.6869,USD/ton,Yahoo Finance,https://finance.yahoo.com/quote/HG=F,2026-08-26T09:57:21.846099,daily,B,confirmed
2026-06-11,lme_copper_price,13798.7326,USD/ton,Yahoo Finance,https://finance.yahoo.com/quote/HG=F,2026-08-26T09:57:21.847098,daily,B,confirmed
2026-06-12,lme_copper_price,14176.8258,USD/ton,Yahoo Finance,https://finance.yahoo.com/quote/HG=F,2026-08-26T09:57:21.847098,daily,B,confirmed
2026-06-15,lme_copper_price,14291.4663,USD/ton,Yahoo Finance,https://finance.yahoo.com/quote/HG=F,2026-08-26T09:57:21.847098,daily,B,confirmed
2026-06-16,lme_copper_price,14305.7958,USD/ton,Yahoo Finance,https://finance.yahoo.com/quote/HG=F,2026-08-26T09:57:21.847098,daily,B,confirmed
2026-06-17,lme_copper_price,14289.2619,USD/ton,Yahoo Finance,https://finance.yahoo.com/quote/HG=F,2026-08-26T09:57:21.847098,daily,B,confirmed
2026-06-18,lme_copper_price,14053.3665,USD/ton,Yahoo Finance,https://finance.yahoo.com/quote/HG=F,2026-08-26T09:57:21.847098,daily,B,confirmed
2026-06-22,lme_copper_price,14013.684,USD/ton,Yahoo Finance,https://finance.yahoo.com/quote/HG=F,2026-08-26T09:57:21.847098,daily,B,confirmed
2026-06-23,lme_copper_price,13538.5871,USD/ton,Yahoo Finance,https://finance.yahoo.com/quote/HG=F,2026-08-26T09:57:21.847098,daily,B,confirmed
2026-06-24,lme_copper_price,13102.0719,USD/ton,Yahoo Finance,https://finance.yahoo.com/quote/HG=F,2026-08-26T09:57:21.847098,daily,B,confirmed
2026-06-25,lme_copper_price,13383.1614,USD/ton,Yahoo Finance,https://finance.yahoo.com/quote/HG=F,2026-08-26T09:57:21.847098,daily,B,confirmed
2026-06-26,lme_copper_price,13539.6898,USD/ton,Yahoo Finance,https://finance.yahoo.com/quote/HG=F,2026-08-26T09:57:21.848097,daily,B,confirmed
2026-06-29,lme_copper_price,13442.6861,USD/ton,Yahoo Finance,https://finance.yahoo.com/quote/HG=F,2026-08-26T09:57:21.848097,daily,B,confirmed
2026-06-30,lme_copper_price,13652.1258,USD/ton,Yahoo Finance,https://finance.yahoo.com/quote/HG=F,2026-08-26T09:57:21.848097,daily,B,confirmed
2026-07-01,lme_copper_price,13500.0063,USD/ton,Yahoo Finance,https://finance.yahoo.com/quote/HG=F,2026-08-26T09:57:21.848097,daily,B,confirmed
2026-07-02,lme_copper_price,13480.1651,USD/ton,Yahoo Finance,https://finance.yahoo.com/quote/HG=F,2026-08-26T09:57:21.848097,daily,B,confirmed
2026-07-03,lme_copper_price,13721.5711,USD/ton,Yahoo Finance,https://finance.yahoo.com/quote/HG=F,2026-07-05T00:03:02.533064,daily,B,confirmed
2026-07-05,lme_copper_price,13720.4684,USD/ton,Yahoo Finance,https://finance.yahoo.com/quote/HG=F,2026-07-06T10:42:39.296612,daily,B,confirmed
2026-07-06,lme_copper_price,13620.1585,USD/ton,Yahoo Finance,https://finance.yahoo.com/quote/HG=F,2026-08-26T09:57:21.848097,daily,B,confirmed
2026-07-07,lme_copper_price,13605.829,USD/ton,Yahoo Finance,https://finance.yahoo.com/quote/HG=F,2026-08-26T09:57:21.848097,daily,B,confirmed
2026-07-08,lme_copper_price,13347.8879,USD/ton,Yahoo Finance,https://finance.yahoo.com/quote/HG=F,2026-08-26T09:57:21.848097,daily,B,confirmed
2026-07-09,lme_copper_price,13701.7299,USD/ton,Yahoo Finance,https://finance.yahoo.com/quote/HG=F,2026-08-26T09:57:21.848097,daily,B,confirmed
2026-07-10,lme_copper_price,13742.5151,USD/ton,Yahoo Finance,https://finance.yahoo.com/quote/HG=F,2026-08-26T09:57:21.848097,daily,B,confirmed
2026-07-12,lme_copper_price,13743.6179,USD/ton,Yahoo Finance,https://finance.yahoo.com/quote/HG=F,2026-07-13T09:17:09.488879,daily,B,confirmed
2026-07-13,lme_copper_price,13741.4124,USD/ton,Yahoo Finance,https://finance.yahoo.com/quote/HG=F,2026-08-26T09:57:21.848097,daily,B,confirmed
2026-07-14,lme_copper_price,13955.261,USD/ton,Yahoo Finance,https://finance.yahoo.com/quote/HG=F,2026-08-26T09:57:21.849097,daily,B,confirmed
2026-07-15,lme_copper_price,13874.7924,USD/ton,Yahoo Finance,https://finance.yahoo.com/quote/HG=F,2026-08-26T09:57:21.849097,daily,B,confirmed
2026-07-16,lme_copper_price,13880.304,USD/ton,Yahoo Finance,https://finance.yahoo.com/quote/HG=F,2026-08-26T09:57:21.849097,daily,B,confirmed
2026-07-17,lme_copper_price,13712.7522,USD/ton,Yahoo Finance,https://finance.yahoo.com/quote/HG=F,2026-08-26T09:57:21.849097,daily,B,confirmed
2026-07-19,lme_copper_price,13818.5749,USD/ton,Yahoo Finance,https://finance.yahoo.com/quote/HG=F,2026-07-20T00:05:33.245562,daily,B,confirmed
2026-07-20,lme_copper_price,13886.9174,USD/ton,Yahoo Finance,https://finance.yahoo.com/quote/HG=F,2026-08-26T09:57:21.849097,daily,B,confirmed
2026-07-21,lme_copper_price,14354.2982,USD/ton,Yahoo Finance,https://finance.yahoo.com/quote/HG=F,2026-08-26T09:57:21.849097,daily,B,confirmed
2026-07-22,lme_copper_price,14222.021,USD/ton,Yahoo Finance,https://finance.yahoo.com/quote/HG=F,2026-08-26T09:57:21.849097,daily,B,confirmed
2026-07-23,lme_copper_price,13900.1453,USD/ton,Yahoo Finance,https://finance.yahoo.com/quote/HG=F,2026-08-26T09:57:21.849097,daily,B,confirmed
2026-07-24,lme_copper_price,13933.2153,USD/ton,Yahoo Finance,https://finance.yahoo.com/quote/HG=F,2026-08-26T09:57:21.849097,daily,B,confirmed
2026-07-26,lme_copper_price,14032.4225,USD/ton,Yahoo Finance,https://finance.yahoo.com/quote/HG=F,2026-07-27T00:05:23.685024,daily,B,confirmed
2026-07-27,lme_copper_price,13975.1033,USD/ton,Yahoo Finance,https://finance.yahoo.com/quote/HG=F,2026-08-26T09:57:21.849097,daily,B,confirmed
2026-07-28,lme_copper_price,13937.6243,USD/ton,Yahoo Finance,https://finance.yahoo.com/quote/HG=F,2026-08-26T09:57:21.849097,daily,B,confirmed
2026-07-29,lme_copper_price,13830.6999,USD/ton,Yahoo Finance,https://finance.yahoo.com/quote/HG=F,2026-08-26T09:57:21.850097,daily,B,confirmed
2026-07-30,lme_copper_price,14207.6904,USD/ton,Yahoo Finance,https://finance.yahoo.com/quote/HG=F,2026-08-26T09:57:21.850097,daily,B,confirmed
2026-07-31,lme_copper_price,14188.9509,USD/ton,Yahoo Finance,https://finance.yahoo.com/quote/HG=F,2026-08-26T09:57:21.850097,daily,B,confirmed
2026-08-02,lme_copper_price,14424.8463,USD/ton,Yahoo Finance,https://finance.yahoo.com/quote/HG=F,2026-08-03T00:06:23.435099,daily,B,confirmed
2026-08-03,lme_copper_price,14360.9116,USD/ton,Yahoo Finance,https://finance.yahoo.com/quote/HG=F,2026-08-26T09:57:21.850097,daily,B,confirmed
2026-08-04,lme_copper_price,14591.2953,USD/ton,Yahoo Finance,https://finance.yahoo.com/quote/HG=F,2026-08-26T09:57:21.850097,daily,B,confirmed
2026-08-05,lme_copper_price,14777.5856,USD/ton,Yahoo Finance,https://finance.yahoo.com/quote/HG=F,2026-08-26T09:57:21.850097,daily,B,confirmed
2026-08-06,lme_copper_price,14742.311,USD/ton,Yahoo Finance,https://finance.yahoo.com/quote/HG=F,2026-08-26T09:57:21.850097,daily,B,confirmed
2026-08-07,lme_copper_price,14485.4727,USD/ton,Yahoo Finance,https://finance.yahoo.com/quote/HG=F,2026-08-26T09:57:21.850097,daily,B,confirmed
2026-08-09,lme_copper_price,14546.1002,USD/ton,Yahoo Finance,https://finance.yahoo.com/quote/HG=F,2026-08-10T00:07:07.586069,daily,B,confirmed
2026-08-10,lme_copper_price,14538.384,USD/ton,Yahoo Finance,https://finance.yahoo.com/quote/HG=F,2026-08-26T09:57:21.850097,daily,B,confirmed
2026-08-11,lme_copper_price,14576.9648,USD/ton,Yahoo Finance,https://finance.yahoo.com/quote/HG=F,2026-08-26T09:57:21.850097,daily,B,confirmed
2026-08-12,lme_copper_price,14543.8957,USD/ton,Yahoo Finance,https://finance.yahoo.com/quote/HG=F,2026-08-26T09:57:21.851098,daily,B,confirmed
2026-08-13,lme_copper_price,14533.9751,USD/ton,Yahoo Finance,https://finance.yahoo.com/quote/HG=F,2026-08-26T09:57:21.851098,daily,B,confirmed
2026-08-14,lme_copper_price,14549.4074,USD/ton,Yahoo Finance,https://finance.yahoo.com/quote/HG=F,2026-08-26T09:57:21.851098,daily,B,confirmed
2026-08-16,lme_copper_price,14619.9544,USD/ton,Yahoo Finance,https://finance.yahoo.com/quote/HG=F,2026-08-17T00:05:14.786720,daily,B,confirmed
2026-08-17,lme_copper_price,14559.328,USD/ton,Yahoo Finance,https://finance.yahoo.com/quote/HG=F,2026-08-26T09:57:21.851098,daily,B,confirmed
2026-08-18,lme_copper_price,14291.4663,USD/ton,Yahoo Finance,https://finance.yahoo.com/quote/HG=F,2026-08-26T09:57:21.851098,daily,B,confirmed
2026-08-19,lme_copper_price,14302.4897,USD/ton,Yahoo Finance,https://finance.yahoo.com/quote/HG=F,2026-08-26T09:57:21.851098,daily,B,confirmed
2026-08-20,lme_copper_price,14241.8622,USD/ton,Yahoo Finance,https://finance.yahoo.com/quote/HG=F,2026-08-26T09:57:21.851098,daily,B,confirmed
2026-08-21,lme_copper_price,14505.315,USD/ton,Yahoo Finance,https://finance.yahoo.com/quote/HG=F,2026-08-26T09:57:21.851098,daily,B,confirmed
2026-08-24,lme_copper_price,14548.3046,USD/ton,Yahoo Finance,https://finance.yahoo.com/quote/HG=F,2026-08-26T09:57:21.851098,daily,B,confirmed
2026-08-25,lme_copper_price,14796.3251,USD/ton,Yahoo Finance,https://finance.yahoo.com/quote/HG=F,2026-08-26T09:57:21.851098,daily,B,confirmed
2026-03-16,lme_inventory,119060.0,ton,金属库存监控,,2026-08-26T09:57:47.353800,daily,B,confirmed
2026-03-17,lme_inventory,123784.0,ton,金属库存监控,,2026-08-26T09:57:47.353800,daily,B,confirmed
2026-03-18,lme_inventory,123814.0,ton,金属库存监控,,2026-08-26T09:57:47.353800,daily,B,confirmed
2026-03-19,lme_inventory,123971.0,ton,金属库存监控,,2026-08-26T09:57:47.353800,daily,B,confirmed
2026-03-20,lme_inventory,122743.0,ton,金属库存监控,,2026-08-26T09:57:47.353800,daily,B,confirmed
2026-03-21,lme_inventory,122251.0,ton,金属库存监控,,2026-08-26T09:57:47.353800,daily,B,confirmed
2026-03-22,lme_inventory,119811.0,ton,金属库存监控,,2026-08-26T09:57:47.353800,daily,B,confirmed
2026-03-23,lme_inventory,124861.0,ton,金属库存监控,,2026-08-26T09:57:47.353800,daily,B,confirmed
2026-03-24,lme_inventory,124130.0,ton,金属库存监控,,2026-08-26T09:57:47.353800,daily,B,confirmed
2026-03-25,lme_inventory,125455.0,ton,金属库存监控,,2026-08-26T09:57:47.353800,daily,B,confirmed
2026-03-26,lme_inventory,123489.0,ton,金属库存监控,,2026-08-26T09:57:47.353800,daily,B,confirmed
2026-03-27,lme_inventory,123379.0,ton,金属库存监控,,2026-08-26T09:57:47.353800,daily,B,confirmed
2026-03-28,lme_inventory,123283.0,ton,金属库存监控,,2026-08-26T09:57:47.353800,daily,B,confirmed
2026-03-29,lme_inventory,120643.0,ton,金属库存监控,,2026-08-26T09:57:47.353800,daily,B,confirmed
2026-03-30,lme_inventory,122340.0,ton,金属库存监控,,2026-08-26T09:57:47.353800,daily,B,confirmed
2026-03-31,lme_inventory,121559.0,ton,金属库存监控,,2026-08-26T09:57:47.353800,daily,B,confirmed
2026-04-01,lme_inventory,123308.0,ton,金属库存监控,,2026-08-26T09:57:47.353800,daily,B,confirmed
2026-04-02,lme_inventory,123468.0,ton,金属库存监控,,2026-08-26T09:57:47.353800,daily,B,confirmed
2026-04-03,lme_inventory,126456.0,ton,金属库存监控,,2026-08-26T09:57:47.353800,daily,B,confirmed
2026-04-04,lme_inventory,126296.0,ton,金属库存监控,,2026-08-26T09:57:47.353800,daily,B,confirmed
2026-04-05,lme_inventory,120520.0,ton,金属库存监控,,2026-08-26T09:57:47.353800,daily,B,confirmed
2026-04-06,lme_inventory,123973.0,ton,金属库存监控,,2026-08-26T09:57:47.353800,daily,B,confirmed
2026-04-07,lme_inventory,122874.0,ton,金属库存监控,,2026-08-26T09:57:47.353800,daily,B,confirmed
2026-04-08,lme_inventory,123667.0,ton,金属库存监控,,2026-08-26T09:57:47.353800,daily,B,confirmed
2026-04-09,lme_inventory,124444.0,ton,金属库存监控,,2026-08-26T09:57:47.353800,daily,B,confirmed
2026-04-10,lme_inventory,122546.0,ton,金属库存监控,,2026-08-26T09:57:47.353800,daily,B,confirmed
2026-04-11,lme_inventory,120146.0,ton,金属库存监控,,2026-08-26T09:57:47.353800,daily,B,confirmed
2026-04-12,lme_inventory,120773.0,ton,金属库存监控,,2026-08-26T09:57:47.353800,daily,B,confirmed
2026-04-13,lme_inventory,122257.0,ton,金属库存监控,,2026-08-26T09:57:47.353800,daily,B,confirmed
2026-04-14,lme_inventory,121744.0,ton,金属库存监控,,2026-08-26T09:57:47.353800,daily,B,confirmed
2026-04-15,lme_inventory,122430.0,ton,金属库存监控,,2026-08-26T09:57:47.353800,daily,B,confirmed
2026-04-16,lme_inventory,120634.0,ton,金属库存监控,,2026-08-26T09:57:47.353800,daily,B,confirmed
2026-04-17,lme_inventory,121431.0,ton,金属库存监控,,2026-08-26T09:57:47.353800,daily,B,confirmed
2026-04-18,lme_inventory,119769.0,ton,金属库存监控,,2026-08-26T09:57:47.354310,daily,B,confirmed
2026-04-19,lme_inventory,122258.0,ton,金属库存监控,,2026-08-26T09:57:47.354310,daily,B,confirmed
2026-04-20,lme_inventory,122463.0,ton,金属库存监控,,2026-08-26T09:57:47.354310,daily,B,confirmed
2026-04-21,lme_inventory,124040.0,ton,金属库存监控,,2026-08-26T09:57:47.354310,daily,B,confirmed
2026-04-22,lme_inventory,121195.0,ton,金属库存监控,,2026-08-26T09:57:47.354310,daily,B,confirmed
2026-04-23,lme_inventory,120468.0,ton,金属库存监控,,2026-08-26T09:57:47.354310,daily,B,confirmed
2026-04-24,lme_inventory,120624.0,ton,金属库存监控,,2026-08-26T09:57:47.354310,daily,B,confirmed
2026-04-25,lme_inventory,122185.0,ton,金属库存监控,,2026-08-26T09:57:47.354310,daily,B,confirmed
2026-04-26,lme_inventory,122417.0,ton,金属库存监控,,2026-08-26T09:57:47.354310,daily,B,confirmed
2026-04-27,lme_inventory,122620.0,ton,金属库存监控,,2026-08-26T09:57:47.354310,daily,B,confirmed
2026-04-28,lme_inventory,119238.0,ton,金属库存监控,,2026-08-26T09:57:47.354310,daily,B,confirmed
2026-04-29,lme_inventory,121335.0,ton,金属库存监控,,2026-08-26T09:57:47.354310,daily,B,confirmed
2026-04-30,lme_inventory,120187.0,ton,金属库存监控,,2026-08-26T09:57:47.354310,daily,B,confirmed
2026-05-01,lme_inventory,117070.0,ton,金属库存监控,,2026-08-26T09:57:47.354310,daily,B,confirmed
2026-05-02,lme_inventory,115070.0,ton,金属库存监控,,2026-08-26T09:57:47.354310,daily,B,confirmed
2026-05-03,lme_inventory,116663.0,ton,金属库存监控,,2026-08-26T09:57:47.354310,daily,B,confirmed
2026-05-04,lme_inventory,116186.0,ton,金属库存监控,,2026-08-26T09:57:47.354310,daily,B,confirmed
2026-05-05,lme_inventory,114186.0,ton,金属库存监控,,2026-08-26T09:57:47.354310,daily,B,confirmed
2026-05-06,lme_inventory,115802.0,ton,金属库存监控,,2026-08-26T09:57:47.354310,daily,B,confirmed
2026-05-07,lme_inventory,116399.0,ton,金属库存监控,,2026-08-26T09:57:47.354310,daily,B,confirmed
2026-05-08,lme_inventory,115997.0,ton,金属库存监控,,2026-08-26T09:57:47.354310,daily,B,confirmed
2026-05-09,lme_inventory,114556.0,ton,金属库存监控,,2026-08-26T09:57:47.354310,daily,B,confirmed
2026-05-10,lme_inventory,118486.0,ton,金属库存监控,,2026-08-26T09:57:47.354310,daily,B,confirmed
2026-05-11,lme_inventory,114284.0,ton,金属库存监控,,2026-08-26T09:57:47.354310,daily,B,confirmed
2026-05-12,lme_inventory,115168.0,ton,金属库存监控,,2026-08-26T09:57:47.354310,daily,B,confirmed
2026-05-13,lme_inventory,113193.0,ton,金属库存监控,,2026-08-26T09:57:47.354310,daily,B,confirmed
2026-05-14,lme_inventory,116238.0,ton,金属库存监控,,2026-08-26T09:57:47.354310,daily,B,confirmed
2026-05-15,lme_inventory,112067.0,ton,金属库存监控,,2026-08-26T09:57:47.354310,daily,B,confirmed
2026-05-16,lme_inventory,114995.0,ton,金属库存监控,,2026-08-26T09:57:47.354310,daily,B,confirmed
2026-05-17,lme_inventory,113611.0,ton,金属库存监控,,2026-08-26T09:57:47.354310,daily,B,confirmed
2026-05-18,lme_inventory,113057.0,ton,金属库存监控,,2026-08-26T09:57:47.354310,daily,B,confirmed
2026-05-19,lme_inventory,115235.0,ton,金属库存监控,,2026-08-26T09:57:47.354310,daily,B,confirmed
2026-05-20,lme_inventory,114189.0,ton,金属库存监控,,2026-08-26T09:57:47.354310,daily,B,confirmed
2026-05-21,lme_inventory,111966.0,ton,金属库存监控,,2026-08-26T09:57:47.354310,daily,B,confirmed
2026-05-22,lme_inventory,114241.0,ton,金属库存监控,,2026-08-26T09:57:47.354310,daily,B,confirmed
2026-05-23,lme_inventory,113233.0,ton,金属库存监控,,2026-08-26T09:57:47.354310,daily,B,confirmed
2026-05-24,lme_inventory,115692.0,ton,金属库存监控,,2026-08-26T09:57:47.354310,daily,B,confirmed
2026-05-25,lme_inventory,114164.0,ton,金属库存监控,,2026-08-26T09:57:47.354310,daily,B,confirmed
2026-05-26,lme_inventory,111682.0,ton,金属库存监控,,2026-08-26T09:57:47.354310,daily,B,confirmed
2026-05-27,lme_inventory,114849.0,ton,金属库存监控,,2026-08-26T09:57:47.354310,daily,B,confirmed
2026-05-28,lme_inventory,110089.0,ton,金属库存监控,,2026-08-26T09:57:47.354310,daily,B,confirmed
2026-05-29,lme_inventory,114110.0,ton,金属库存监控,,2026-08-26T09:57:47.354310,daily,B,confirmed
2026-05-30,lme_inventory,111689.0,ton,金属库存监控,,2026-08-26T09:57:47.354310,daily,B,confirmed
2026-05-31,lme_inventory,110607.0,ton,金属库存监控,,2026-08-26T09:57:47.354310,daily,B,confirmed
2026-06-01,lme_inventory,114436.0,ton,金属库存监控,,2026-08-26T09:57:47.354310,daily,B,confirmed
2026-06-02,lme_inventory,112790.0,ton,金属库存监控,,2026-08-26T09:57:47.354310,daily,B,confirmed
2026-06-03,lme_inventory,113932.0,ton,金属库存监控,,2026-08-26T09:57:47.354310,daily,B,confirmed
2026-06-04,lme_inventory,115122.0,ton,金属库存监控,,2026-08-26T09:57:47.354310,daily,B,confirmed
2026-06-05,lme_inventory,112553.0,ton,金属库存监控,,2026-08-26T09:57:47.354310,daily,B,confirmed
2026-06-06,lme_inventory,112258.0,ton,金属库存监控,,2026-08-26T09:57:47.354310,daily,B,confirmed
2026-06-07,lme_inventory,111554.0,ton,金属库存监控,,2026-08-26T09:57:47.354310,daily,B,confirmed
2026-06-08,lme_inventory,112081.0,ton,金属库存监控,,2026-08-26T09:57:47.354310,daily,B,confirmed
2026-06-09,lme_inventory,112276.0,ton,金属库存监控,,2026-08-26T09:57:47.354310,daily,B,confirmed
2026-06-10,lme_inventory,116094.0,ton,金属库存监控,,2026-08-26T09:57:47.354310,daily,B,confirmed
2026-06-11,lme_inventory,115218.0,ton,金属库存监控,,2026-08-26T09:57:47.354310,daily,B,confirmed
2026-06-12,lme_inventory,116113.0,ton,金属库存监控,,2026-08-26T09:57:47.354310,daily,B,confirmed
2026-06-13,lme_inventory,111672.0,ton,金属库存监控,,2026-08-26T09:57:47.354310,daily,B,confirmed
2026-06-14,lme_inventory,111835.0,ton,金属库存监控,,2026-08-26T09:57:47.354310,daily,B,confirmed
2026-06-15,lme_inventory,116680.0,ton,金属库存监控,,2026-08-26T09:57:47.354310,daily,B,confirmed
2026-06-16,lme_inventory,113536.0,ton,金属库存监控,,2026-08-26T09:57:47.354310,daily,B,confirmed
2026-06-17,lme_inventory,115438.0,ton,金属库存监控,,2026-08-26T09:57:47.354310,daily,B,confirmed
2026-06-18,lme_inventory,111709.0,ton,金属库存监控,,2026-08-26T09:57:47.354310,daily,B,confirmed
2026-06-19,lme_inventory,114312.0,ton,金属库存监控,,2026-08-26T09:57:47.354310,daily,B,confirmed
2026-06-20,lme_inventory,117316.0,ton,金属库存监控,,2026-08-26T09:57:47.354310,daily,B,confirmed
2026-06-21,lme_inventory,117218.0,ton,金属库存监控,,2026-08-26T09:57:47.354310,daily,B,confirmed
2026-06-22,lme_inventory,114123.0,ton,金属库存监控,,2026-08-26T09:57:47.354310,daily,B,confirmed
2026-06-23,lme_inventory,114925.0,ton,金属库存监控,,2026-08-26T09:57:47.354310,daily,B,confirmed
2026-06-24,lme_inventory,113867.0,ton,金属库存监控,,2026-08-26T09:57:47.354310,daily,B,confirmed
2026-06-25,lme_inventory,117778.0,ton,金属库存监控,,2026-08-26T09:57:47.354310,daily,B,confirmed
2026-06-26,lme_inventory,113067.0,ton,金属库存监控,,2026-08-26T09:57:47.354310,daily,B,confirmed
2026-06-27,lme_inventory,117351.0,ton,金属库存监控,,2026-08-26T09:57:47.354310,daily,B,confirmed
2026-06-28,lme_inventory,117479.0,ton,金属库存监控,,2026-08-26T09:57:47.354310,daily,B,confirmed
2026-06-29,lme_inventory,116739.0,ton,金属库存监控,,2026-08-26T09:57:47.354310,daily,B,confirmed
2026-06-30,lme_inventory,115633.0,ton,金属库存监控,,2026-08-26T09:57:47.354310,daily,B,confirmed
2026-07-01,lme_inventory,116635.0,ton,金属库存监控,,2026-08-26T09:57:47.354310,daily,B,confirmed
2026-07-02,lme_inventory,113922.0,ton,金属库存监控,,2026-08-26T09:57:47.354310,daily,B,confirmed
2026-07-03,lme_inventory,118785.0,ton,金属库存监控,,2026-08-26T09:57:47.354310,daily,B,confirmed
2026-07-04,lme_inventory,117204.0,ton,金属库存监控,,2026-08-26T09:57:47.354310,daily,B,confirmed
2026-07-05,lme_inventory,118891.0,ton,金属库存监控,,2026-08-26T09:57:47.354310,daily,B,confirmed
2026-07-06,lme_inventory,116940.0,ton,金属库存监控,,2026-08-26T09:57:47.354310,daily,B,confirmed
2026-07-07,lme_inventory,118326.0,ton,金属库存监控,,2026-08-26T09:57:47.354310,daily,B,confirmed
2026-07-08,lme_inventory,115679.0,ton,金属库存监控,,2026-08-26T09:57:47.354310,daily,B,confirmed
2026-07-09,lme_inventory,117800.0,ton,金属库存监控,,2026-08-26T09:57:47.354310,daily,B,confirmed
2026-07-10,lme_inventory,118034.0,ton,金属库存监控,,2026-08-26T09:57:47.354310,daily,B,confirmed
2026-07-11,lme_inventory,117022.0,ton,金属库存监控,,2026-08-26T09:57:47.354310,daily,B,confirmed
2026-07-12,lme_inventory,120697.0,ton,金属库存监控,,2026-08-26T09:57:47.354310,daily,B,confirmed
2026-07-13,lme_inventory,121408.0,ton,金属库存监控,,2026-08-26T09:57:47.354310,daily,B,confirmed
2025-05-28,m1,1089147.65,CNY_bn,东方财富-货币供应,https://data.eastmoney.com/cjsj/hbgyl.html,2026-07-02T02:41:15.494537,monthly,A,confirmed
2025-06-28,m1,1139494.08,CNY_bn,东方财富-货币供应,https://data.eastmoney.com/cjsj/hbgyl.html,2026-08-02T00:02:21.013571,monthly,A,confirmed
2025-07-28,m1,1110586.92,CNY_bn,东方财富-货币供应,https://data.eastmoney.com/cjsj/hbgyl.html,2026-08-26T09:57:38.803299,monthly,A,confirmed
2025-08-28,m1,1112255.7,CNY_bn,东方财富-货币供应,https://data.eastmoney.com/cjsj/hbgyl.html,2026-08-26T09:57:38.802301,monthly,A,confirmed
2025-09-28,m1,1131455.07,CNY_bn,东方财富-货币供应,https://data.eastmoney.com/cjsj/hbgyl.html,2026-08-26T09:57:38.802301,monthly,A,confirmed
2025-10-28,m1,1119962.73,CNY_bn,东方财富-货币供应,https://data.eastmoney.com/cjsj/hbgyl.html,2026-08-26T09:57:38.802301,monthly,A,confirmed
2025-11-28,m1,1128866.64,CNY_bn,东方财富-货币供应,https://data.eastmoney.com/cjsj/hbgyl.html,2026-08-26T09:57:38.802301,monthly,A,confirmed
2025-12-28,m1,1155146.5,CNY_bn,东方财富-货币供应,https://data.eastmoney.com/cjsj/hbgyl.html,2026-08-26T09:57:38.802301,monthly,A,confirmed
2026-01-28,m1,1179680.52,CNY_bn,东方财富-货币供应,https://data.eastmoney.com/cjsj/hbgyl.html,2026-08-26T09:57:38.802301,monthly,A,confirmed
2026-02-28,m1,1159258.82,CNY_bn,东方财富-货币供应,https://data.eastmoney.com/cjsj/hbgyl.html,2026-08-26T09:57:38.802301,monthly,A,confirmed
2026-03-28,m1,1193202.99,CNY_bn,东方财富-货币供应,https://data.eastmoney.com/cjsj/hbgyl.html,2026-08-26T09:57:38.802301,monthly,A,confirmed
2026-04-28,m1,1145833.73,CNY_bn,东方财富-货币供应,https://data.eastmoney.com/cjsj/hbgyl.html,2026-08-26T09:57:38.802301,monthly,A,confirmed
2026-05-28,m1,1148891.41,CNY_bn,东方财富-货币供应,https://data.eastmoney.com/cjsj/hbgyl.html,2026-08-26T09:57:38.802301,monthly,A,confirmed
2026-06-28,m1,1184775.53,CNY_bn,东方财富-货币供应,https://data.eastmoney.com/cjsj/hbgyl.html,2026-08-26T09:57:38.802301,monthly,A,confirmed
2026-07-28,m1,1154623.0,CNY_bn,东方财富-货币供应,https://data.eastmoney.com/cjsj/hbgyl.html,2026-08-26T09:57:38.801765,monthly,A,confirmed
2026-01-01,new_energy_grid_connection,1700.0,10kW,国家能源局,,2026-08-26T09:57:47.354310,monthly,A,confirmed
2026-02-01,new_energy_grid_connection,2670.0,10kW,国家能源局,,2026-08-26T09:57:47.354310,monthly,A,confirmed
2026-03-01,new_energy_grid_connection,1380.0,10kW,国家能源局,,2026-08-26T09:57:47.355320,monthly,A,confirmed
2026-04-01,new_energy_grid_connection,1840.0,10kW,国家能源局,,2026-08-26T09:57:47.355320,monthly,A,confirmed
2026-05-01,new_energy_grid_connection,2550.0,10kW,国家能源局,,2026-08-26T09:57:47.355320,monthly,A,confirmed
2026-01-01,power_consumption_yoy,5.9,pct,国家能源局,,2026-08-26T09:57:47.355320,monthly,A,confirmed
2026-02-01,power_consumption_yoy,4.8,pct,国家能源局,,2026-08-26T09:57:47.355320,monthly,A,confirmed
2026-03-01,power_consumption_yoy,5.6,pct,国家能源局,,2026-08-26T09:57:47.355320,monthly,A,confirmed
2026-04-01,power_consumption_yoy,4.5,pct,国家能源局,,2026-08-26T09:57:47.355320,monthly,A,confirmed
2026-05-01,power_consumption_yoy,6.2,pct,国家能源局,,2026-08-26T09:57:47.355320,monthly,A,confirmed
2026-06-01,power_consumption_yoy,3.7,pct,国家能源局,https://obor.nea.gov.cn/detail2/23027.html,2026-08-26T09:57:47.355320,monthly,A,confirmed
2026-07-01,power_consumption_yoy,1.7,pct,国家能源局,https://www.nea.gov.cn/20260821/f227e3fb9f05422285e354f4c27aec07/c.html,2026-08-26T09:57:47.355320,monthly,A,confirmed
2026-03-16,shfe_inventory,146882.0,ton,金属库存监控,,2026-08-26T09:57:47.355320,daily,B,confirmed
2026-03-17,shfe_inventory,140672.0,ton,金属库存监控,,2026-08-26T09:57:47.355320,daily,B,confirmed
2026-03-18,shfe_inventory,138686.0,ton,金属库存监控,,2026-08-26T09:57:47.355320,daily,B,confirmed
2026-03-19,shfe_inventory,145859.0,ton,金属库存监控,,2026-08-26T09:57:47.355320,daily,B,confirmed
2026-03-20,shfe_inventory,139773.0,ton,金属库存监控,,2026-08-26T09:57:47.355320,daily,B,confirmed
2026-03-21,shfe_inventory,146957.0,ton,金属库存监控,,2026-08-26T09:57:47.355320,daily,B,confirmed
2026-03-22,shfe_inventory,153479.0,ton,金属库存监控,,2026-08-26T09:57:47.355320,daily,B,confirmed
2026-03-23,shfe_inventory,150570.0,ton,金属库存监控,,2026-08-26T09:57:47.355320,daily,B,confirmed
2026-03-24,shfe_inventory,149121.0,ton,金属库存监控,,2026-08-26T09:57:47.355320,daily,B,confirmed
2026-03-25,shfe_inventory,147304.0,ton,金属库存监控,,2026-08-26T09:57:47.355320,daily,B,confirmed
2026-03-26,shfe_inventory,143607.0,ton,金属库存监控,,2026-08-26T09:57:47.355320,daily,B,confirmed
2026-03-27,shfe_inventory,149069.0,ton,金属库存监控,,2026-08-26T09:57:47.355320,daily,B,confirmed
2026-03-28,shfe_inventory,150391.0,ton,金属库存监控,,2026-08-26T09:57:47.355320,daily,B,confirmed
2026-03-29,shfe_inventory,152556.0,ton,金属库存监控,,2026-08-26T09:57:47.355320,daily,B,confirmed
2026-03-30,shfe_inventory,152229.0,ton,金属库存监控,,2026-08-26T09:57:47.355320,daily,B,confirmed
2026-03-31,shfe_inventory,146973.0,ton,金属库存监控,,2026-08-26T09:57:47.355320,daily,B,confirmed
2026-04-01,shfe_inventory,153577.0,ton,金属库存监控,,2026-08-26T09:57:47.355320,daily,B,confirmed
2026-04-02,shfe_inventory,146744.0,ton,金属库存监控,,2026-08-26T09:57:47.355320,daily,B,confirmed
2026-04-03,shfe_inventory,148764.0,ton,金属库存监控,,2026-08-26T09:57:47.355320,daily,B,confirmed
2026-04-04,shfe_inventory,153407.0,ton,金属库存监控,,2026-08-26T09:57:47.355320,daily,B,confirmed
2026-04-05,shfe_inventory,154709.0,ton,金属库存监控,,2026-08-26T09:57:47.355652,daily,B,confirmed
2026-04-06,shfe_inventory,150955.0,ton,金属库存监控,,2026-08-26T09:57:47.355652,daily,B,confirmed
2026-04-07,shfe_inventory,158040.0,ton,金属库存监控,,2026-08-26T09:57:47.355652,daily,B,confirmed
2026-04-08,shfe_inventory,151426.0,ton,金属库存监控,,2026-08-26T09:57:47.355652,daily,B,confirmed
2026-04-09,shfe_inventory,146849.0,ton,金属库存监控,,2026-08-26T09:57:47.355652,daily,B,confirmed
2026-04-10,shfe_inventory,140289.0,ton,金属库存监控,,2026-08-26T09:57:47.355652,daily,B,confirmed
2026-04-11,shfe_inventory,138650.0,ton,金属库存监控,,2026-08-26T09:57:47.355652,daily,B,confirmed
2026-04-12,shfe_inventory,138672.0,ton,金属库存监控,,2026-08-26T09:57:47.355652,daily,B,confirmed
2026-04-13,shfe_inventory,132908.0,ton,金属库存监控,,2026-08-26T09:57:47.355652,daily,B,confirmed
2026-04-14,shfe_inventory,133872.0,ton,金属库存监控,,2026-08-26T09:57:47.355652,daily,B,confirmed
2026-04-15,shfe_inventory,134620.0,ton,金属库存监控,,2026-08-26T09:57:47.355652,daily,B,confirmed
2026-04-16,shfe_inventory,130356.0,ton,金属库存监控,,2026-08-26T09:57:47.355652,daily,B,confirmed
2026-04-17,shfe_inventory,135240.0,ton,金属库存监控,,2026-08-26T09:57:47.355652,daily,B,confirmed
2026-04-18,shfe_inventory,141287.0,ton,金属库存监控,,2026-08-26T09:57:47.355652,daily,B,confirmed
2026-04-19,shfe_inventory,136948.0,ton,金属库存监控,,2026-08-26T09:57:47.355652,daily,B,confirmed
2026-04-20,shfe_inventory,137736.0,ton,金属库存监控,,2026-08-26T09:57:47.355652,daily,B,confirmed
2026-04-21,shfe_inventory,128568.0,ton,金属库存监控,,2026-08-26T09:57:47.355652,daily,B,confirmed
2026-04-22,shfe_inventory,130497.0,ton,金属库存监控,,2026-08-26T09:57:47.355652,daily,B,confirmed
2026-04-23,shfe_inventory,134566.0,ton,金属库存监控,,2026-08-26T09:57:47.355652,daily,B,confirmed
2026-04-24,shfe_inventory,133839.0,ton,金属库存监控,,2026-08-26T09:57:47.355652,daily,B,confirmed
2026-04-25,shfe_inventory,131883.0,ton,金属库存监控,,2026-08-26T09:57:47.355652,daily,B,confirmed
2026-04-26,shfe_inventory,132535.0,ton,金属库存监控,,2026-08-26T09:57:47.355652,daily,B,confirmed
2026-04-27,shfe_inventory,123185.0,ton,金属库存监控,,2026-08-26T09:57:47.355652,daily,B,confirmed
2026-04-28,shfe_inventory,132807.0,ton,金属库存监控,,2026-08-26T09:57:47.355652,daily,B,confirmed
2026-04-29,shfe_inventory,132326.0,ton,金属库存监控,,2026-08-26T09:57:47.355652,daily,B,confirmed
2026-04-30,shfe_inventory,132215.0,ton,金属库存监控,,2026-08-26T09:57:47.355652,daily,B,confirmed
2026-05-01,shfe_inventory,121248.0,ton,金属库存监控,,2026-08-26T09:57:47.355652,daily,B,confirmed
2026-05-02,shfe_inventory,126557.0,ton,金属库存监控,,2026-08-26T09:57:47.355652,daily,B,confirmed
2026-05-03,shfe_inventory,126604.0,ton,金属库存监控,,2026-08-26T09:57:47.355652,daily,B,confirmed
2026-05-04,shfe_inventory,121364.0,ton,金属库存监控,,2026-08-26T09:57:47.355652,daily,B,confirmed
2026-05-05,shfe_inventory,117115.0,ton,金属库存监控,,2026-08-26T09:57:47.355652,daily,B,confirmed
2026-05-06,shfe_inventory,124771.0,ton,金属库存监控,,2026-08-26T09:57:47.355652,daily,B,confirmed
2026-05-07,shfe_inventory,124939.0,ton,金属库存监控,,2026-08-26T09:57:47.355652,daily,B,confirmed
2026-05-08,shfe_inventory,120026.0,ton,金属库存监控,,2026-08-26T09:57:47.355652,daily,B,confirmed
2026-05-09,shfe_inventory,125718.0,ton,金属库存监控,,2026-08-26T09:57:47.355652,daily,B,confirmed
2026-05-10,shfe_inventory,130512.0,ton,金属库存监控,,2026-08-26T09:57:47.355652,daily,B,confirmed
2026-05-11,shfe_inventory,127402.0,ton,金属库存监控,,2026-08-26T09:57:47.355652,daily,B,confirmed
2026-05-12,shfe_inventory,133703.0,ton,金属库存监控,,2026-08-26T09:57:47.355652,daily,B,confirmed
2026-05-13,shfe_inventory,133761.0,ton,金属库存监控,,2026-08-26T09:57:47.355652,daily,B,confirmed
2026-05-14,shfe_inventory,121513.0,ton,金属库存监控,,2026-08-26T09:57:47.355652,daily,B,confirmed
2026-05-15,shfe_inventory,132631.0,ton,金属库存监控,,2026-08-26T09:57:47.355652,daily,B,confirmed
2026-05-16,shfe_inventory,127456.0,ton,金属库存监控,,2026-08-26T09:57:47.355652,daily,B,confirmed
2026-05-17,shfe_inventory,131881.0,ton,金属库存监控,,2026-08-26T09:57:47.355652,daily,B,confirmed
2026-05-18,shfe_inventory,134670.0,ton,金属库存监控,,2026-08-26T09:57:47.355652,daily,B,confirmed
2026-05-19,shfe_inventory,127730.0,ton,金属库存监控,,2026-08-26T09:57:47.356161,daily,B,confirmed
2026-05-20,shfe_inventory,131853.0,ton,金属库存监控,,2026-08-26T09:57:47.356161,daily,B,confirmed
2026-05-21,shfe_inventory,130470.0,ton,金属库存监控,,2026-08-26T09:57:47.356161,daily,B,confirmed
2026-05-22,shfe_inventory,132459.0,ton,金属库存监控,,2026-08-26T09:57:47.356161,daily,B,confirmed
2026-05-23,shfe_inventory,129793.0,ton,金属库存监控,,2026-08-26T09:57:47.356161,daily,B,confirmed
2026-05-24,shfe_inventory,130447.0,ton,金属库存监控,,2026-08-26T09:57:47.356161,daily,B,confirmed
2026-05-25,shfe_inventory,138587.0,ton,金属库存监控,,2026-08-26T09:57:47.356161,daily,B,confirmed
2026-05-26,shfe_inventory,130829.0,ton,金属库存监控,,2026-08-26T09:57:47.356161,daily,B,confirmed
2026-05-27,shfe_inventory,130953.0,ton,金属库存监控,,2026-08-26T09:57:47.356161,daily,B,confirmed
2026-05-28,shfe_inventory,141559.0,ton,金属库存监控,,2026-08-26T09:57:47.356161,daily,B,confirmed
2026-05-29,shfe_inventory,141808.0,ton,金属库存监控,,2026-08-26T09:57:47.356161,daily,B,confirmed
2026-05-30,shfe_inventory,130331.0,ton,金属库存监控,,2026-08-26T09:57:47.356161,daily,B,confirmed
2026-05-31,shfe_inventory,132499.0,ton,金属库存监控,,2026-08-26T09:57:47.356161,daily,B,confirmed
2026-06-01,shfe_inventory,139324.0,ton,金属库存监控,,2026-08-26T09:57:47.356161,daily,B,confirmed
2026-06-02,shfe_inventory,143788.0,ton,金属库存监控,,2026-08-26T09:57:47.356161,daily,B,confirmed
2026-06-03,shfe_inventory,144891.0,ton,金属库存监控,,2026-08-26T09:57:47.356161,daily,B,confirmed
2026-06-04,shfe_inventory,147660.0,ton,金属库存监控,,2026-08-26T09:57:47.356161,daily,B,confirmed
2026-06-05,shfe_inventory,135995.0,ton,金属库存监控,,2026-08-26T09:57:47.356161,daily,B,confirmed
2026-06-06,shfe_inventory,138532.0,ton,金属库存监控,,2026-08-26T09:57:47.356161,daily,B,confirmed
2026-06-07,shfe_inventory,139682.0,ton,金属库存监控,,2026-08-26T09:57:47.356161,daily,B,confirmed
2026-06-08,shfe_inventory,141801.0,ton,金属库存监控,,2026-08-26T09:57:47.356161,daily,B,confirmed
2026-06-09,shfe_inventory,134027.0,ton,金属库存监控,,2026-08-26T09:57:47.356161,daily,B,confirmed
2026-06-10,shfe_inventory,146537.0,ton,金属库存监控,,2026-08-26T09:57:47.356161,daily,B,confirmed
2026-06-11,shfe_inventory,139815.0,ton,金属库存监控,,2026-08-26T09:57:47.356161,daily,B,confirmed
2026-06-12,shfe_inventory,146525.0,ton,金属库存监控,,2026-08-26T09:57:47.356161,daily,B,confirmed
2026-06-13,shfe_inventory,135349.0,ton,金属库存监控,,2026-08-26T09:57:47.356161,daily,B,confirmed
2026-06-14,shfe_inventory,137960.0,ton,金属库存监控,,2026-08-26T09:57:47.356161,daily,B,confirmed
2026-06-15,shfe_inventory,146284.0,ton,金属库存监控,,2026-08-26T09:57:47.356161,daily,B,confirmed
2026-06-16,shfe_inventory,142379.0,ton,金属库存监控,,2026-08-26T09:57:47.356161,daily,B,confirmed
2026-06-17,shfe_inventory,142225.0,ton,金属库存监控,,2026-08-26T09:57:47.356161,daily,B,confirmed
2026-06-18,shfe_inventory,136633.0,ton,金属库存监控,,2026-08-26T09:57:47.356161,daily,B,confirmed
2026-06-19,shfe_inventory,138676.0,ton,金属库存监控,,2026-08-26T09:57:47.356161,daily,B,confirmed
2026-06-20,shfe_inventory,146084.0,ton,金属库存监控,,2026-08-26T09:57:47.356161,daily,B,confirmed
2026-06-21,shfe_inventory,146082.0,ton,金属库存监控,,2026-08-26T09:57:47.356161,daily,B,confirmed
2026-06-22,shfe_inventory,135213.0,ton,金属库存监控,,2026-08-26T09:57:47.356161,daily,B,confirmed
2026-06-23,shfe_inventory,144578.0,ton,金属库存监控,,2026-08-26T09:57:47.356161,daily,B,confirmed
2026-06-24,shfe_inventory,146161.0,ton,金属库存监控,,2026-08-26T09:57:47.356161,daily,B,confirmed
2026-06-25,shfe_inventory,138195.0,ton,金属库存监控,,2026-08-26T09:57:47.356161,daily,B,confirmed
2026-06-26,shfe_inventory,146861.0,ton,金属库存监控,,2026-08-26T09:57:47.356161,daily,B,confirmed
2026-06-27,shfe_inventory,133310.0,ton,金属库存监控,,2026-08-26T09:57:47.356161,daily,B,confirmed
2026-06-28,shfe_inventory,140039.0,ton,金属库存监控,,2026-08-26T09:57:47.356161,daily,B,confirmed
2026-06-29,shfe_inventory,137102.0,ton,金属库存监控,,2026-08-26T09:57:47.356161,daily,B,confirmed
2026-06-30,shfe_inventory,137967.0,ton,金属库存监控,,2026-08-26T09:57:47.356161,daily,B,confirmed
2026-07-01,shfe_inventory,136393.0,ton,金属库存监控,,2026-08-26T09:57:47.356161,daily,B,confirmed
2026-07-02,shfe_inventory,140787.0,ton,金属库存监控,,2026-08-26T09:57:47.356161,daily,B,confirmed
2026-07-03,shfe_inventory,142297.0,ton,金属库存监控,,2026-08-26T09:57:47.356161,daily,B,confirmed
2026-07-04,shfe_inventory,132801.0,ton,金属库存监控,,2026-08-26T09:57:47.356161,daily,B,confirmed
2026-07-05,shfe_inventory,131910.0,ton,金属库存监控,,2026-08-26T09:57:47.356161,daily,B,confirmed
2026-07-06,shfe_inventory,127620.0,ton,金属库存监控,,2026-08-26T09:57:47.356161,daily,B,confirmed
2026-07-07,shfe_inventory,136050.0,ton,金属库存监控,,2026-08-26T09:57:47.356161,daily,B,confirmed
2026-07-08,shfe_inventory,130039.0,ton,金属库存监控,,2026-08-26T09:57:47.356161,daily,B,confirmed
2026-07-09,shfe_inventory,133346.0,ton,金属库存监控,,2026-08-26T09:57:47.356161,daily,B,confirmed
2026-07-10,shfe_inventory,128139.0,ton,金属库存监控,,2026-08-26T09:57:47.356161,daily,B,confirmed
2026-07-11,shfe_inventory,126735.0,ton,金属库存监控,,2026-08-26T09:57:47.356161,daily,B,confirmed
2026-07-12,shfe_inventory,124537.0,ton,金属库存监控,,2026-08-26T09:57:47.356161,daily,B,confirmed
2026-07-13,shfe_inventory,120479.0,ton,金属库存监控,,2026-08-26T09:57:47.356161,daily,B,confirmed
2025-05-28,social_financing,5923.0,CNY_bn,东方财富-社融,https://data.eastmoney.com/cjsj/xzxd.html,2026-07-02T02:41:12.620725,monthly,A,confirmed
2025-06-28,social_financing,23600.0,CNY_bn,东方财富-社融,https://data.eastmoney.com/cjsj/xzxd.html,2026-08-02T00:02:18.259927,monthly,A,confirmed
2025-07-28,social_financing,-4296.0,CNY_bn,东方财富-社融,https://data.eastmoney.com/cjsj/xzxd.html,2026-08-26T09:57:36.175194,monthly,A,confirmed
2025-08-28,social_financing,6253.0,CNY_bn,东方财富-社融,https://data.eastmoney.com/cjsj/xzxd.html,2026-08-26T09:57:36.175194,monthly,A,confirmed
2025-09-28,social_financing,16081.0,CNY_bn,东方财富-社融,https://data.eastmoney.com/cjsj/xzxd.html,2026-08-26T09:57:36.175194,monthly,A,confirmed
2025-10-28,social_financing,-154.0,CNY_bn,东方财富-社融,https://data.eastmoney.com/cjsj/xzxd.html,2026-08-26T09:57:36.175194,monthly,A,confirmed
2025-11-28,social_financing,4096.0,CNY_bn,东方财富-社融,https://data.eastmoney.com/cjsj/xzxd.html,2026-08-26T09:57:36.175194,monthly,A,confirmed
2025-12-28,social_financing,9804.0,CNY_bn,东方财富-社融,https://data.eastmoney.com/cjsj/xzxd.html,2026-08-26T09:57:36.174193,monthly,A,confirmed
2026-01-28,social_financing,49016.0,CNY_bn,东方财富-社融,https://data.eastmoney.com/cjsj/xzxd.html,2026-08-26T09:57:36.174193,monthly,A,confirmed
2026-02-28,social_financing,8458.0,CNY_bn,东方财富-社融,https://data.eastmoney.com/cjsj/xzxd.html,2026-08-26T09:57:36.174193,monthly,A,confirmed
2026-03-28,social_financing,31522.0,CNY_bn,东方财富-社融,https://data.eastmoney.com/cjsj/xzxd.html,2026-08-26T09:57:36.174193,monthly,A,confirmed
2026-04-28,social_financing,-4006.0,CNY_bn,东方财富-社融,https://data.eastmoney.com/cjsj/xzxd.html,2026-08-26T09:57:36.174193,monthly,A,confirmed
2026-05-28,social_financing,4965.0,CNY_bn,东方财富-社融,https://data.eastmoney.com/cjsj/xzxd.html,2026-08-26T09:57:36.174193,monthly,A,confirmed
2026-06-28,social_financing,17650.0,CNY_bn,东方财富-社融,https://data.eastmoney.com/cjsj/xzxd.html,2026-08-26T09:57:36.173195,monthly,A,confirmed
2026-07-28,social_financing,-5896.0,CNY_bn,东方财富-社融,https://data.eastmoney.com/cjsj/xzxd.html,2026-08-26T09:57:36.173195,monthly,A,confirmed
2025-05-27,spot_premium,1087.63,USD/ton,derived,,2026-07-01T10:03:05.434884,daily,C,confirmed
2025-05-28,spot_premium,1240.72,USD/ton,derived,,2026-07-02T02:41:23.846822,daily,C,confirmed
2025-05-29,spot_premium,1240.3,USD/ton,derived,,2026-07-03T00:05:23.839567,daily,C,confirmed
2025-05-30,spot_premium,1204.99,USD/ton,derived,,2026-07-04T00:03:59.798328,daily,C,confirmed
2025-06-03,spot_premium,838.19,USD/ton,derived,,2026-07-08T00:02:07.495663,daily,C,confirmed
2025-06-04,spot_premium,772.23,USD/ton,derived,,2026-07-09T00:04:17.148740,daily,C,confirmed
2025-06-05,spot_premium,690.8,USD/ton,derived,,2026-07-10T00:03:24.945007,daily,C,confirmed
2025-06-06,spot_premium,1016.15,USD/ton,derived,,2026-07-11T00:04:46.341101,daily,C,confirmed
2025-06-09,spot_premium,820.89,USD/ton,derived,,2026-07-14T00:02:42.790883,daily,C,confirmed
2025-06-10,spot_premium,867.7,USD/ton,derived,,2026-07-15T00:04:53.814400,daily,C,confirmed
2025-06-11,spot_premium,1127.57,USD/ton,derived,,2026-07-16T00:03:03.869128,daily,C,confirmed
2025-06-12,spot_premium,978.33,USD/ton,derived,,2026-07-17T09:02:26.426332,daily,C,confirmed
2025-06-13,spot_premium,938.01,USD/ton,derived,,2026-07-18T00:02:55.976727,daily,C,confirmed
2025-06-16,spot_premium,983.68,USD/ton,derived,,2026-07-21T00:04:14.814272,daily,C,confirmed
2025-06-17,spot_premium,1030.73,USD/ton,derived,,2026-07-22T00:04:44.836442,daily,C,confirmed
2025-06-18,spot_premium,974.63,USD/ton,derived,,2026-07-23T00:06:43.937790,daily,C,confirmed
2025-06-19,spot_premium,893.33,USD/ton,derived,,2026-07-23T00:06:43.937882,daily,C,confirmed
2025-06-20,spot_premium,878.05,USD/ton,derived,,2026-07-25T00:02:49.115501,daily,C,confirmed
2025-06-23,spot_premium,913.98,USD/ton,derived,,2026-07-28T00:02:50.982921,daily,C,confirmed
2025-06-24,spot_premium,900.83,USD/ton,derived,,2026-07-29T00:04:06.765534,daily,C,confirmed
2025-06-25,spot_premium,788.83,USD/ton,derived,,2026-07-30T00:05:36.771443,daily,C,confirmed
2025-06-26,spot_premium,535.84,USD/ton,derived,,2026-07-31T00:05:13.017188,daily,C,confirmed
2025-06-27,spot_premium,675.0,USD/ton,derived,,2026-08-01T00:06:55.649108,daily,C,confirmed
2025-06-30,spot_premium,740.19,USD/ton,derived,,2026-08-04T00:02:54.144194,daily,C,confirmed
2025-07-01,spot_premium,835.1,USD/ton,derived,,2026-08-05T00:04:40.260128,daily,C,confirmed
2025-07-02,spot_premium,581.66,USD/ton,derived,,2026-08-06T09:08:11.146560,daily,C,confirmed
2025-07-03,spot_premium,698.38,USD/ton,derived,,2026-08-07T00:05:20.448715,daily,C,confirmed
2025-07-04,spot_premium,748.48,USD/ton,derived,,2026-08-07T00:05:20.448805,daily,C,confirmed
2025-07-07,spot_premium,777.07,USD/ton,derived,,2026-08-11T00:07:00.393004,daily,C,confirmed
2025-07-09,spot_premium,-361.91,USD/ton,derived,,2026-08-13T00:01:57.204373,daily,C,confirmed
2025-07-11,spot_premium,-612.13,USD/ton,derived,,2026-08-15T00:03:31.874583,daily,C,confirmed
2025-07-14,spot_premium,-512.97,USD/ton,derived,,2026-08-17T00:05:46.073500,daily,C,confirmed
2025-07-15,spot_premium,-630.8,USD/ton,derived,,2026-08-19T00:05:38.532505,daily,C,confirmed
2025-07-16,spot_premium,-513.54,USD/ton,derived,,2026-08-20T00:03:08.281342,daily,C,confirmed
2025-07-17,spot_premium,-504.67,USD/ton,derived,,2026-08-21T00:03:31.943563,daily,C,confirmed
2025-07-18,spot_premium,-614.98,USD/ton,derived,,2026-08-22T00:05:37.455201,daily,C,confirmed
2025-07-21,spot_premium,-494.43,USD/ton,derived,,2026-08-22T00:05:37.455294,daily,C,confirmed
2025-07-22,spot_premium,-693.66,USD/ton,derived,,2026-08-26T09:57:47.320294,daily,C,confirmed
2025-07-23,spot_premium,-932.04,USD/ton,derived,,2026-08-26T09:57:47.320294,daily,C,confirmed
2025-07-24,spot_premium,-847.71,USD/ton,derived,,2026-08-26T09:57:47.320294,daily,C,confirmed
2025-07-25,spot_premium,-913.19,USD/ton,derived,,2026-08-26T09:57:47.320803,daily,C,confirmed
2025-07-28,spot_premium,-578.91,USD/ton,derived,,2026-08-26T09:57:47.320837,daily,C,confirmed
2025-07-29,spot_premium,-621.46,USD/ton,derived,,2026-08-26T09:57:47.320837,daily,C,confirmed
2025-07-30,spot_premium,-534.21,USD/ton,derived,,2026-08-26T09:57:47.320837,daily,C,confirmed
2025-08-01,spot_premium,1938.77,USD/ton,derived,,2026-08-26T09:57:47.321347,daily,C,confirmed
2025-08-04,spot_premium,1922.84,USD/ton,derived,,2026-08-26T09:57:47.321380,daily,C,confirmed
2025-08-05,spot_premium,2072.48,USD/ton,derived,,2026-08-26T09:57:47.321380,daily,C,confirmed
2025-08-06,spot_premium,1968.31,USD/ton,derived,,2026-08-26T09:57:47.321380,daily,C,confirmed
2025-08-07,spot_premium,2022.66,USD/ton,derived,,2026-08-26T09:57:47.321380,daily,C,confirmed
2025-08-08,spot_premium,1857.36,USD/ton,derived,,2026-08-26T09:57:47.321380,daily,C,confirmed
2025-08-11,spot_premium,2006.78,USD/ton,derived,,2026-08-26T09:57:47.321890,daily,C,confirmed
2025-08-12,spot_premium,1819.39,USD/ton,derived,,2026-08-26T09:57:47.321890,daily,C,confirmed
2025-08-13,spot_premium,1931.38,USD/ton,derived,,2026-08-26T09:57:47.321890,daily,C,confirmed
2025-08-14,spot_premium,1905.97,USD/ton,derived,,2026-08-26T09:57:47.322397,daily,C,confirmed
2025-08-15,spot_premium,1892.58,USD/ton,derived,,2026-08-26T09:57:47.322397,daily,C,confirmed
2025-08-18,spot_premium,1922.51,USD/ton,derived,,2026-08-26T09:57:47.322397,daily,C,confirmed
2025-08-19,spot_premium,2019.4,USD/ton,derived,,2026-08-26T09:57:47.322397,daily,C,confirmed
2025-08-20,spot_premium,1944.72,USD/ton,derived,,2026-08-26T09:57:47.322397,daily,C,confirmed
2025-08-21,spot_premium,1913.25,USD/ton,derived,,2026-08-26T09:57:47.322397,daily,C,confirmed
2025-08-22,spot_premium,1898.81,USD/ton,derived,,2026-08-26T09:57:47.322909,daily,C,confirmed
2025-08-25,spot_premium,2011.68,USD/ton,derived,,2026-08-26T09:57:47.322909,daily,C,confirmed
2025-08-26,spot_premium,1972.55,USD/ton,derived,,2026-08-26T09:57:47.322909,daily,C,confirmed
2025-08-27,spot_premium,2051.92,USD/ton,derived,,2026-08-26T09:57:47.322909,daily,C,confirmed
2025-08-28,spot_premium,1905.2,USD/ton,derived,,2026-08-26T09:57:47.322909,daily,C,confirmed
2025-08-29,spot_premium,1855.38,USD/ton,derived,,2026-08-26T09:57:47.322909,daily,C,confirmed
2025-09-01,spot_premium,1910.44,USD/ton,derived,,2026-08-26T09:57:47.322909,daily,C,confirmed
2025-09-02,spot_premium,1780.14,USD/ton,derived,,2026-08-26T09:57:47.322909,daily,C,confirmed
2025-09-03,spot_premium,1871.36,USD/ton,derived,,2026-08-26T09:57:47.322909,daily,C,confirmed
2025-09-04,spot_premium,1976.19,USD/ton,derived,,2026-08-26T09:57:47.323942,daily,C,confirmed
2025-09-05,spot_premium,2043.37,USD/ton,derived,,2026-08-26T09:57:47.323942,daily,C,confirmed
2025-09-08,spot_premium,1952.82,USD/ton,derived,,2026-08-26T09:57:47.323942,daily,C,confirmed
2025-09-09,spot_premium,1929.67,USD/ton,derived,,2026-08-26T09:57:47.324454,daily,C,confirmed
2025-09-10,spot_premium,1842.48,USD/ton,derived,,2026-08-26T09:57:47.324454,daily,C,confirmed
2025-09-11,spot_premium,1803.79,USD/ton,derived,,2026-08-26T09:57:47.324454,daily,C,confirmed
2025-09-12,spot_premium,1946.59,USD/ton,derived,,2026-08-26T09:57:47.324454,daily,C,confirmed
2025-09-15,spot_premium,1781.02,USD/ton,derived,,2026-08-26T09:57:47.324454,daily,C,confirmed
2025-09-16,spot_premium,1821.7,USD/ton,derived,,2026-08-26T09:57:47.325140,daily,C,confirmed
2025-09-17,spot_premium,1910.77,USD/ton,derived,,2026-08-26T09:57:47.325140,daily,C,confirmed
2025-09-18,spot_premium,1831.07,USD/ton,derived,,2026-08-26T09:57:47.325140,daily,C,confirmed
2025-09-19,spot_premium,1809.52,USD/ton,derived,,2026-08-26T09:57:47.325140,daily,C,confirmed
2025-09-22,spot_premium,1846.83,USD/ton,derived,,2026-08-26T09:57:47.325652,daily,C,confirmed
2025-09-23,spot_premium,1785.77,USD/ton,derived,,2026-08-26T09:57:47.325652,daily,C,confirmed
2025-09-24,spot_premium,1421.34,USD/ton,derived,,2026-08-26T09:57:47.325652,daily,C,confirmed
2025-09-25,spot_premium,1946.31,USD/ton,derived,,2026-08-26T09:57:47.325652,daily,C,confirmed
2025-09-26,spot_premium,1876.42,USD/ton,derived,,2026-08-26T09:57:47.325652,daily,C,confirmed
2025-09-29,spot_premium,1584.86,USD/ton,derived,,2026-08-26T09:57:47.325652,daily,C,confirmed
2025-09-30,spot_premium,1774.35,USD/ton,derived,,2026-08-26T09:57:47.325652,daily,C,confirmed
2025-10-09,spot_premium,1719.66,USD/ton,derived,,2026-08-26T09:57:47.326557,daily,C,confirmed
2025-10-10,spot_premium,2095.11,USD/ton,derived,,2026-08-26T09:57:47.326557,daily,C,confirmed
2025-10-13,spot_premium,1421.99,USD/ton,derived,,2026-08-26T09:57:47.326557,daily,C,confirmed
2025-10-14,spot_premium,1580.89,USD/ton,derived,,2026-08-26T09:57:47.326557,daily,C,confirmed
2025-10-15,spot_premium,1813.91,USD/ton,derived,,2026-08-26T09:57:47.327069,daily,C,confirmed
2025-10-16,spot_premium,1728.71,USD/ton,derived,,2026-08-26T09:57:47.327089,daily,C,confirmed
2025-10-17,spot_premium,1685.94,USD/ton,derived,,2026-08-26T09:57:47.327089,daily,C,confirmed
2025-10-20,spot_premium,1686.65,USD/ton,derived,,2026-08-26T09:57:47.327089,daily,C,confirmed
2025-10-21,spot_premium,1839.54,USD/ton,derived,,2026-08-26T09:57:47.327598,daily,C,confirmed
2025-10-22,spot_premium,1774.18,USD/ton,derived,,2026-08-26T09:57:47.327598,daily,C,confirmed
2025-10-23,spot_premium,1604.14,USD/ton,derived,,2026-08-26T09:57:47.327598,daily,C,confirmed
2025-10-24,spot_premium,1824.33,USD/ton,derived,,2026-08-26T09:57:47.327598,daily,C,confirmed
2025-10-27,spot_premium,1817.44,USD/ton,derived,,2026-08-26T09:57:47.327598,daily,C,confirmed
2025-10-28,spot_premium,1610.59,USD/ton,derived,,2026-08-26T09:57:47.327598,daily,C,confirmed
2025-10-29,spot_premium,1663.0,USD/ton,derived,,2026-08-26T09:57:47.327598,daily,C,confirmed
2025-10-30,spot_premium,1894.21,USD/ton,derived,,2026-08-26T09:57:47.327598,daily,C,confirmed
2025-10-31,spot_premium,1780.4,USD/ton,derived,,2026-08-26T09:57:47.328624,daily,C,confirmed
2025-11-03,spot_premium,1864.34,USD/ton,derived,,2026-08-26T09:57:47.328624,daily,C,confirmed
2025-11-04,spot_premium,1898.96,USD/ton,derived,,2026-08-26T09:57:47.328624,daily,C,confirmed
2025-11-05,spot_premium,1806.97,USD/ton,derived,,2026-08-26T09:57:47.328624,daily,C,confirmed
2025-11-06,spot_premium,1942.28,USD/ton,derived,,2026-08-26T09:57:47.328624,daily,C,confirmed
2025-11-07,spot_premium,1902.26,USD/ton,derived,,2026-08-26T09:57:47.328624,daily,C,confirmed
2025-11-10,spot_premium,1654.13,USD/ton,derived,,2026-08-26T09:57:47.328624,daily,C,confirmed
2025-11-11,spot_premium,1761.33,USD/ton,derived,,2026-08-26T09:57:47.328624,daily,C,confirmed
2025-11-12,spot_premium,1702.19,USD/ton,derived,,2026-08-26T09:57:47.329738,daily,C,confirmed
2025-11-13,spot_premium,1812.26,USD/ton,derived,,2026-08-26T09:57:47.329738,daily,C,confirmed
2025-11-14,spot_premium,1799.31,USD/ton,derived,,2026-08-26T09:57:47.329738,daily,C,confirmed
2025-11-17,spot_premium,1841.47,USD/ton,derived,,2026-08-26T09:57:47.329738,daily,C,confirmed
2025-11-18,spot_premium,1805.1,USD/ton,derived,,2026-08-26T09:57:47.329738,daily,C,confirmed
2025-11-19,spot_premium,1773.24,USD/ton,derived,,2026-08-26T09:57:47.329738,daily,C,confirmed
2025-11-20,spot_premium,1883.14,USD/ton,derived,,2026-08-26T09:57:47.330248,daily,C,confirmed
2025-11-21,spot_premium,1705.17,USD/ton,derived,,2026-08-26T09:57:47.330248,daily,C,confirmed
2025-11-24,spot_premium,1870.19,USD/ton,derived,,2026-08-26T09:57:47.330248,daily,C,confirmed
2025-11-25,spot_premium,1864.89,USD/ton,derived,,2026-08-26T09:57:47.330248,daily,C,confirmed
2025-11-26,spot_premium,1631.92,USD/ton,derived,,2026-08-26T09:57:47.330248,daily,C,confirmed
2025-11-27,spot_premium,1691.45,USD/ton,derived,,2026-08-26T09:57:47.330248,daily,C,confirmed
2025-11-28,spot_premium,1578.35,USD/ton,derived,,2026-08-26T09:57:47.330963,daily,C,confirmed
2025-12-01,spot_premium,1779.79,USD/ton,derived,,2026-08-26T09:57:47.330963,daily,C,confirmed
2025-12-02,spot_premium,1854.09,USD/ton,derived,,2026-08-26T09:57:47.330963,daily,C,confirmed
2025-12-03,spot_premium,1573.16,USD/ton,derived,,2026-08-26T09:57:47.330963,daily,C,confirmed
2025-12-04,spot_premium,1872.93,USD/ton,derived,,2026-08-26T09:57:47.330963,daily,C,confirmed
2025-12-05,spot_premium,1941.27,USD/ton,derived,,2026-08-26T09:57:47.331472,daily,C,confirmed
2025-12-08,spot_premium,2008.12,USD/ton,derived,,2026-08-26T09:57:47.331472,daily,C,confirmed
2025-12-09,spot_premium,2001.74,USD/ton,derived,,2026-08-26T09:57:47.331472,daily,C,confirmed
2025-12-10,spot_premium,2037.67,USD/ton,derived,,2026-08-26T09:57:47.331472,daily,C,confirmed
2025-12-11,spot_premium,1772.12,USD/ton,derived,,2026-08-26T09:57:47.331472,daily,C,confirmed
2025-12-12,spot_premium,2365.27,USD/ton,derived,,2026-08-26T09:57:47.331472,daily,C,confirmed
2025-12-15,spot_premium,1994.02,USD/ton,derived,,2026-08-26T09:57:47.332082,daily,C,confirmed
2025-12-16,spot_premium,2022.73,USD/ton,derived,,2026-08-26T09:57:47.332082,daily,C,confirmed
2025-12-17,spot_premium,1988.01,USD/ton,derived,,2026-08-26T09:57:47.332082,daily,C,confirmed
2025-12-18,spot_premium,1948.66,USD/ton,derived,,2026-08-26T09:57:47.332082,daily,C,confirmed
2025-12-19,spot_premium,1874.03,USD/ton,derived,,2026-08-26T09:57:47.332082,daily,C,confirmed
2025-12-22,spot_premium,2048.08,USD/ton,derived,,2026-08-26T09:57:47.332590,daily,C,confirmed
2025-12-23,spot_premium,1905.17,USD/ton,derived,,2026-08-26T09:57:47.332590,daily,C,confirmed
2025-12-24,spot_premium,2178.48,USD/ton,derived,,2026-08-26T09:57:47.332590,daily,C,confirmed
2025-12-25,spot_premium,2194.85,USD/ton,derived,,2026-08-26T09:57:47.332590,daily,C,confirmed
2025-12-26,spot_premium,1977.52,USD/ton,derived,,2026-08-26T09:57:47.332590,daily,C,confirmed
2025-12-29,spot_premium,2606.83,USD/ton,derived,,2026-08-26T09:57:47.332590,daily,C,confirmed
2025-12-30,spot_premium,1969.75,USD/ton,derived,,2026-08-26T09:57:47.333263,daily,C,confirmed
2025-12-31,spot_premium,2207.02,USD/ton,derived,,2026-08-26T09:57:47.333263,daily,C,confirmed
2026-01-05,spot_premium,2020.56,USD/ton,derived,,2026-08-26T09:57:47.333263,daily,C,confirmed
2026-01-06,spot_premium,2421.74,USD/ton,derived,,2026-08-26T09:57:47.333263,daily,C,confirmed
2026-01-07,spot_premium,2581.74,USD/ton,derived,,2026-08-26T09:57:47.333263,daily,C,confirmed
2026-01-08,spot_premium,2393.64,USD/ton,derived,,2026-08-26T09:57:47.333773,daily,C,confirmed
2026-01-09,spot_premium,2206.9,USD/ton,derived,,2026-08-26T09:57:47.333773,daily,C,confirmed
2026-01-12,spot_premium,2278.55,USD/ton,derived,,2026-08-26T09:57:47.333773,daily,C,confirmed
2026-01-13,spot_premium,2088.4,USD/ton,derived,,2026-08-26T09:57:47.333773,daily,C,confirmed
2026-01-14,spot_premium,2246.47,USD/ton,derived,,2026-08-26T09:57:47.333773,daily,C,confirmed
2026-01-15,spot_premium,2186.01,USD/ton,derived,,2026-08-26T09:57:47.334371,daily,C,confirmed
2026-01-16,spot_premium,2234.08,USD/ton,derived,,2026-08-26T09:57:47.334371,daily,C,confirmed
2026-01-19,spot_premium,2295.09,USD/ton,derived,,2026-08-26T09:57:47.334371,daily,C,confirmed
2026-01-20,spot_premium,2336.7,USD/ton,derived,,2026-08-26T09:57:47.334371,daily,C,confirmed
2026-01-21,spot_premium,2440.04,USD/ton,derived,,2026-08-26T09:57:47.334882,daily,C,confirmed
2026-01-22,spot_premium,2325.07,USD/ton,derived,,2026-08-26T09:57:47.334882,daily,C,confirmed
2026-01-23,spot_premium,2048.83,USD/ton,derived,,2026-08-26T09:57:47.334882,daily,C,confirmed
2026-01-26,spot_premium,1968.25,USD/ton,derived,,2026-08-26T09:57:47.334882,daily,C,confirmed
2026-01-27,spot_premium,2418.22,USD/ton,derived,,2026-08-26T09:57:47.334882,daily,C,confirmed
2026-01-28,spot_premium,2345.57,USD/ton,derived,,2026-08-26T09:57:47.334882,daily,C,confirmed
2026-01-29,spot_premium,2621.96,USD/ton,derived,,2026-08-26T09:57:47.335491,daily,C,confirmed
2026-01-30,spot_premium,2427.91,USD/ton,derived,,2026-08-26T09:57:47.335491,daily,C,confirmed
2026-02-02,spot_premium,1879.53,USD/ton,derived,,2026-08-26T09:57:47.335491,daily,C,confirmed
2026-02-03,spot_premium,2185.07,USD/ton,derived,,2026-08-26T09:57:47.335491,daily,C,confirmed
2026-02-04,spot_premium,2804.68,USD/ton,derived,,2026-08-26T09:57:47.335491,daily,C,confirmed
2026-02-05,spot_premium,2242.18,USD/ton,derived,,2026-08-26T09:57:47.336004,daily,C,confirmed
2026-02-06,spot_premium,1969.03,USD/ton,derived,,2026-08-26T09:57:47.336004,daily,C,confirmed
2026-02-09,spot_premium,2048.28,USD/ton,derived,,2026-08-26T09:57:47.336004,daily,C,confirmed
2026-02-10,spot_premium,2114.64,USD/ton,derived,,2026-08-26T09:57:47.336004,daily,C,confirmed
2026-02-11,spot_premium,2090.06,USD/ton,derived,,2026-08-26T09:57:47.336004,daily,C,confirmed
2026-02-12,spot_premium,2504.8,USD/ton,derived,,2026-08-26T09:57:47.336004,daily,C,confirmed
2026-02-13,spot_premium,2204.43,USD/ton,derived,,2026-08-26T09:57:47.336642,daily,C,confirmed
2026-02-24,spot_premium,2092.32,USD/ton,derived,,2026-08-26T09:57:47.336642,daily,C,confirmed
2026-02-25,spot_premium,2128.47,USD/ton,derived,,2026-08-26T09:57:47.336642,daily,C,confirmed
2026-02-26,spot_premium,2167.38,USD/ton,derived,,2026-08-26T09:57:47.336642,daily,C,confirmed
2026-02-27,spot_premium,2226.63,USD/ton,derived,,2026-08-26T09:57:47.336642,daily,C,confirmed
2026-03-02,spot_premium,2458.72,USD/ton,derived,,2026-08-26T09:57:47.337152,daily,C,confirmed
2026-03-03,spot_premium,2465.06,USD/ton,derived,,2026-08-26T09:57:47.337152,daily,C,confirmed
2026-03-04,spot_premium,2219.91,USD/ton,derived,,2026-08-26T09:57:47.337152,daily,C,confirmed
2026-03-05,spot_premium,2358.47,USD/ton,derived,,2026-08-26T09:57:47.337152,daily,C,confirmed
2026-03-06,spot_premium,2345.19,USD/ton,derived,,2026-08-26T09:57:47.337152,daily,C,confirmed
2026-03-09,spot_premium,2121.31,USD/ton,derived,,2026-08-26T09:57:47.337152,daily,C,confirmed
2026-03-10,spot_premium,2091.05,USD/ton,derived,,2026-08-26T09:57:47.337792,daily,C,confirmed
2026-03-11,spot_premium,2164.96,USD/ton,derived,,2026-08-26T09:57:47.337792,daily,C,confirmed
2026-03-12,spot_premium,2190.43,USD/ton,derived,,2026-08-26T09:57:47.337792,daily,C,confirmed
2026-03-13,spot_premium,2328.77,USD/ton,derived,,2026-08-26T09:57:47.337792,daily,C,confirmed
2026-03-16,spot_premium,2073.42,USD/ton,derived,,2026-08-26T09:57:47.337792,daily,C,confirmed
2026-03-17,spot_premium,2157.97,USD/ton,derived,,2026-08-26T09:57:47.338303,daily,C,confirmed
2026-03-18,spot_premium,2429.63,USD/ton,derived,,2026-08-26T09:57:47.338303,daily,C,confirmed
2026-03-19,spot_premium,2072.88,USD/ton,derived,,2026-08-26T09:57:47.338303,daily,C,confirmed
2026-03-20,spot_premium,2320.02,USD/ton,derived,,2026-08-26T09:57:47.338303,daily,C,confirmed
2026-03-23,spot_premium,1713.31,USD/ton,derived,,2026-08-26T09:57:47.338303,daily,C,confirmed
2026-03-24,spot_premium,2037.99,USD/ton,derived,,2026-08-26T09:57:47.338303,daily,C,confirmed
2026-03-25,spot_premium,2035.34,USD/ton,derived,,2026-08-26T09:57:47.338303,daily,C,confirmed
2026-03-26,spot_premium,2181.51,USD/ton,derived,,2026-08-26T09:57:47.338973,daily,C,confirmed
2026-03-27,spot_premium,2222.63,USD/ton,derived,,2026-08-26T09:57:47.338973,daily,C,confirmed
2026-03-30,spot_premium,2177.49,USD/ton,derived,,2026-08-26T09:57:47.338973,daily,C,confirmed
2026-03-31,spot_premium,1869.17,USD/ton,derived,,2026-08-26T09:57:47.338973,daily,C,confirmed
2026-04-01,spot_premium,2040.19,USD/ton,derived,,2026-08-26T09:57:47.338973,daily,C,confirmed
2026-04-02,spot_premium,2003.54,USD/ton,derived,,2026-08-26T09:57:47.339485,daily,C,confirmed
2026-04-03,spot_premium,2058.6,USD/ton,derived,,2026-08-26T09:57:47.339485,daily,C,confirmed
2026-04-07,spot_premium,2145.52,USD/ton,derived,,2026-08-26T09:57:47.339485,daily,C,confirmed
2026-04-08,spot_premium,1918.55,USD/ton,derived,,2026-08-26T09:57:47.339485,daily,C,confirmed
2026-04-09,spot_premium,1882.89,USD/ton,derived,,2026-08-26T09:57:47.339485,daily,C,confirmed
2026-04-10,spot_premium,1706.57,USD/ton,derived,,2026-08-26T09:57:47.340068,daily,C,confirmed
2026-04-13,spot_premium,1648.09,USD/ton,derived,,2026-08-26T09:57:47.340068,daily,C,confirmed
2026-04-14,spot_premium,1674.87,USD/ton,derived,,2026-08-26T09:57:47.340068,daily,C,confirmed
2026-04-15,spot_premium,1805.5,USD/ton,derived,,2026-08-26T09:57:47.340068,daily,C,confirmed
2026-04-16,spot_premium,1911.37,USD/ton,derived,,2026-08-26T09:57:47.340068,daily,C,confirmed
2026-04-17,spot_premium,1771.77,USD/ton,derived,,2026-08-26T09:57:47.340579,daily,C,confirmed
2026-04-20,spot_premium,1963.73,USD/ton,derived,,2026-08-26T09:57:47.340579,daily,C,confirmed
2026-04-21,spot_premium,1968.36,USD/ton,derived,,2026-08-26T09:57:47.340579,daily,C,confirmed
2026-04-22,spot_premium,1781.52,USD/ton,derived,,2026-08-26T09:57:47.341075,daily,C,confirmed
2026-04-23,spot_premium,1900.46,USD/ton,derived,,2026-08-26T09:57:47.341075,daily,C,confirmed
2026-04-24,spot_premium,1967.48,USD/ton,derived,,2026-08-26T09:57:47.341075,daily,C,confirmed
2026-04-27,spot_premium,2030.2,USD/ton,derived,,2026-08-26T09:57:47.341075,daily,C,confirmed
2026-04-28,spot_premium,2178.02,USD/ton,derived,,2026-08-26T09:57:47.341588,daily,C,confirmed
2026-04-29,spot_premium,2163.64,USD/ton,derived,,2026-08-26T09:57:47.341588,daily,C,confirmed
2026-04-30,spot_premium,1969.63,USD/ton,derived,,2026-08-26T09:57:47.341588,daily,C,confirmed
2026-05-06,spot_premium,1748.12,USD/ton,derived,,2026-08-26T09:57:47.341588,daily,C,confirmed
2026-05-07,spot_premium,1818.56,USD/ton,derived,,2026-08-26T09:57:47.342310,daily,C,confirmed
2026-05-08,spot_premium,1781.35,USD/ton,derived,,2026-08-26T09:57:47.342310,daily,C,confirmed
2026-05-11,spot_premium,1429.11,USD/ton,derived,,2026-08-26T09:57:47.342310,daily,C,confirmed
2026-05-12,spot_premium,1552.72,USD/ton,derived,,2026-08-26T09:57:47.342310,daily,C,confirmed
2026-05-13,spot_premium,1518.55,USD/ton,derived,,2026-08-26T09:57:47.342824,daily,C,confirmed
2026-05-14,spot_premium,1406.56,USD/ton,derived,,2026-08-26T09:57:47.342824,daily,C,confirmed
2026-05-15,spot_premium,1799.65,USD/ton,derived,,2026-08-26T09:57:47.342824,daily,C,confirmed
2026-05-18,spot_premium,1697.91,USD/ton,derived,,2026-08-26T09:57:47.342824,daily,C,confirmed
2026-05-19,spot_premium,1963.56,USD/ton,derived,,2026-08-26T09:57:47.343223,daily,C,confirmed
2026-05-20,spot_premium,1605.04,USD/ton,derived,,2026-08-26T09:57:47.343223,daily,C,confirmed
2026-05-21,spot_premium,1687.82,USD/ton,derived,,2026-08-26T09:57:47.343465,daily,C,confirmed
2026-05-22,spot_premium,1623.94,USD/ton,derived,,2026-08-26T09:57:47.343465,daily,C,confirmed
2026-05-25,spot_premium,1740.01,USD/ton,derived,,2026-08-26T09:57:47.343465,daily,C,confirmed
2026-05-26,spot_premium,1595.44,USD/ton,derived,,2026-08-26T09:57:47.343465,daily,C,confirmed
2026-05-27,spot_premium,1677.24,USD/ton,derived,,2026-08-26T09:57:47.343465,daily,C,confirmed
2026-05-28,spot_premium,1397.75,USD/ton,derived,,2026-08-26T09:57:47.343994,daily,C,confirmed
2026-05-29,spot_premium,1604.7,USD/ton,derived,,2026-08-26T09:57:47.343994,daily,C,confirmed
2026-06-01,spot_premium,1194.42,USD/ton,derived,,2026-08-26T09:57:47.343994,daily,C,confirmed
2026-06-02,spot_premium,1206.43,USD/ton,derived,,2026-08-26T09:57:47.343994,daily,C,confirmed
2026-06-03,spot_premium,1542.2,USD/ton,derived,,2026-08-26T09:57:47.343994,daily,C,confirmed
2026-06-04,spot_premium,1293.02,USD/ton,derived,,2026-08-26T09:57:47.344516,daily,C,confirmed
2026-06-05,spot_premium,1838.67,USD/ton,derived,,2026-08-26T09:57:47.344516,daily,C,confirmed
2026-06-08,spot_premium,1539.89,USD/ton,derived,,2026-08-26T09:57:47.344516,daily,C,confirmed
2026-06-09,spot_premium,1678.28,USD/ton,derived,,2026-08-26T09:57:47.344516,daily,C,confirmed
2026-06-10,spot_premium,1715.87,USD/ton,derived,,2026-08-26T09:57:47.344516,daily,C,confirmed
2026-06-11,spot_premium,1552.46,USD/ton,derived,,2026-08-26T09:57:47.344516,daily,C,confirmed
2026-06-12,spot_premium,1397.58,USD/ton,derived,,2026-08-26T09:57:47.344516,daily,C,confirmed
2026-06-15,spot_premium,1421.33,USD/ton,derived,,2026-08-26T09:57:47.344516,daily,C,confirmed
2026-06-16,spot_premium,1261.17,USD/ton,derived,,2026-08-26T09:57:47.344516,daily,C,confirmed
2026-06-17,spot_premium,1405.68,USD/ton,derived,,2026-08-26T09:57:47.344516,daily,C,confirmed
2026-06-18,spot_premium,1550.8,USD/ton,derived,,2026-08-26T09:57:47.344516,daily,C,confirmed
2026-06-22,spot_premium,1611.32,USD/ton,derived,,2026-08-26T09:57:47.345514,daily,C,confirmed
2026-06-23,spot_premium,1875.1,USD/ton,derived,,2026-08-26T09:57:47.345642,daily,C,confirmed
2026-06-24,spot_premium,2307.15,USD/ton,derived,,2026-08-26T09:57:47.345642,daily,C,confirmed
2026-06-25,spot_premium,1679.34,USD/ton,derived,,2026-08-26T09:57:47.345642,daily,C,confirmed
2026-06-26,spot_premium,1573.41,USD/ton,derived,,2026-08-26T09:57:47.345642,daily,C,confirmed
2026-06-29,spot_premium,1908.5,USD/ton,derived,,2026-08-26T09:57:47.345642,daily,C,confirmed
2026-06-30,spot_premium,1718.41,USD/ton,derived,,2026-08-26T09:57:47.346154,daily,C,confirmed
2026-07-01,spot_premium,1666.66,USD/ton,derived,,2026-08-26T09:57:47.346154,daily,C,confirmed
2026-07-02,spot_premium,1690.97,USD/ton,derived,,2026-08-26T09:57:47.346154,daily,C,confirmed
2026-07-03,spot_premium,1844.24,USD/ton,derived,,2026-08-26T09:57:47.346154,daily,C,confirmed
2026-07-06,spot_premium,1701.27,USD/ton,derived,,2026-08-26T09:57:47.346154,daily,C,confirmed
2026-07-07,spot_premium,1717.09,USD/ton,derived,,2026-08-26T09:57:47.346154,daily,C,confirmed
2026-07-08,spot_premium,1957.17,USD/ton,derived,,2026-08-26T09:57:47.346837,daily,C,confirmed
2026-07-09,spot_premium,1649.46,USD/ton,derived,,2026-08-26T09:57:47.346837,daily,C,confirmed
2026-07-10,spot_premium,1690.52,USD/ton,derived,,2026-08-26T09:57:47.346837,daily,C,confirmed
2026-07-13,spot_premium,1594.9,USD/ton,derived,,2026-08-26T09:57:47.346837,daily,C,confirmed
2026-07-14,spot_premium,1571.53,USD/ton,derived,,2026-08-26T09:57:47.347347,daily,C,confirmed
2026-07-15,spot_premium,1622.23,USD/ton,derived,,2026-08-26T09:57:47.347347,daily,C,confirmed
2026-07-16,spot_premium,1647.97,USD/ton,derived,,2026-08-26T09:57:47.347347,daily,C,confirmed
2026-07-17,spot_premium,1669.69,USD/ton,derived,,2026-08-26T09:57:47.347347,daily,C,confirmed
2026-07-20,spot_premium,1558.02,USD/ton,derived,,2026-08-26T09:57:47.347347,daily,C,confirmed
2026-07-21,spot_premium,1339.15,USD/ton,derived,,2026-08-26T09:57:47.347347,daily,C,confirmed
2026-07-22,spot_premium,1525.0,USD/ton,derived,,2026-08-26T09:57:47.347347,daily,C,confirmed
2026-07-23,spot_premium,1857.3,USD/ton,derived,,2026-08-26T09:57:47.347981,daily,C,confirmed
2026-07-24,spot_premium,1654.58,USD/ton,derived,,2026-08-26T09:57:47.347981,daily,C,confirmed
2026-07-27,spot_premium,1657.34,USD/ton,derived,,2026-08-26T09:57:47.347981,daily,C,confirmed
2026-07-28,spot_premium,1659.1,USD/ton,derived,,2026-08-26T09:57:47.347981,daily,C,confirmed
2026-07-29,spot_premium,1777.93,USD/ton,derived,,2026-08-26T09:57:47.347981,daily,C,confirmed
2026-07-30,spot_premium,1371.18,USD/ton,derived,,2026-08-26T09:57:47.348489,daily,C,confirmed
2026-07-31,spot_premium,1504.5,USD/ton,derived,,2026-08-26T09:57:47.348489,daily,C,confirmed
2026-08-03,spot_premium,1430.76,USD/ton,derived,,2026-08-26T09:57:47.348489,daily,C,confirmed
2026-08-04,spot_premium,1279.24,USD/ton,derived,,2026-08-26T09:57:47.348489,daily,C,confirmed
2026-08-05,spot_premium,1195.63,USD/ton,derived,,2026-08-26T09:57:47.348489,daily,C,confirmed
2026-08-06,spot_premium,1229.42,USD/ton,derived,,2026-08-26T09:57:47.348489,daily,C,confirmed
2026-08-07,spot_premium,1645.48,USD/ton,derived,,2026-08-26T09:57:47.348489,daily,C,confirmed
2026-08-10,spot_premium,1510.72,USD/ton,derived,,2026-08-26T09:57:47.348489,daily,C,confirmed
2026-08-11,spot_premium,1487.02,USD/ton,derived,,2026-08-26T09:57:47.349268,daily,C,confirmed
2026-08-12,spot_premium,1585.57,USD/ton,derived,,2026-08-26T09:57:47.349268,daily,C,confirmed
2026-08-13,spot_premium,1449.66,USD/ton,derived,,2026-08-26T09:57:47.349268,daily,C,confirmed
2026-08-14,spot_premium,1475.89,USD/ton,derived,,2026-08-26T09:57:47.349268,daily,C,confirmed
2026-08-17,spot_premium,1741.27,USD/ton,derived,,2026-08-26T09:57:47.349268,daily,C,confirmed
2026-08-18,spot_premium,1769.55,USD/ton,derived,,2026-08-26T09:57:47.349777,daily,C,confirmed
2026-08-19,spot_premium,1597.81,USD/ton,derived,,2026-08-26T09:57:47.349777,daily,C,confirmed
2026-08-20,spot_premium,1710.52,USD/ton,derived,,2026-08-26T09:57:47.349777,daily,C,confirmed
2026-08-21,spot_premium,1494.69,USD/ton,derived,,2026-08-26T09:57:47.349777,daily,C,confirmed
2026-08-24,spot_premium,1509.73,USD/ton,derived,,2026-08-26T09:57:47.350352,daily,C,confirmed
2026-08-25,spot_premium,1266.62,USD/ton,derived,,2026-08-26T09:57:47.350352,daily,C,confirmed
2025-12-01,tc_rc,21.25,USD/ton,Antofagasta-Jiangxi,https://www.mining.com/,2026-08-26T09:57:47.356161,monthly,B,confirmed
2026-01-01,tc_rc,0.0,USD/ton,Antofagasta-Jiangxi,https://www.mining.com/,2026-08-26T09:57:47.356161,monthly,B,confirmed
2026-05-01,tc_rc,-119.3,USD/ton,Argus,https://www.argusmedia.com/,2026-06-29T16:20:45.533274,monthly,B,confirmed
2026-06-01,tc_rc,-126.8,USD/ton,Argus,https://www.argusmedia.com/,2026-06-29T16:20:45.533274,monthly,B,confirmed
2026-05-01,tc_rc_spot,-119.3,USD/ton,Argus,https://www.argusmedia.com/,2026-08-26T09:57:47.356161,monthly,B,confirmed
2026-06-01,tc_rc_spot,-126.8,USD/ton,Argus,https://www.argusmedia.com/,2026-08-26T09:57:47.356161,monthly,B,confirmed
2025-05-27,term_structure,backwardation,label,derived,,2026-07-01T10:03:05.457335,daily,C,confirmed
2025-05-28,term_structure,backwardation,label,derived,,2026-07-02T02:41:23.858441,daily,C,confirmed
2025-05-29,term_structure,backwardation,label,derived,,2026-07-03T00:05:23.851977,daily,C,confirmed
2025-05-30,term_structure,backwardation,label,derived,,2026-07-04T00:03:59.811439,daily,C,confirmed
2025-06-03,term_structure,backwardation,label,derived,,2026-07-08T00:02:07.507462,daily,C,confirmed
2025-06-04,term_structure,backwardation,label,derived,,2026-07-09T00:04:17.162421,daily,C,confirmed
2025-06-05,term_structure,backwardation,label,derived,,2026-07-10T00:03:24.956554,daily,C,confirmed
2025-06-06,term_structure,backwardation,label,derived,,2026-07-11T00:04:46.353036,daily,C,confirmed
2025-06-09,term_structure,backwardation,label,derived,,2026-07-14T00:02:42.802686,daily,C,confirmed
2025-06-10,term_structure,backwardation,label,derived,,2026-07-15T00:04:53.827262,daily,C,confirmed
2025-06-11,term_structure,backwardation,label,derived,,2026-07-16T00:03:03.880794,daily,C,confirmed
2025-06-12,term_structure,backwardation,label,derived,,2026-07-17T09:02:26.450680,daily,C,confirmed
2025-06-13,term_structure,backwardation,label,derived,,2026-07-18T00:02:55.989005,daily,C,confirmed
2025-06-16,term_structure,backwardation,label,derived,,2026-07-21T00:04:14.827012,daily,C,confirmed
2025-06-17,term_structure,backwardation,label,derived,,2026-07-22T00:04:44.852649,daily,C,confirmed
2025-06-18,term_structure,backwardation,label,derived,,2026-07-23T00:06:43.949206,daily,C,confirmed
2025-06-19,term_structure,backwardation,label,derived,,2026-07-23T00:06:43.949210,daily,C,confirmed
2025-06-20,term_structure,backwardation,label,derived,,2026-07-25T00:02:49.127802,daily,C,confirmed
2025-06-23,term_structure,backwardation,label,derived,,2026-07-28T00:02:50.994527,daily,C,confirmed
2025-06-24,term_structure,backwardation,label,derived,,2026-07-29T00:04:06.777252,daily,C,confirmed
2025-06-25,term_structure,backwardation,label,derived,,2026-07-30T00:05:36.783409,daily,C,confirmed
2025-06-26,term_structure,backwardation,label,derived,,2026-07-31T00:05:13.030043,daily,C,confirmed
2025-06-27,term_structure,backwardation,label,derived,,2026-08-01T00:06:55.661559,daily,C,confirmed
2025-06-30,term_structure,backwardation,label,derived,,2026-08-04T00:02:54.156042,daily,C,confirmed
2025-07-01,term_structure,backwardation,label,derived,,2026-08-05T00:04:40.272105,daily,C,confirmed
2025-07-02,term_structure,backwardation,label,derived,,2026-08-06T09:08:11.170298,daily,C,confirmed
2025-07-03,term_structure,backwardation,label,derived,,2026-08-07T00:05:20.460518,daily,C,confirmed
2025-07-04,term_structure,backwardation,label,derived,,2026-08-07T00:05:20.460522,daily,C,confirmed
2025-07-07,term_structure,backwardation,label,derived,,2026-08-11T00:07:00.405128,daily,C,confirmed
2025-07-08,term_structure,contango,label,derived,,2026-08-12T00:01:14.189463,daily,C,confirmed
2025-07-09,term_structure,contango,label,derived,,2026-08-13T00:01:57.216504,daily,C,confirmed
2025-07-10,term_structure,contango,label,derived,,2026-08-14T00:03:11.884086,daily,C,confirmed
2025-07-11,term_structure,contango,label,derived,,2026-08-15T00:03:31.886371,daily,C,confirmed
2025-07-14,term_structure,contango,label,derived,,2026-08-17T00:05:46.084896,daily,C,confirmed
2025-07-15,term_structure,contango,label,derived,,2026-08-19T00:05:38.544242,daily,C,confirmed
2025-07-16,term_structure,contango,label,derived,,2026-08-20T00:03:08.292897,daily,C,confirmed
2025-07-17,term_structure,contango,label,derived,,2026-08-21T00:03:31.955275,daily,C,confirmed
2025-07-18,term_structure,contango,label,derived,,2026-08-22T00:05:37.466780,daily,C,confirmed
2025-07-21,term_structure,contango,label,derived,,2026-08-22T00:05:37.466783,daily,C,confirmed
2025-07-22,term_structure,contango,label,derived,,2026-08-26T09:57:47.350861,daily,C,confirmed
2025-07-23,term_structure,contango,label,derived,,2026-08-26T09:57:47.350861,daily,C,confirmed
2025-07-24,term_structure,contango,label,derived,,2026-08-26T09:57:47.350861,daily,C,confirmed
2025-07-25,term_structure,contango,label,derived,,2026-08-26T09:57:47.350861,daily,C,confirmed
2025-07-28,term_structure,contango,label,derived,,2026-08-26T09:57:47.350861,daily,C,confirmed
2025-07-29,term_structure,contango,label,derived,,2026-08-26T09:57:47.350861,daily,C,confirmed
2025-07-30,term_structure,contango,label,derived,,2026-08-26T09:57:47.350861,daily,C,confirmed
2025-07-31,term_structure,backwardation,label,derived,,2026-08-26T09:57:47.350861,daily,C,confirmed
2025-08-01,term_structure,backwardation,label,derived,,2026-08-26T09:57:47.350861,daily,C,confirmed
2025-08-04,term_structure,backwardation,label,derived,,2026-08-26T09:57:47.350861,daily,C,confirmed
2025-08-05,term_structure,backwardation,label,derived,,2026-08-26T09:57:47.350861,daily,C,confirmed
2025-08-06,term_structure,backwardation,label,derived,,2026-08-26T09:57:47.350861,daily,C,confirmed
2025-08-07,term_structure,backwardation,label,derived,,2026-08-26T09:57:47.350861,daily,C,confirmed
2025-08-08,term_structure,backwardation,label,derived,,2026-08-26T09:57:47.350861,daily,C,confirmed
2025-08-11,term_structure,backwardation,label,derived,,2026-08-26T09:57:47.350861,daily,C,confirmed
2025-08-12,term_structure,backwardation,label,derived,,2026-08-26T09:57:47.350861,daily,C,confirmed
2025-08-13,term_structure,backwardation,label,derived,,2026-08-26T09:57:47.350861,daily,C,confirmed
2025-08-14,term_structure,backwardation,label,derived,,2026-08-26T09:57:47.350861,daily,C,confirmed
2025-08-15,term_structure,backwardation,label,derived,,2026-08-26T09:57:47.350861,daily,C,confirmed
2025-08-18,term_structure,backwardation,label,derived,,2026-08-26T09:57:47.350861,daily,C,confirmed
2025-08-19,term_structure,backwardation,label,derived,,2026-08-26T09:57:47.350861,daily,C,confirmed
2025-08-20,term_structure,backwardation,label,derived,,2026-08-26T09:57:47.350861,daily,C,confirmed
2025-08-21,term_structure,backwardation,label,derived,,2026-08-26T09:57:47.350861,daily,C,confirmed
2025-08-22,term_structure,backwardation,label,derived,,2026-08-26T09:57:47.350861,daily,C,confirmed
2025-08-25,term_structure,backwardation,label,derived,,2026-08-26T09:57:47.350861,daily,C,confirmed
2025-08-26,term_structure,backwardation,label,derived,,2026-08-26T09:57:47.350861,daily,C,confirmed
2025-08-27,term_structure,backwardation,label,derived,,2026-08-26T09:57:47.350861,daily,C,confirmed
2025-08-28,term_structure,backwardation,label,derived,,2026-08-26T09:57:47.350861,daily,C,confirmed
2025-08-29,term_structure,backwardation,label,derived,,2026-08-26T09:57:47.350861,daily,C,confirmed
2025-09-01,term_structure,backwardation,label,derived,,2026-08-26T09:57:47.350861,daily,C,confirmed
2025-09-02,term_structure,backwardation,label,derived,,2026-08-26T09:57:47.350861,daily,C,confirmed
2025-09-03,term_structure,backwardation,label,derived,,2026-08-26T09:57:47.350861,daily,C,confirmed
2025-09-04,term_structure,backwardation,label,derived,,2026-08-26T09:57:47.350861,daily,C,confirmed
2025-09-05,term_structure,backwardation,label,derived,,2026-08-26T09:57:47.350861,daily,C,confirmed
2025-09-08,term_structure,backwardation,label,derived,,2026-08-26T09:57:47.350861,daily,C,confirmed
2025-09-09,term_structure,backwardation,label,derived,,2026-08-26T09:57:47.350861,daily,C,confirmed
2025-09-10,term_structure,backwardation,label,derived,,2026-08-26T09:57:47.350861,daily,C,confirmed
2025-09-11,term_structure,backwardation,label,derived,,2026-08-26T09:57:47.350861,daily,C,confirmed
2025-09-12,term_structure,backwardation,label,derived,,2026-08-26T09:57:47.350861,daily,C,confirmed
2025-09-15,term_structure,backwardation,label,derived,,2026-08-26T09:57:47.350861,daily,C,confirmed
2025-09-16,term_structure,backwardation,label,derived,,2026-08-26T09:57:47.350861,daily,C,confirmed
2025-09-17,term_structure,backwardation,label,derived,,2026-08-26T09:57:47.350861,daily,C,confirmed
2025-09-18,term_structure,backwardation,label,derived,,2026-08-26T09:57:47.350861,daily,C,confirmed
2025-09-19,term_structure,backwardation,label,derived,,2026-08-26T09:57:47.350861,daily,C,confirmed
2025-09-22,term_structure,backwardation,label,derived,,2026-08-26T09:57:47.350861,daily,C,confirmed
2025-09-23,term_structure,backwardation,label,derived,,2026-08-26T09:57:47.350861,daily,C,confirmed
2025-09-24,term_structure,backwardation,label,derived,,2026-08-26T09:57:47.350861,daily,C,confirmed
2025-09-25,term_structure,backwardation,label,derived,,2026-08-26T09:57:47.350861,daily,C,confirmed
2025-09-26,term_structure,backwardation,label,derived,,2026-08-26T09:57:47.350861,daily,C,confirmed
2025-09-29,term_structure,backwardation,label,derived,,2026-08-26T09:57:47.350861,daily,C,confirmed
2025-09-30,term_structure,backwardation,label,derived,,2026-08-26T09:57:47.350861,daily,C,confirmed
2025-10-09,term_structure,backwardation,label,derived,,2026-08-26T09:57:47.350861,daily,C,confirmed
2025-10-10,term_structure,backwardation,label,derived,,2026-08-26T09:57:47.350861,daily,C,confirmed
2025-10-13,term_structure,backwardation,label,derived,,2026-08-26T09:57:47.350861,daily,C,confirmed
2025-10-14,term_structure,backwardation,label,derived,,2026-08-26T09:57:47.350861,daily,C,confirmed
2025-10-15,term_structure,backwardation,label,derived,,2026-08-26T09:57:47.350861,daily,C,confirmed
2025-10-16,term_structure,backwardation,label,derived,,2026-08-26T09:57:47.350861,daily,C,confirmed
2025-10-17,term_structure,backwardation,label,derived,,2026-08-26T09:57:47.350861,daily,C,confirmed
2025-10-20,term_structure,backwardation,label,derived,,2026-08-26T09:57:47.350861,daily,C,confirmed
2025-10-21,term_structure,backwardation,label,derived,,2026-08-26T09:57:47.350861,daily,C,confirmed
2025-10-22,term_structure,backwardation,label,derived,,2026-08-26T09:57:47.350861,daily,C,confirmed
2025-10-23,term_structure,backwardation,label,derived,,2026-08-26T09:57:47.350861,daily,C,confirmed
2025-10-24,term_structure,backwardation,label,derived,,2026-08-26T09:57:47.350861,daily,C,confirmed
2025-10-27,term_structure,backwardation,label,derived,,2026-08-26T09:57:47.350861,daily,C,confirmed
2025-10-28,term_structure,backwardation,label,derived,,2026-08-26T09:57:47.350861,daily,C,confirmed
2025-10-29,term_structure,backwardation,label,derived,,2026-08-26T09:57:47.350861,daily,C,confirmed
2025-10-30,term_structure,backwardation,label,derived,,2026-08-26T09:57:47.350861,daily,C,confirmed
2025-10-31,term_structure,backwardation,label,derived,,2026-08-26T09:57:47.350861,daily,C,confirmed
2025-11-03,term_structure,backwardation,label,derived,,2026-08-26T09:57:47.350861,daily,C,confirmed
2025-11-04,term_structure,backwardation,label,derived,,2026-08-26T09:57:47.350861,daily,C,confirmed
2025-11-05,term_structure,backwardation,label,derived,,2026-08-26T09:57:47.350861,daily,C,confirmed
2025-11-06,term_structure,backwardation,label,derived,,2026-08-26T09:57:47.350861,daily,C,confirmed
2025-11-07,term_structure,backwardation,label,derived,,2026-08-26T09:57:47.350861,daily,C,confirmed
2025-11-10,term_structure,backwardation,label,derived,,2026-08-26T09:57:47.350861,daily,C,confirmed
2025-11-11,term_structure,backwardation,label,derived,,2026-08-26T09:57:47.350861,daily,C,confirmed
2025-11-12,term_structure,backwardation,label,derived,,2026-08-26T09:57:47.350861,daily,C,confirmed
2025-11-13,term_structure,backwardation,label,derived,,2026-08-26T09:57:47.350861,daily,C,confirmed
2025-11-14,term_structure,backwardation,label,derived,,2026-08-26T09:57:47.350861,daily,C,confirmed
2025-11-17,term_structure,backwardation,label,derived,,2026-08-26T09:57:47.350861,daily,C,confirmed
2025-11-18,term_structure,backwardation,label,derived,,2026-08-26T09:57:47.350861,daily,C,confirmed
2025-11-19,term_structure,backwardation,label,derived,,2026-08-26T09:57:47.350861,daily,C,confirmed
2025-11-20,term_structure,backwardation,label,derived,,2026-08-26T09:57:47.350861,daily,C,confirmed
2025-11-21,term_structure,backwardation,label,derived,,2026-08-26T09:57:47.350861,daily,C,confirmed
2025-11-24,term_structure,backwardation,label,derived,,2026-08-26T09:57:47.350861,daily,C,confirmed
2025-11-25,term_structure,backwardation,label,derived,,2026-08-26T09:57:47.350861,daily,C,confirmed
2025-11-26,term_structure,backwardation,label,derived,,2026-08-26T09:57:47.350861,daily,C,confirmed
2025-11-27,term_structure,backwardation,label,derived,,2026-08-26T09:57:47.350861,daily,C,confirmed
2025-11-28,term_structure,backwardation,label,derived,,2026-08-26T09:57:47.350861,daily,C,confirmed
2025-12-01,term_structure,backwardation,label,derived,,2026-08-26T09:57:47.350861,daily,C,confirmed
2025-12-02,term_structure,backwardation,label,derived,,2026-08-26T09:57:47.350861,daily,C,confirmed
2025-12-03,term_structure,backwardation,label,derived,,2026-08-26T09:57:47.350861,daily,C,confirmed
2025-12-04,term_structure,backwardation,label,derived,,2026-08-26T09:57:47.350861,daily,C,confirmed
2025-12-05,term_structure,backwardation,label,derived,,2026-08-26T09:57:47.350861,daily,C,confirmed
2025-12-08,term_structure,backwardation,label,derived,,2026-08-26T09:57:47.350861,daily,C,confirmed
2025-12-09,term_structure,backwardation,label,derived,,2026-08-26T09:57:47.350861,daily,C,confirmed
2025-12-10,term_structure,backwardation,label,derived,,2026-08-26T09:57:47.350861,daily,C,confirmed
2025-12-11,term_structure,backwardation,label,derived,,2026-08-26T09:57:47.350861,daily,C,confirmed
2025-12-12,term_structure,backwardation,label,derived,,2026-08-26T09:57:47.350861,daily,C,confirmed
2025-12-15,term_structure,backwardation,label,derived,,2026-08-26T09:57:47.350861,daily,C,confirmed
2025-12-16,term_structure,backwardation,label,derived,,2026-08-26T09:57:47.350861,daily,C,confirmed
2025-12-17,term_structure,backwardation,label,derived,,2026-08-26T09:57:47.350861,daily,C,confirmed
2025-12-18,term_structure,backwardation,label,derived,,2026-08-26T09:57:47.350861,daily,C,confirmed
2025-12-19,term_structure,backwardation,label,derived,,2026-08-26T09:57:47.350861,daily,C,confirmed
2025-12-22,term_structure,backwardation,label,derived,,2026-08-26T09:57:47.350861,daily,C,confirmed
2025-12-23,term_structure,backwardation,label,derived,,2026-08-26T09:57:47.350861,daily,C,confirmed
2025-12-24,term_structure,backwardation,label,derived,,2026-08-26T09:57:47.350861,daily,C,confirmed
2025-12-25,term_structure,backwardation,label,derived,,2026-08-26T09:57:47.350861,daily,C,confirmed
2025-12-26,term_structure,backwardation,label,derived,,2026-08-26T09:57:47.350861,daily,C,confirmed
2025-12-29,term_structure,backwardation,label,derived,,2026-08-26T09:57:47.350861,daily,C,confirmed
2025-12-30,term_structure,backwardation,label,derived,,2026-08-26T09:57:47.350861,daily,C,confirmed
2025-12-31,term_structure,backwardation,label,derived,,2026-08-26T09:57:47.350861,daily,C,confirmed
2026-01-05,term_structure,backwardation,label,derived,,2026-08-26T09:57:47.350861,daily,C,confirmed
2026-01-06,term_structure,backwardation,label,derived,,2026-08-26T09:57:47.350861,daily,C,confirmed
2026-01-07,term_structure,backwardation,label,derived,,2026-08-26T09:57:47.350861,daily,C,confirmed
2026-01-08,term_structure,backwardation,label,derived,,2026-08-26T09:57:47.350861,daily,C,confirmed
2026-01-09,term_structure,backwardation,label,derived,,2026-08-26T09:57:47.350861,daily,C,confirmed
2026-01-12,term_structure,backwardation,label,derived,,2026-08-26T09:57:47.350861,daily,C,confirmed
2026-01-13,term_structure,backwardation,label,derived,,2026-08-26T09:57:47.350861,daily,C,confirmed
2026-01-14,term_structure,backwardation,label,derived,,2026-08-26T09:57:47.350861,daily,C,confirmed
2026-01-15,term_structure,backwardation,label,derived,,2026-08-26T09:57:47.350861,daily,C,confirmed
2026-01-16,term_structure,backwardation,label,derived,,2026-08-26T09:57:47.350861,daily,C,confirmed
2026-01-19,term_structure,backwardation,label,derived,,2026-08-26T09:57:47.350861,daily,C,confirmed
2026-01-20,term_structure,backwardation,label,derived,,2026-08-26T09:57:47.350861,daily,C,confirmed
2026-01-21,term_structure,backwardation,label,derived,,2026-08-26T09:57:47.350861,daily,C,confirmed
2026-01-22,term_structure,backwardation,label,derived,,2026-08-26T09:57:47.350861,daily,C,confirmed
2026-01-23,term_structure,backwardation,label,derived,,2026-08-26T09:57:47.350861,daily,C,confirmed
2026-01-26,term_structure,backwardation,label,derived,,2026-08-26T09:57:47.350861,daily,C,confirmed
2026-01-27,term_structure,backwardation,label,derived,,2026-08-26T09:57:47.350861,daily,C,confirmed
2026-01-28,term_structure,backwardation,label,derived,,2026-08-26T09:57:47.350861,daily,C,confirmed
2026-01-29,term_structure,backwardation,label,derived,,2026-08-26T09:57:47.350861,daily,C,confirmed
2026-01-30,term_structure,backwardation,label,derived,,2026-08-26T09:57:47.350861,daily,C,confirmed
2026-02-02,term_structure,backwardation,label,derived,,2026-08-26T09:57:47.350861,daily,C,confirmed
2026-02-03,term_structure,backwardation,label,derived,,2026-08-26T09:57:47.350861,daily,C,confirmed
2026-02-04,term_structure,backwardation,label,derived,,2026-08-26T09:57:47.350861,daily,C,confirmed
2026-02-05,term_structure,backwardation,label,derived,,2026-08-26T09:57:47.350861,daily,C,confirmed
2026-02-06,term_structure,backwardation,label,derived,,2026-08-26T09:57:47.350861,daily,C,confirmed
2026-02-09,term_structure,backwardation,label,derived,,2026-08-26T09:57:47.350861,daily,C,confirmed
2026-02-10,term_structure,backwardation,label,derived,,2026-08-26T09:57:47.350861,daily,C,confirmed
2026-02-11,term_structure,backwardation,label,derived,,2026-08-26T09:57:47.350861,daily,C,confirmed
2026-02-12,term_structure,backwardation,label,derived,,2026-08-26T09:57:47.350861,daily,C,confirmed
2026-02-13,term_structure,backwardation,label,derived,,2026-08-26T09:57:47.350861,daily,C,confirmed
2026-02-24,term_structure,backwardation,label,derived,,2026-08-26T09:57:47.350861,daily,C,confirmed
2026-02-25,term_structure,backwardation,label,derived,,2026-08-26T09:57:47.350861,daily,C,confirmed
2026-02-26,term_structure,backwardation,label,derived,,2026-08-26T09:57:47.350861,daily,C,confirmed
2026-02-27,term_structure,backwardation,label,derived,,2026-08-26T09:57:47.350861,daily,C,confirmed
2026-03-02,term_structure,backwardation,label,derived,,2026-08-26T09:57:47.350861,daily,C,confirmed
2026-03-03,term_structure,backwardation,label,derived,,2026-08-26T09:57:47.350861,daily,C,confirmed
2026-03-04,term_structure,backwardation,label,derived,,2026-08-26T09:57:47.350861,daily,C,confirmed
2026-03-05,term_structure,backwardation,label,derived,,2026-08-26T09:57:47.350861,daily,C,confirmed
2026-03-06,term_structure,backwardation,label,derived,,2026-08-26T09:57:47.350861,daily,C,confirmed
2026-03-09,term_structure,backwardation,label,derived,,2026-08-26T09:57:47.350861,daily,C,confirmed
2026-03-10,term_structure,backwardation,label,derived,,2026-08-26T09:57:47.350861,daily,C,confirmed
2026-03-11,term_structure,backwardation,label,derived,,2026-08-26T09:57:47.350861,daily,C,confirmed
2026-03-12,term_structure,backwardation,label,derived,,2026-08-26T09:57:47.350861,daily,C,confirmed
2026-03-13,term_structure,backwardation,label,derived,,2026-08-26T09:57:47.350861,daily,C,confirmed
2026-03-16,term_structure,backwardation,label,derived,,2026-08-26T09:57:47.350861,daily,C,confirmed
2026-03-17,term_structure,backwardation,label,derived,,2026-08-26T09:57:47.350861,daily,C,confirmed
2026-03-18,term_structure,backwardation,label,derived,,2026-08-26T09:57:47.350861,daily,C,confirmed
2026-03-19,term_structure,backwardation,label,derived,,2026-08-26T09:57:47.350861,daily,C,confirmed
2026-03-20,term_structure,backwardation,label,derived,,2026-08-26T09:57:47.350861,daily,C,confirmed
2026-03-23,term_structure,backwardation,label,derived,,2026-08-26T09:57:47.350861,daily,C,confirmed
2026-03-24,term_structure,backwardation,label,derived,,2026-08-26T09:57:47.350861,daily,C,confirmed
2026-03-25,term_structure,backwardation,label,derived,,2026-08-26T09:57:47.350861,daily,C,confirmed
2026-03-26,term_structure,backwardation,label,derived,,2026-08-26T09:57:47.350861,daily,C,confirmed
2026-03-27,term_structure,backwardation,label,derived,,2026-08-26T09:57:47.350861,daily,C,confirmed
2026-03-30,term_structure,backwardation,label,derived,,2026-08-26T09:57:47.350861,daily,C,confirmed
2026-03-31,term_structure,backwardation,label,derived,,2026-08-26T09:57:47.350861,daily,C,confirmed
2026-04-01,term_structure,backwardation,label,derived,,2026-08-26T09:57:47.350861,daily,C,confirmed
2026-04-02,term_structure,backwardation,label,derived,,2026-08-26T09:57:47.350861,daily,C,confirmed
2026-04-03,term_structure,backwardation,label,derived,,2026-08-26T09:57:47.350861,daily,C,confirmed
2026-04-07,term_structure,backwardation,label,derived,,2026-08-26T09:57:47.350861,daily,C,confirmed
2026-04-08,term_structure,backwardation,label,derived,,2026-08-26T09:57:47.350861,daily,C,confirmed
2026-04-09,term_structure,backwardation,label,derived,,2026-08-26T09:57:47.350861,daily,C,confirmed
2026-04-10,term_structure,backwardation,label,derived,,2026-08-26T09:57:47.350861,daily,C,confirmed
2026-04-13,term_structure,backwardation,label,derived,,2026-08-26T09:57:47.350861,daily,C,confirmed
2026-04-14,term_structure,backwardation,label,derived,,2026-08-26T09:57:47.350861,daily,C,confirmed
2026-04-15,term_structure,backwardation,label,derived,,2026-08-26T09:57:47.350861,daily,C,confirmed
2026-04-16,term_structure,backwardation,label,derived,,2026-08-26T09:57:47.350861,daily,C,confirmed
2026-04-17,term_structure,backwardation,label,derived,,2026-08-26T09:57:47.350861,daily,C,confirmed
2026-04-20,term_structure,backwardation,label,derived,,2026-08-26T09:57:47.350861,daily,C,confirmed
2026-04-21,term_structure,backwardation,label,derived,,2026-08-26T09:57:47.350861,daily,C,confirmed
2026-04-22,term_structure,backwardation,label,derived,,2026-08-26T09:57:47.350861,daily,C,confirmed
2026-04-23,term_structure,backwardation,label,derived,,2026-08-26T09:57:47.350861,daily,C,confirmed
2026-04-24,term_structure,backwardation,label,derived,,2026-08-26T09:57:47.350861,daily,C,confirmed
2026-04-27,term_structure,backwardation,label,derived,,2026-08-26T09:57:47.350861,daily,C,confirmed
2026-04-28,term_structure,backwardation,label,derived,,2026-08-26T09:57:47.350861,daily,C,confirmed
2026-04-29,term_structure,backwardation,label,derived,,2026-08-26T09:57:47.350861,daily,C,confirmed
2026-04-30,term_structure,backwardation,label,derived,,2026-08-26T09:57:47.350861,daily,C,confirmed
2026-05-06,term_structure,backwardation,label,derived,,2026-08-26T09:57:47.350861,daily,C,confirmed
2026-05-07,term_structure,backwardation,label,derived,,2026-08-26T09:57:47.350861,daily,C,confirmed
2026-05-08,term_structure,backwardation,label,derived,,2026-08-26T09:57:47.350861,daily,C,confirmed
2026-05-11,term_structure,backwardation,label,derived,,2026-08-26T09:57:47.350861,daily,C,confirmed
2026-05-12,term_structure,backwardation,label,derived,,2026-08-26T09:57:47.350861,daily,C,confirmed
2026-05-13,term_structure,backwardation,label,derived,,2026-08-26T09:57:47.350861,daily,C,confirmed
2026-05-14,term_structure,backwardation,label,derived,,2026-08-26T09:57:47.350861,daily,C,confirmed
2026-05-15,term_structure,backwardation,label,derived,,2026-08-26T09:57:47.350861,daily,C,confirmed
2026-05-18,term_structure,backwardation,label,derived,,2026-08-26T09:57:47.350861,daily,C,confirmed
2026-05-19,term_structure,backwardation,label,derived,,2026-08-26T09:57:47.350861,daily,C,confirmed
2026-05-20,term_structure,backwardation,label,derived,,2026-08-26T09:57:47.350861,daily,C,confirmed
2026-05-21,term_structure,backwardation,label,derived,,2026-08-26T09:57:47.350861,daily,C,confirmed
2026-05-22,term_structure,backwardation,label,derived,,2026-08-26T09:57:47.350861,daily,C,confirmed
2026-05-25,term_structure,backwardation,label,derived,,2026-08-26T09:57:47.350861,daily,C,confirmed
2026-05-26,term_structure,backwardation,label,derived,,2026-08-26T09:57:47.350861,daily,C,confirmed
2026-05-27,term_structure,backwardation,label,derived,,2026-08-26T09:57:47.350861,daily,C,confirmed
2026-05-28,term_structure,backwardation,label,derived,,2026-08-26T09:57:47.350861,daily,C,confirmed
2026-05-29,term_structure,backwardation,label,derived,,2026-08-26T09:57:47.350861,daily,C,confirmed
2026-06-01,term_structure,backwardation,label,derived,,2026-08-26T09:57:47.350861,daily,C,confirmed
2026-06-02,term_structure,backwardation,label,derived,,2026-08-26T09:57:47.350861,daily,C,confirmed
2026-06-03,term_structure,backwardation,label,derived,,2026-08-26T09:57:47.350861,daily,C,confirmed
2026-06-04,term_structure,backwardation,label,derived,,2026-08-26T09:57:47.350861,daily,C,confirmed
2026-06-05,term_structure,backwardation,label,derived,,2026-08-26T09:57:47.350861,daily,C,confirmed
2026-06-08,term_structure,backwardation,label,derived,,2026-08-26T09:57:47.350861,daily,C,confirmed
2026-06-09,term_structure,backwardation,label,derived,,2026-08-26T09:57:47.350861,daily,C,confirmed
2026-06-10,term_structure,backwardation,label,derived,,2026-08-26T09:57:47.350861,daily,C,confirmed
2026-06-11,term_structure,backwardation,label,derived,,2026-08-26T09:57:47.350861,daily,C,confirmed
2026-06-12,term_structure,backwardation,label,derived,,2026-08-26T09:57:47.350861,daily,C,confirmed
2026-06-15,term_structure,backwardation,label,derived,,2026-08-26T09:57:47.350861,daily,C,confirmed
2026-06-16,term_structure,backwardation,label,derived,,2026-08-26T09:57:47.350861,daily,C,confirmed
2026-06-17,term_structure,backwardation,label,derived,,2026-08-26T09:57:47.350861,daily,C,confirmed
2026-06-18,term_structure,backwardation,label,derived,,2026-08-26T09:57:47.350861,daily,C,confirmed
2026-06-22,term_structure,backwardation,label,derived,,2026-08-26T09:57:47.350861,daily,C,confirmed
2026-06-23,term_structure,backwardation,label,derived,,2026-08-26T09:57:47.350861,daily,C,confirmed
2026-06-24,term_structure,backwardation,label,derived,,2026-08-26T09:57:47.350861,daily,C,confirmed
2026-06-25,term_structure,backwardation,label,derived,,2026-08-26T09:57:47.350861,daily,C,confirmed
2026-06-26,term_structure,backwardation,label,derived,,2026-08-26T09:57:47.350861,daily,C,confirmed
2026-06-29,term_structure,backwardation,label,derived,,2026-08-26T09:57:47.350861,daily,C,confirmed
2026-06-30,term_structure,backwardation,label,derived,,2026-08-26T09:57:47.350861,daily,C,confirmed
2026-07-01,term_structure,backwardation,label,derived,,2026-08-26T09:57:47.350861,daily,C,confirmed
2026-07-02,term_structure,backwardation,label,derived,,2026-08-26T09:57:47.350861,daily,C,confirmed
2026-07-03,term_structure,backwardation,label,derived,,2026-08-26T09:57:47.350861,daily,C,confirmed
2026-07-06,term_structure,backwardation,label,derived,,2026-08-26T09:57:47.350861,daily,C,confirmed
2026-07-07,term_structure,backwardation,label,derived,,2026-08-26T09:57:47.350861,daily,C,confirmed
2026-07-08,term_structure,backwardation,label,derived,,2026-08-26T09:57:47.351440,daily,C,confirmed
2026-07-09,term_structure,backwardation,label,derived,,2026-08-26T09:57:47.351440,daily,C,confirmed
2026-07-10,term_structure,backwardation,label,derived,,2026-08-26T09:57:47.351440,daily,C,confirmed
2026-07-13,term_structure,backwardation,label,derived,,2026-08-26T09:57:47.351440,daily,C,confirmed
2026-07-14,term_structure,backwardation,label,derived,,2026-08-26T09:57:47.351440,daily,C,confirmed
2026-07-15,term_structure,backwardation,label,derived,,2026-08-26T09:57:47.351440,daily,C,confirmed
2026-07-16,term_structure,backwardation,label,derived,,2026-08-26T09:57:47.351440,daily,C,confirmed
2026-07-17,term_structure,backwardation,label,derived,,2026-08-26T09:57:47.351440,daily,C,confirmed
2026-07-20,term_structure,backwardation,label,derived,,2026-08-26T09:57:47.351440,daily,C,confirmed
2026-07-21,term_structure,backwardation,label,derived,,2026-08-26T09:57:47.351440,daily,C,confirmed
2026-07-22,term_structure,backwardation,label,derived,,2026-08-26T09:57:47.351440,daily,C,confirmed
2026-07-23,term_structure,backwardation,label,derived,,2026-08-26T09:57:47.351440,daily,C,confirmed
2026-07-24,term_structure,backwardation,label,derived,,2026-08-26T09:57:47.351440,daily,C,confirmed
2026-07-27,term_structure,backwardation,label,derived,,2026-08-26T09:57:47.351440,daily,C,confirmed
2026-07-28,term_structure,backwardation,label,derived,,2026-08-26T09:57:47.351440,daily,C,confirmed
2026-07-29,term_structure,backwardation,label,derived,,2026-08-26T09:57:47.351440,daily,C,confirmed
2026-07-30,term_structure,backwardation,label,derived,,2026-08-26T09:57:47.351440,daily,C,confirmed
2026-07-31,term_structure,backwardation,label,derived,,2026-08-26T09:57:47.351440,daily,C,confirmed
2026-08-03,term_structure,backwardation,label,derived,,2026-08-26T09:57:47.351440,daily,C,confirmed
2026-08-04,term_structure,backwardation,label,derived,,2026-08-26T09:57:47.351440,daily,C,confirmed
2026-08-05,term_structure,backwardation,label,derived,,2026-08-26T09:57:47.351440,daily,C,confirmed
2026-08-06,term_structure,backwardation,label,derived,,2026-08-26T09:57:47.351440,daily,C,confirmed
2026-08-07,term_structure,backwardation,label,derived,,2026-08-26T09:57:47.351440,daily,C,confirmed
2026-08-10,term_structure,backwardation,label,derived,,2026-08-26T09:57:47.351440,daily,C,confirmed
2026-08-11,term_structure,backwardation,label,derived,,2026-08-26T09:57:47.351440,daily,C,confirmed
2026-08-12,term_structure,backwardation,label,derived,,2026-08-26T09:57:47.351440,daily,C,confirmed
2026-08-13,term_structure,backwardation,label,derived,,2026-08-26T09:57:47.351440,daily,C,confirmed
2026-08-14,term_structure,backwardation,label,derived,,2026-08-26T09:57:47.351440,daily,C,confirmed
2026-08-17,term_structure,backwardation,label,derived,,2026-08-26T09:57:47.351440,daily,C,confirmed
2026-08-18,term_structure,backwardation,label,derived,,2026-08-26T09:57:47.351440,daily,C,confirmed
2026-08-19,term_structure,backwardation,label,derived,,2026-08-26T09:57:47.351440,daily,C,confirmed
2026-08-20,term_structure,backwardation,label,derived,,2026-08-26T09:57:47.351440,daily,C,confirmed
2026-08-21,term_structure,backwardation,label,derived,,2026-08-26T09:57:47.351440,daily,C,confirmed
2026-08-24,term_structure,backwardation,label,derived,,2026-08-26T09:57:47.351440,daily,C,confirmed
2026-08-25,term_structure,backwardation,label,derived,,2026-08-26T09:57:47.351440,daily,C,confirmed
2026-06-29,transformer_tender_value,40.0,CNY_100m,国家电网,,2026-08-26T09:57:47.356161,batch,C,confirmed
2026-06-30,uhv_approved_projects,400.0,CNY_100m,发改委,,2026-08-26T09:57:47.356161,semiannual,B,confirmed
2025-05-27,us_10y_real_rate,2.11,pct,FRED,https://fred.stlouisfed.org/series/DFII10,2026-07-01T10:02:51.371450,daily,A,confirmed
2025-05-28,us_10y_real_rate,2.15,pct,FRED,https://fred.stlouisfed.org/series/DFII10,2026-07-02T02:41:03.063570,daily,A,confirmed
2025-05-29,us_10y_real_rate,2.11,pct,FRED,https://fred.stlouisfed.org/series/DFII10,2026-07-03T00:04:40.190302,daily,A,confirmed
2025-05-30,us_10y_real_rate,2.07,pct,FRED,https://fred.stlouisfed.org/series/DFII10,2026-07-04T00:03:16.767723,daily,A,confirmed
2025-06-02,us_10y_real_rate,2.13,pct,FRED,https://fred.stlouisfed.org/series/DFII10,2026-07-07T00:04:29.493408,daily,A,confirmed
2025-06-03,us_10y_real_rate,2.14,pct,FRED,https://fred.stlouisfed.org/series/DFII10,2026-07-08T00:01:44.370179,daily,A,confirmed
2025-06-04,us_10y_real_rate,2.06,pct,FRED,https://fred.stlouisfed.org/series/DFII10,2026-07-09T00:03:20.074760,daily,A,confirmed
2025-06-05,us_10y_real_rate,2.11,pct,FRED,https://fred.stlouisfed.org/series/DFII10,2026-07-10T00:03:03.244897,daily,A,confirmed
2025-06-06,us_10y_real_rate,2.2,pct,FRED,https://fred.stlouisfed.org/series/DFII10,2026-07-11T00:04:27.223498,daily,A,confirmed
2025-06-09,us_10y_real_rate,2.18,pct,FRED,https://fred.stlouisfed.org/series/DFII10,2026-07-14T00:02:10.331703,daily,A,confirmed
2025-06-10,us_10y_real_rate,2.18,pct,FRED,https://fred.stlouisfed.org/series/DFII10,2026-07-15T00:04:38.527259,daily,A,confirmed
2025-06-11,us_10y_real_rate,2.14,pct,FRED,https://fred.stlouisfed.org/series/DFII10,2026-07-16T00:02:40.327211,daily,A,confirmed
2025-06-12,us_10y_real_rate,2.11,pct,FRED,https://fred.stlouisfed.org/series/DFII10,2026-07-17T09:02:10.092863,daily,A,confirmed
2025-06-13,us_10y_real_rate,2.13,pct,FRED,https://fred.stlouisfed.org/series/DFII10,2026-07-18T00:02:29.478578,daily,A,confirmed
2025-06-16,us_10y_real_rate,2.16,pct,FRED,https://fred.stlouisfed.org/series/DFII10,2026-07-21T00:03:57.170768,daily,A,confirmed
2025-06-17,us_10y_real_rate,2.08,pct,FRED,https://fred.stlouisfed.org/series/DFII10,2026-07-22T00:04:26.909383,daily,A,confirmed
2025-06-18,us_10y_real_rate,2.07,pct,FRED,https://fred.stlouisfed.org/series/DFII10,2026-07-23T00:06:24.794562,daily,A,confirmed
2025-06-20,us_10y_real_rate,2.05,pct,FRED,https://fred.stlouisfed.org/series/DFII10,2026-07-25T00:02:21.115005,daily,A,confirmed
2025-06-23,us_10y_real_rate,2.04,pct,FRED,https://fred.stlouisfed.org/series/DFII10,2026-07-28T00:02:24.637624,daily,A,confirmed
2025-06-24,us_10y_real_rate,2.01,pct,FRED,https://fred.stlouisfed.org/series/DFII10,2026-07-29T00:03:49.546931,daily,A,confirmed
2025-06-25,us_10y_real_rate,2.01,pct,FRED,https://fred.stlouisfed.org/series/DFII10,2026-07-30T00:05:14.956433,daily,A,confirmed
2025-06-26,us_10y_real_rate,1.98,pct,FRED,https://fred.stlouisfed.org/series/DFII10,2026-07-31T00:04:44.974228,daily,A,confirmed
2025-06-27,us_10y_real_rate,2.0,pct,FRED,https://fred.stlouisfed.org/series/DFII10,2026-08-01T00:06:39.257648,daily,A,confirmed
2025-06-30,us_10y_real_rate,1.95,pct,FRED,https://fred.stlouisfed.org/series/DFII10,2026-08-04T10:01:24.987633,daily,A,confirmed
2025-07-01,us_10y_real_rate,1.97,pct,FRED,https://fred.stlouisfed.org/series/DFII10,2026-08-05T00:04:01.239804,daily,A,confirmed
2025-07-02,us_10y_real_rate,2.0,pct,FRED,https://fred.stlouisfed.org/series/DFII10,2026-08-06T09:07:56.166553,daily,A,confirmed
2025-07-03,us_10y_real_rate,2.02,pct,FRED,https://fred.stlouisfed.org/series/DFII10,2026-08-07T00:04:54.289457,daily,A,confirmed
2025-07-07,us_10y_real_rate,2.05,pct,FRED,https://fred.stlouisfed.org/series/DFII10,2026-08-11T00:06:37.808548,daily,A,confirmed
2025-07-08,us_10y_real_rate,2.07,pct,FRED,https://fred.stlouisfed.org/series/DFII10,2026-08-12T00:00:48.764096,daily,A,confirmed
2025-07-09,us_10y_real_rate,2.01,pct,FRED,https://fred.stlouisfed.org/series/DFII10,2026-08-13T00:01:34.956039,daily,A,confirmed
2025-07-10,us_10y_real_rate,2.01,pct,FRED,https://fred.stlouisfed.org/series/DFII10,2026-08-14T00:02:50.069791,daily,A,confirmed
2025-07-11,us_10y_real_rate,2.06,pct,FRED,https://fred.stlouisfed.org/series/DFII10,2026-08-15T00:02:53.784831,daily,A,confirmed
2025-07-14,us_10y_real_rate,2.04,pct,FRED,https://fred.stlouisfed.org/series/DFII10,2026-08-17T00:05:18.931836,daily,A,confirmed
2025-07-15,us_10y_real_rate,2.09,pct,FRED,https://fred.stlouisfed.org/series/DFII10,2026-08-19T00:04:51.967970,daily,A,confirmed
2025-07-16,us_10y_real_rate,2.05,pct,FRED,https://fred.stlouisfed.org/series/DFII10,2026-08-20T00:02:50.122915,daily,A,confirmed
2025-07-17,us_10y_real_rate,2.04,pct,FRED,https://fred.stlouisfed.org/series/DFII10,2026-08-21T00:03:13.500743,daily,A,confirmed
2025-07-18,us_10y_real_rate,2.03,pct,FRED,https://fred.stlouisfed.org/series/DFII10,2026-08-22T00:05:15.820803,daily,A,confirmed
2025-07-21,us_10y_real_rate,1.98,pct,FRED,https://fred.stlouisfed.org/series/DFII10,2026-08-22T00:05:15.820859,daily,A,confirmed
2025-07-22,us_10y_real_rate,1.96,pct,FRED,https://fred.stlouisfed.org/series/DFII10,2026-08-26T09:57:28.456368,daily,A,confirmed
2025-07-23,us_10y_real_rate,2.03,pct,FRED,https://fred.stlouisfed.org/series/DFII10,2026-08-26T09:57:28.458370,daily,A,confirmed
2025-07-24,us_10y_real_rate,1.98,pct,FRED,https://fred.stlouisfed.org/series/DFII10,2026-08-26T09:57:28.460369,daily,A,confirmed
2025-07-25,us_10y_real_rate,1.96,pct,FRED,https://fred.stlouisfed.org/series/DFII10,2026-08-26T09:57:28.461373,daily,A,confirmed
2025-07-28,us_10y_real_rate,1.98,pct,FRED,https://fred.stlouisfed.org/series/DFII10,2026-08-26T09:57:28.463374,daily,A,confirmed
2025-07-29,us_10y_real_rate,1.91,pct,FRED,https://fred.stlouisfed.org/series/DFII10,2026-08-26T09:57:28.465368,daily,A,confirmed
2025-07-30,us_10y_real_rate,1.96,pct,FRED,https://fred.stlouisfed.org/series/DFII10,2026-08-26T09:57:28.466371,daily,A,confirmed
2025-07-31,us_10y_real_rate,1.98,pct,FRED,https://fred.stlouisfed.org/series/DFII10,2026-08-26T09:57:28.468370,daily,A,confirmed
2025-08-01,us_10y_real_rate,1.9,pct,FRED,https://fred.stlouisfed.org/series/DFII10,2026-08-26T09:57:28.469374,daily,A,confirmed
2025-08-04,us_10y_real_rate,1.85,pct,FRED,https://fred.stlouisfed.org/series/DFII10,2026-08-26T09:57:28.471368,daily,A,confirmed
2025-08-05,us_10y_real_rate,1.86,pct,FRED,https://fred.stlouisfed.org/series/DFII10,2026-08-26T09:57:28.472368,daily,A,confirmed
2025-08-06,us_10y_real_rate,1.88,pct,FRED,https://fred.stlouisfed.org/series/DFII10,2026-08-26T09:57:28.475370,daily,A,confirmed
2025-08-07,us_10y_real_rate,1.88,pct,FRED,https://fred.stlouisfed.org/series/DFII10,2026-08-26T09:57:28.477369,daily,A,confirmed
2025-08-08,us_10y_real_rate,1.88,pct,FRED,https://fred.stlouisfed.org/series/DFII10,2026-08-26T09:57:28.478368,daily,A,confirmed
2025-08-11,us_10y_real_rate,1.87,pct,FRED,https://fred.stlouisfed.org/series/DFII10,2026-08-26T09:57:28.480372,daily,A,confirmed
2025-08-12,us_10y_real_rate,1.91,pct,FRED,https://fred.stlouisfed.org/series/DFII10,2026-08-26T09:57:28.482369,daily,A,confirmed
2025-08-13,us_10y_real_rate,1.87,pct,FRED,https://fred.stlouisfed.org/series/DFII10,2026-08-26T09:57:28.483372,daily,A,confirmed
2025-08-14,us_10y_real_rate,1.9,pct,FRED,https://fred.stlouisfed.org/series/DFII10,2026-08-26T09:57:28.484372,daily,A,confirmed
2025-08-15,us_10y_real_rate,1.95,pct,FRED,https://fred.stlouisfed.org/series/DFII10,2026-08-26T09:57:28.486367,daily,A,confirmed
2025-08-18,us_10y_real_rate,1.96,pct,FRED,https://fred.stlouisfed.org/series/DFII10,2026-08-26T09:57:28.487366,daily,A,confirmed
2025-08-19,us_10y_real_rate,1.95,pct,FRED,https://fred.stlouisfed.org/series/DFII10,2026-08-26T09:57:28.488367,daily,A,confirmed
2025-08-20,us_10y_real_rate,1.94,pct,FRED,https://fred.stlouisfed.org/series/DFII10,2026-08-26T09:57:28.489370,daily,A,confirmed
2025-08-21,us_10y_real_rate,1.94,pct,FRED,https://fred.stlouisfed.org/series/DFII10,2026-08-26T09:57:28.491371,daily,A,confirmed
2025-08-22,us_10y_real_rate,1.85,pct,FRED,https://fred.stlouisfed.org/series/DFII10,2026-08-26T09:57:28.494369,daily,A,confirmed
2025-08-25,us_10y_real_rate,1.87,pct,FRED,https://fred.stlouisfed.org/series/DFII10,2026-08-26T09:57:28.497370,daily,A,confirmed
2025-08-26,us_10y_real_rate,1.84,pct,FRED,https://fred.stlouisfed.org/series/DFII10,2026-08-26T09:57:28.500371,daily,A,confirmed
2025-08-27,us_10y_real_rate,1.81,pct,FRED,https://fred.stlouisfed.org/series/DFII10,2026-08-26T09:57:28.502447,daily,A,confirmed
2025-08-28,us_10y_real_rate,1.81,pct,FRED,https://fred.stlouisfed.org/series/DFII10,2026-08-26T09:57:28.503822,daily,A,confirmed
2025-08-29,us_10y_real_rate,1.82,pct,FRED,https://fred.stlouisfed.org/series/DFII10,2026-08-26T09:57:28.506101,daily,A,confirmed
2025-09-02,us_10y_real_rate,1.87,pct,FRED,https://fred.stlouisfed.org/series/DFII10,2026-08-26T09:57:28.509175,daily,A,confirmed
2025-09-03,us_10y_real_rate,1.82,pct,FRED,https://fred.stlouisfed.org/series/DFII10,2026-08-26T09:57:28.511173,daily,A,confirmed
2025-09-04,us_10y_real_rate,1.79,pct,FRED,https://fred.stlouisfed.org/series/DFII10,2026-08-26T09:57:28.513302,daily,A,confirmed
2025-09-05,us_10y_real_rate,1.73,pct,FRED,https://fred.stlouisfed.org/series/DFII10,2026-08-26T09:57:28.514832,daily,A,confirmed
2025-09-08,us_10y_real_rate,1.7,pct,FRED,https://fred.stlouisfed.org/series/DFII10,2026-08-26T09:57:28.515831,daily,A,confirmed
2025-09-09,us_10y_real_rate,1.72,pct,FRED,https://fred.stlouisfed.org/series/DFII10,2026-08-26T09:57:28.521839,daily,A,confirmed
2025-09-10,us_10y_real_rate,1.69,pct,FRED,https://fred.stlouisfed.org/series/DFII10,2026-08-26T09:57:28.527832,daily,A,confirmed
2025-09-11,us_10y_real_rate,1.67,pct,FRED,https://fred.stlouisfed.org/series/DFII10,2026-08-26T09:57:28.528830,daily,A,confirmed
2025-09-12,us_10y_real_rate,1.7,pct,FRED,https://fred.stlouisfed.org/series/DFII10,2026-08-26T09:57:28.530831,daily,A,confirmed
2025-09-15,us_10y_real_rate,1.68,pct,FRED,https://fred.stlouisfed.org/series/DFII10,2026-08-26T09:57:28.531830,daily,A,confirmed
2025-09-16,us_10y_real_rate,1.67,pct,FRED,https://fred.stlouisfed.org/series/DFII10,2026-08-26T09:57:28.532829,daily,A,confirmed
2025-09-17,us_10y_real_rate,1.68,pct,FRED,https://fred.stlouisfed.org/series/DFII10,2026-08-26T09:57:28.533829,daily,A,confirmed
2025-09-18,us_10y_real_rate,1.73,pct,FRED,https://fred.stlouisfed.org/series/DFII10,2026-08-26T09:57:28.534828,daily,A,confirmed
2025-09-19,us_10y_real_rate,1.75,pct,FRED,https://fred.stlouisfed.org/series/DFII10,2026-08-26T09:57:28.535827,daily,A,confirmed
2025-09-22,us_10y_real_rate,1.78,pct,FRED,https://fred.stlouisfed.org/series/DFII10,2026-08-26T09:57:28.536829,daily,A,confirmed
2025-09-23,us_10y_real_rate,1.75,pct,FRED,https://fred.stlouisfed.org/series/DFII10,2026-08-26T09:57:28.538831,daily,A,confirmed
2025-09-24,us_10y_real_rate,1.78,pct,FRED,https://fred.stlouisfed.org/series/DFII10,2026-08-26T09:57:28.539829,daily,A,confirmed
2025-09-25,us_10y_real_rate,1.8,pct,FRED,https://fred.stlouisfed.org/series/DFII10,2026-08-26T09:57:28.541832,daily,A,confirmed
2025-09-26,us_10y_real_rate,1.82,pct,FRED,https://fred.stlouisfed.org/series/DFII10,2026-08-26T09:57:28.542830,daily,A,confirmed
2025-09-29,us_10y_real_rate,1.8,pct,FRED,https://fred.stlouisfed.org/series/DFII10,2026-08-26T09:57:28.543832,daily,A,confirmed
2025-09-30,us_10y_real_rate,1.8,pct,FRED,https://fred.stlouisfed.org/series/DFII10,2026-08-26T09:57:28.545833,daily,A,confirmed
2025-10-01,us_10y_real_rate,1.77,pct,FRED,https://fred.stlouisfed.org/series/DFII10,2026-08-26T09:57:28.546830,daily,A,confirmed
2025-10-02,us_10y_real_rate,1.76,pct,FRED,https://fred.stlouisfed.org/series/DFII10,2026-08-26T09:57:28.548830,daily,A,confirmed
2025-10-03,us_10y_real_rate,1.8,pct,FRED,https://fred.stlouisfed.org/series/DFII10,2026-08-26T09:57:28.549830,daily,A,confirmed
2025-10-06,us_10y_real_rate,1.84,pct,FRED,https://fred.stlouisfed.org/series/DFII10,2026-08-26T09:57:28.551830,daily,A,confirmed
2025-10-07,us_10y_real_rate,1.79,pct,FRED,https://fred.stlouisfed.org/series/DFII10,2026-08-26T09:57:28.552834,daily,A,confirmed
2025-10-08,us_10y_real_rate,1.78,pct,FRED,https://fred.stlouisfed.org/series/DFII10,2026-08-26T09:57:28.553829,daily,A,confirmed
2025-10-09,us_10y_real_rate,1.8,pct,FRED,https://fred.stlouisfed.org/series/DFII10,2026-08-26T09:57:28.555831,daily,A,confirmed
2025-10-10,us_10y_real_rate,1.75,pct,FRED,https://fred.stlouisfed.org/series/DFII10,2026-08-26T09:57:28.557836,daily,A,confirmed
2025-10-14,us_10y_real_rate,1.73,pct,FRED,https://fred.stlouisfed.org/series/DFII10,2026-08-26T09:57:28.559832,daily,A,confirmed
2025-10-15,us_10y_real_rate,1.76,pct,FRED,https://fred.stlouisfed.org/series/DFII10,2026-08-26T09:57:28.560833,daily,A,confirmed
2025-10-16,us_10y_real_rate,1.71,pct,FRED,https://fred.stlouisfed.org/series/DFII10,2026-08-26T09:57:28.562832,daily,A,confirmed
2025-10-17,us_10y_real_rate,1.75,pct,FRED,https://fred.stlouisfed.org/series/DFII10,2026-08-26T09:57:28.564831,daily,A,confirmed
2025-10-20,us_10y_real_rate,1.74,pct,FRED,https://fred.stlouisfed.org/series/DFII10,2026-08-26T09:57:28.565833,daily,A,confirmed
2025-10-21,us_10y_real_rate,1.7,pct,FRED,https://fred.stlouisfed.org/series/DFII10,2026-08-26T09:57:28.567830,daily,A,confirmed
2025-10-22,us_10y_real_rate,1.68,pct,FRED,https://fred.stlouisfed.org/series/DFII10,2026-08-26T09:57:28.568832,daily,A,confirmed
2025-10-23,us_10y_real_rate,1.71,pct,FRED,https://fred.stlouisfed.org/series/DFII10,2026-08-26T09:57:28.570836,daily,A,confirmed
2025-10-24,us_10y_real_rate,1.73,pct,FRED,https://fred.stlouisfed.org/series/DFII10,2026-08-26T09:57:28.571834,daily,A,confirmed
2025-10-27,us_10y_real_rate,1.73,pct,FRED,https://fred.stlouisfed.org/series/DFII10,2026-08-26T09:57:28.573832,daily,A,confirmed
2025-10-28,us_10y_real_rate,1.71,pct,FRED,https://fred.stlouisfed.org/series/DFII10,2026-08-26T09:57:28.575832,daily,A,confirmed
2025-10-29,us_10y_real_rate,1.78,pct,FRED,https://fred.stlouisfed.org/series/DFII10,2026-08-26T09:57:28.576837,daily,A,confirmed
2025-10-30,us_10y_real_rate,1.82,pct,FRED,https://fred.stlouisfed.org/series/DFII10,2026-08-26T09:57:28.578833,daily,A,confirmed
2025-10-31,us_10y_real_rate,1.81,pct,FRED,https://fred.stlouisfed.org/series/DFII10,2026-08-26T09:57:28.580833,daily,A,confirmed
2025-11-03,us_10y_real_rate,1.82,pct,FRED,https://fred.stlouisfed.org/series/DFII10,2026-08-26T09:57:28.581833,daily,A,confirmed
2025-11-04,us_10y_real_rate,1.81,pct,FRED,https://fred.stlouisfed.org/series/DFII10,2026-08-26T09:57:28.582830,daily,A,confirmed
2025-11-05,us_10y_real_rate,1.87,pct,FRED,https://fred.stlouisfed.org/series/DFII10,2026-08-26T09:57:28.583831,daily,A,confirmed
2025-11-06,us_10y_real_rate,1.83,pct,FRED,https://fred.stlouisfed.org/series/DFII10,2026-08-26T09:57:28.583831,daily,A,confirmed
2025-11-07,us_10y_real_rate,1.83,pct,FRED,https://fred.stlouisfed.org/series/DFII10,2026-08-26T09:57:28.585832,daily,A,confirmed
2025-11-10,us_10y_real_rate,1.84,pct,FRED,https://fred.stlouisfed.org/series/DFII10,2026-08-26T09:57:28.587831,daily,A,confirmed
2025-11-12,us_10y_real_rate,1.81,pct,FRED,https://fred.stlouisfed.org/series/DFII10,2026-08-26T09:57:28.588832,daily,A,confirmed
2025-11-13,us_10y_real_rate,1.83,pct,FRED,https://fred.stlouisfed.org/series/DFII10,2026-08-26T09:57:28.590830,daily,A,confirmed
2025-11-14,us_10y_real_rate,1.86,pct,FRED,https://fred.stlouisfed.org/series/DFII10,2026-08-26T09:57:28.591834,daily,A,confirmed
2025-11-17,us_10y_real_rate,1.85,pct,FRED,https://fred.stlouisfed.org/series/DFII10,2026-08-26T09:57:28.593832,daily,A,confirmed
2025-11-18,us_10y_real_rate,1.85,pct,FRED,https://fred.stlouisfed.org/series/DFII10,2026-08-26T09:57:28.595832,daily,A,confirmed
2025-11-19,us_10y_real_rate,1.86,pct,FRED,https://fred.stlouisfed.org/series/DFII10,2026-08-26T09:57:28.596833,daily,A,confirmed
2025-11-20,us_10y_real_rate,1.86,pct,FRED,https://fred.stlouisfed.org/series/DFII10,2026-08-26T09:57:28.598830,daily,A,confirmed
2025-11-21,us_10y_real_rate,1.82,pct,FRED,https://fred.stlouisfed.org/series/DFII10,2026-08-26T09:57:28.599829,daily,A,confirmed
2025-11-24,us_10y_real_rate,1.81,pct,FRED,https://fred.stlouisfed.org/series/DFII10,2026-08-26T09:57:28.600829,daily,A,confirmed
2025-11-25,us_10y_real_rate,1.79,pct,FRED,https://fred.stlouisfed.org/series/DFII10,2026-08-26T09:57:28.601830,daily,A,confirmed
2025-11-26,us_10y_real_rate,1.77,pct,FRED,https://fred.stlouisfed.org/series/DFII10,2026-08-26T09:57:28.602828,daily,A,confirmed
2025-11-28,us_10y_real_rate,1.79,pct,FRED,https://fred.stlouisfed.org/series/DFII10,2026-08-26T09:57:28.603828,daily,A,confirmed
2025-12-01,us_10y_real_rate,1.85,pct,FRED,https://fred.stlouisfed.org/series/DFII10,2026-08-26T09:57:28.604828,daily,A,confirmed
2025-12-02,us_10y_real_rate,1.85,pct,FRED,https://fred.stlouisfed.org/series/DFII10,2026-08-26T09:57:28.605828,daily,A,confirmed
2025-12-03,us_10y_real_rate,1.82,pct,FRED,https://fred.stlouisfed.org/series/DFII10,2026-08-26T09:57:28.607848,daily,A,confirmed
2025-12-04,us_10y_real_rate,1.85,pct,FRED,https://fred.stlouisfed.org/series/DFII10,2026-08-26T09:57:28.609830,daily,A,confirmed
2025-12-05,us_10y_real_rate,1.88,pct,FRED,https://fred.stlouisfed.org/series/DFII10,2026-08-26T09:57:28.610833,daily,A,confirmed
2025-12-08,us_10y_real_rate,1.91,pct,FRED,https://fred.stlouisfed.org/series/DFII10,2026-08-26T09:57:28.612831,daily,A,confirmed
2025-12-09,us_10y_real_rate,1.92,pct,FRED,https://fred.stlouisfed.org/series/DFII10,2026-08-26T09:57:28.613830,daily,A,confirmed
2025-12-10,us_10y_real_rate,1.88,pct,FRED,https://fred.stlouisfed.org/series/DFII10,2026-08-26T09:57:28.614832,daily,A,confirmed
2025-12-11,us_10y_real_rate,1.89,pct,FRED,https://fred.stlouisfed.org/series/DFII10,2026-08-26T09:57:28.615832,daily,A,confirmed
2025-12-12,us_10y_real_rate,1.93,pct,FRED,https://fred.stlouisfed.org/series/DFII10,2026-08-26T09:57:28.616831,daily,A,confirmed
2025-12-15,us_10y_real_rate,1.93,pct,FRED,https://fred.stlouisfed.org/series/DFII10,2026-08-26T09:57:28.617831,daily,A,confirmed
2025-12-16,us_10y_real_rate,1.92,pct,FRED,https://fred.stlouisfed.org/series/DFII10,2026-08-26T09:57:28.618832,daily,A,confirmed
2025-12-17,us_10y_real_rate,1.92,pct,FRED,https://fred.stlouisfed.org/series/DFII10,2026-08-26T09:57:28.619830,daily,A,confirmed
2025-12-18,us_10y_real_rate,1.88,pct,FRED,https://fred.stlouisfed.org/series/DFII10,2026-08-26T09:57:28.620833,daily,A,confirmed
2025-12-19,us_10y_real_rate,1.92,pct,FRED,https://fred.stlouisfed.org/series/DFII10,2026-08-26T09:57:28.621829,daily,A,confirmed
2025-12-22,us_10y_real_rate,1.94,pct,FRED,https://fred.stlouisfed.org/series/DFII10,2026-08-26T09:57:28.624829,daily,A,confirmed
2025-12-23,us_10y_real_rate,1.94,pct,FRED,https://fred.stlouisfed.org/series/DFII10,2026-08-26T09:57:28.625829,daily,A,confirmed
2025-12-24,us_10y_real_rate,1.91,pct,FRED,https://fred.stlouisfed.org/series/DFII10,2026-08-26T09:57:28.627832,daily,A,confirmed
2025-12-26,us_10y_real_rate,1.91,pct,FRED,https://fred.stlouisfed.org/series/DFII10,2026-08-26T09:57:28.628830,daily,A,confirmed
2025-12-29,us_10y_real_rate,1.9,pct,FRED,https://fred.stlouisfed.org/series/DFII10,2026-08-26T09:57:28.630829,daily,A,confirmed
2025-12-30,us_10y_real_rate,1.9,pct,FRED,https://fred.stlouisfed.org/series/DFII10,2026-08-26T09:57:28.631829,daily,A,confirmed
2025-12-31,us_10y_real_rate,1.93,pct,FRED,https://fred.stlouisfed.org/series/DFII10,2026-08-26T09:57:28.632828,daily,A,confirmed
2026-01-02,us_10y_real_rate,1.94,pct,FRED,https://fred.stlouisfed.org/series/DFII10,2026-08-26T09:57:28.634831,daily,A,confirmed
2026-01-05,us_10y_real_rate,1.91,pct,FRED,https://fred.stlouisfed.org/series/DFII10,2026-08-26T09:57:28.635832,daily,A,confirmed
2026-01-06,us_10y_real_rate,1.91,pct,FRED,https://fred.stlouisfed.org/series/DFII10,2026-08-26T09:57:28.636835,daily,A,confirmed
2026-01-07,us_10y_real_rate,1.88,pct,FRED,https://fred.stlouisfed.org/series/DFII10,2026-08-26T09:57:28.638833,daily,A,confirmed
2026-01-08,us_10y_real_rate,1.92,pct,FRED,https://fred.stlouisfed.org/series/DFII10,2026-08-26T09:57:28.639831,daily,A,confirmed
2026-01-09,us_10y_real_rate,1.9,pct,FRED,https://fred.stlouisfed.org/series/DFII10,2026-08-26T09:57:28.640831,daily,A,confirmed
2026-01-12,us_10y_real_rate,1.9,pct,FRED,https://fred.stlouisfed.org/series/DFII10,2026-08-26T09:57:28.642833,daily,A,confirmed
2026-01-13,us_10y_real_rate,1.88,pct,FRED,https://fred.stlouisfed.org/series/DFII10,2026-08-26T09:57:28.644830,daily,A,confirmed
2026-01-14,us_10y_real_rate,1.86,pct,FRED,https://fred.stlouisfed.org/series/DFII10,2026-08-26T09:57:28.648831,daily,A,confirmed
2026-01-15,us_10y_real_rate,1.88,pct,FRED,https://fred.stlouisfed.org/series/DFII10,2026-08-26T09:57:28.650834,daily,A,confirmed
2026-01-16,us_10y_real_rate,1.91,pct,FRED,https://fred.stlouisfed.org/series/DFII10,2026-08-26T09:57:28.651831,daily,A,confirmed
2026-01-20,us_10y_real_rate,1.97,pct,FRED,https://fred.stlouisfed.org/series/DFII10,2026-08-26T09:57:28.652833,daily,A,confirmed
2026-01-21,us_10y_real_rate,1.92,pct,FRED,https://fred.stlouisfed.org/series/DFII10,2026-08-26T09:57:28.653833,daily,A,confirmed
2026-01-22,us_10y_real_rate,1.95,pct,FRED,https://fred.stlouisfed.org/series/DFII10,2026-08-26T09:57:28.654832,daily,A,confirmed
2026-01-23,us_10y_real_rate,1.92,pct,FRED,https://fred.stlouisfed.org/series/DFII10,2026-08-26T09:57:28.655833,daily,A,confirmed
2026-01-26,us_10y_real_rate,1.9,pct,FRED,https://fred.stlouisfed.org/series/DFII10,2026-08-26T09:57:28.656832,daily,A,confirmed
2026-01-27,us_10y_real_rate,1.9,pct,FRED,https://fred.stlouisfed.org/series/DFII10,2026-08-26T09:57:28.658833,daily,A,confirmed
2026-01-28,us_10y_real_rate,1.9,pct,FRED,https://fred.stlouisfed.org/series/DFII10,2026-08-26T09:57:28.659833,daily,A,confirmed
2026-01-29,us_10y_real_rate,1.89,pct,FRED,https://fred.stlouisfed.org/series/DFII10,2026-08-26T09:57:28.662833,daily,A,confirmed
2026-01-30,us_10y_real_rate,1.9,pct,FRED,https://fred.stlouisfed.org/series/DFII10,2026-08-26T09:57:28.663835,daily,A,confirmed
2026-02-02,us_10y_real_rate,1.94,pct,FRED,https://fred.stlouisfed.org/series/DFII10,2026-08-26T09:57:28.665828,daily,A,confirmed
2026-02-03,us_10y_real_rate,1.92,pct,FRED,https://fred.stlouisfed.org/series/DFII10,2026-08-26T09:57:28.666829,daily,A,confirmed
2026-02-04,us_10y_real_rate,1.94,pct,FRED,https://fred.stlouisfed.org/series/DFII10,2026-08-26T09:57:28.668826,daily,A,confirmed
2026-02-05,us_10y_real_rate,1.89,pct,FRED,https://fred.stlouisfed.org/series/DFII10,2026-08-26T09:57:28.669829,daily,A,confirmed
2026-02-06,us_10y_real_rate,1.88,pct,FRED,https://fred.stlouisfed.org/series/DFII10,2026-08-26T09:57:28.671479,daily,A,confirmed
2026-02-09,us_10y_real_rate,1.87,pct,FRED,https://fred.stlouisfed.org/series/DFII10,2026-08-26T09:57:28.672471,daily,A,confirmed
2026-02-10,us_10y_real_rate,1.84,pct,FRED,https://fred.stlouisfed.org/series/DFII10,2026-08-26T09:57:28.674478,daily,A,confirmed
2026-02-11,us_10y_real_rate,1.86,pct,FRED,https://fred.stlouisfed.org/series/DFII10,2026-08-26T09:57:28.675469,daily,A,confirmed
2026-02-12,us_10y_real_rate,1.8,pct,FRED,https://fred.stlouisfed.org/series/DFII10,2026-08-26T09:57:28.677470,daily,A,confirmed
2026-02-13,us_10y_real_rate,1.77,pct,FRED,https://fred.stlouisfed.org/series/DFII10,2026-08-26T09:57:28.678473,daily,A,confirmed
2026-02-17,us_10y_real_rate,1.79,pct,FRED,https://fred.stlouisfed.org/series/DFII10,2026-08-26T09:57:28.680597,daily,A,confirmed
2026-02-18,us_10y_real_rate,1.8,pct,FRED,https://fred.stlouisfed.org/series/DFII10,2026-08-26T09:57:28.682270,daily,A,confirmed
2026-02-19,us_10y_real_rate,1.79,pct,FRED,https://fred.stlouisfed.org/series/DFII10,2026-08-26T09:57:28.683383,daily,A,confirmed
2026-02-20,us_10y_real_rate,1.8,pct,FRED,https://fred.stlouisfed.org/series/DFII10,2026-08-26T09:57:28.684469,daily,A,confirmed
2026-02-23,us_10y_real_rate,1.77,pct,FRED,https://fred.stlouisfed.org/series/DFII10,2026-08-26T09:57:28.686464,daily,A,confirmed
2026-02-24,us_10y_real_rate,1.78,pct,FRED,https://fred.stlouisfed.org/series/DFII10,2026-08-26T09:57:28.687463,daily,A,confirmed
2026-02-25,us_10y_real_rate,1.77,pct,FRED,https://fred.stlouisfed.org/series/DFII10,2026-08-26T09:57:28.688462,daily,A,confirmed
2026-02-26,us_10y_real_rate,1.74,pct,FRED,https://fred.stlouisfed.org/series/DFII10,2026-08-26T09:57:28.689463,daily,A,confirmed
2026-02-27,us_10y_real_rate,1.72,pct,FRED,https://fred.stlouisfed.org/series/DFII10,2026-08-26T09:57:28.691469,daily,A,confirmed
2026-03-02,us_10y_real_rate,1.76,pct,FRED,https://fred.stlouisfed.org/series/DFII10,2026-08-26T09:57:28.693468,daily,A,confirmed
2026-03-03,us_10y_real_rate,1.77,pct,FRED,https://fred.stlouisfed.org/series/DFII10,2026-08-26T09:57:28.696466,daily,A,confirmed
2026-03-04,us_10y_real_rate,1.8,pct,FRED,https://fred.stlouisfed.org/series/DFII10,2026-08-26T09:57:28.698465,daily,A,confirmed
2026-03-05,us_10y_real_rate,1.82,pct,FRED,https://fred.stlouisfed.org/series/DFII10,2026-08-26T09:57:28.699464,daily,A,confirmed
2026-03-06,us_10y_real_rate,1.8,pct,FRED,https://fred.stlouisfed.org/series/DFII10,2026-08-26T09:57:28.700465,daily,A,confirmed
2026-03-09,us_10y_real_rate,1.78,pct,FRED,https://fred.stlouisfed.org/series/DFII10,2026-08-26T09:57:28.701466,daily,A,confirmed
2026-03-10,us_10y_real_rate,1.82,pct,FRED,https://fred.stlouisfed.org/series/DFII10,2026-08-26T09:57:28.703465,daily,A,confirmed
2026-03-11,us_10y_real_rate,1.85,pct,FRED,https://fred.stlouisfed.org/series/DFII10,2026-08-26T09:57:28.704466,daily,A,confirmed
2026-03-12,us_10y_real_rate,1.89,pct,FRED,https://fred.stlouisfed.org/series/DFII10,2026-08-26T09:57:28.705466,daily,A,confirmed
2026-03-13,us_10y_real_rate,1.92,pct,FRED,https://fred.stlouisfed.org/series/DFII10,2026-08-26T09:57:28.706466,daily,A,confirmed
2026-03-16,us_10y_real_rate,1.87,pct,FRED,https://fred.stlouisfed.org/series/DFII10,2026-08-26T09:57:28.707467,daily,A,confirmed
2026-03-17,us_10y_real_rate,1.83,pct,FRED,https://fred.stlouisfed.org/series/DFII10,2026-08-26T09:57:28.711148,daily,A,confirmed
2026-03-18,us_10y_real_rate,1.86,pct,FRED,https://fred.stlouisfed.org/series/DFII10,2026-08-26T09:57:28.715656,daily,A,confirmed
2026-03-19,us_10y_real_rate,1.88,pct,FRED,https://fred.stlouisfed.org/series/DFII10,2026-08-26T09:57:28.716651,daily,A,confirmed
2026-03-20,us_10y_real_rate,2.01,pct,FRED,https://fred.stlouisfed.org/series/DFII10,2026-08-26T09:57:28.717650,daily,A,confirmed
2026-03-23,us_10y_real_rate,2.01,pct,FRED,https://fred.stlouisfed.org/series/DFII10,2026-08-26T09:57:28.719650,daily,A,confirmed
2026-03-24,us_10y_real_rate,2.06,pct,FRED,https://fred.stlouisfed.org/series/DFII10,2026-08-26T09:57:28.720653,daily,A,confirmed
2026-03-25,us_10y_real_rate,2.02,pct,FRED,https://fred.stlouisfed.org/series/DFII10,2026-08-26T09:57:28.721652,daily,A,confirmed
2026-03-26,us_10y_real_rate,2.08,pct,FRED,https://fred.stlouisfed.org/series/DFII10,2026-08-26T09:57:28.722653,daily,A,confirmed
2026-03-27,us_10y_real_rate,2.13,pct,FRED,https://fred.stlouisfed.org/series/DFII10,2026-08-26T09:57:28.724655,daily,A,confirmed
2026-03-30,us_10y_real_rate,2.04,pct,FRED,https://fred.stlouisfed.org/series/DFII10,2026-08-26T09:57:28.726657,daily,A,confirmed
2026-03-31,us_10y_real_rate,2.0,pct,FRED,https://fred.stlouisfed.org/series/DFII10,2026-08-26T09:57:28.727656,daily,A,confirmed
2026-04-01,us_10y_real_rate,2.02,pct,FRED,https://fred.stlouisfed.org/series/DFII10,2026-08-26T09:57:28.729658,daily,A,confirmed
2026-04-02,us_10y_real_rate,1.97,pct,FRED,https://fred.stlouisfed.org/series/DFII10,2026-08-26T09:57:28.731658,daily,A,confirmed
2026-04-03,us_10y_real_rate,1.99,pct,FRED,https://fred.stlouisfed.org/series/DFII10,2026-08-26T09:57:28.732654,daily,A,confirmed
2026-04-06,us_10y_real_rate,1.98,pct,FRED,https://fred.stlouisfed.org/series/DFII10,2026-08-26T09:57:28.733658,daily,A,confirmed
2026-04-07,us_10y_real_rate,1.96,pct,FRED,https://fred.stlouisfed.org/series/DFII10,2026-08-26T09:57:28.734655,daily,A,confirmed
2026-04-08,us_10y_real_rate,1.96,pct,FRED,https://fred.stlouisfed.org/series/DFII10,2026-08-26T09:57:28.735653,daily,A,confirmed
2026-04-09,us_10y_real_rate,1.95,pct,FRED,https://fred.stlouisfed.org/series/DFII10,2026-08-26T09:57:28.735653,daily,A,confirmed
2026-04-10,us_10y_real_rate,1.95,pct,FRED,https://fred.stlouisfed.org/series/DFII10,2026-08-26T09:57:28.736654,daily,A,confirmed
2026-04-13,us_10y_real_rate,1.92,pct,FRED,https://fred.stlouisfed.org/series/DFII10,2026-08-26T09:57:28.737654,daily,A,confirmed
2026-04-14,us_10y_real_rate,1.89,pct,FRED,https://fred.stlouisfed.org/series/DFII10,2026-08-26T09:57:28.738656,daily,A,confirmed
2026-04-15,us_10y_real_rate,1.9,pct,FRED,https://fred.stlouisfed.org/series/DFII10,2026-08-26T09:57:28.739654,daily,A,confirmed
2026-04-16,us_10y_real_rate,1.93,pct,FRED,https://fred.stlouisfed.org/series/DFII10,2026-08-26T09:57:28.741657,daily,A,confirmed
2026-04-17,us_10y_real_rate,1.9,pct,FRED,https://fred.stlouisfed.org/series/DFII10,2026-08-26T09:57:28.744655,daily,A,confirmed
2026-04-20,us_10y_real_rate,1.91,pct,FRED,https://fred.stlouisfed.org/series/DFII10,2026-08-26T09:57:28.745654,daily,A,confirmed
2026-04-21,us_10y_real_rate,1.92,pct,FRED,https://fred.stlouisfed.org/series/DFII10,2026-08-26T09:57:28.747656,daily,A,confirmed
2026-04-22,us_10y_real_rate,1.92,pct,FRED,https://fred.stlouisfed.org/series/DFII10,2026-08-26T09:57:28.748656,daily,A,confirmed
2026-04-23,us_10y_real_rate,1.92,pct,FRED,https://fred.stlouisfed.org/series/DFII10,2026-08-26T09:57:28.750652,daily,A,confirmed
2026-04-24,us_10y_real_rate,1.89,pct,FRED,https://fred.stlouisfed.org/series/DFII10,2026-08-26T09:57:28.751652,daily,A,confirmed
2026-04-27,us_10y_real_rate,1.91,pct,FRED,https://fred.stlouisfed.org/series/DFII10,2026-08-26T09:57:28.752653,daily,A,confirmed
2026-04-28,us_10y_real_rate,1.92,pct,FRED,https://fred.stlouisfed.org/series/DFII10,2026-08-26T09:57:28.753652,daily,A,confirmed
2026-04-29,us_10y_real_rate,1.96,pct,FRED,https://fred.stlouisfed.org/series/DFII10,2026-08-26T09:57:28.755651,daily,A,confirmed
2026-04-30,us_10y_real_rate,1.94,pct,FRED,https://fred.stlouisfed.org/series/DFII10,2026-08-26T09:57:28.757655,daily,A,confirmed
2026-05-01,us_10y_real_rate,1.91,pct,FRED,https://fred.stlouisfed.org/series/DFII10,2026-08-26T09:57:28.758658,daily,A,confirmed
2026-05-04,us_10y_real_rate,1.95,pct,FRED,https://fred.stlouisfed.org/series/DFII10,2026-08-26T09:57:28.760655,daily,A,confirmed
2026-05-05,us_10y_real_rate,1.96,pct,FRED,https://fred.stlouisfed.org/series/DFII10,2026-08-26T09:57:28.761657,daily,A,confirmed
2026-05-06,us_10y_real_rate,1.94,pct,FRED,https://fred.stlouisfed.org/series/DFII10,2026-08-26T09:57:28.762657,daily,A,confirmed
2026-05-07,us_10y_real_rate,1.96,pct,FRED,https://fred.stlouisfed.org/series/DFII10,2026-08-26T09:57:28.764652,daily,A,confirmed
2026-05-08,us_10y_real_rate,1.93,pct,FRED,https://fred.stlouisfed.org/series/DFII10,2026-08-26T09:57:28.765656,daily,A,confirmed
2026-05-11,us_10y_real_rate,1.95,pct,FRED,https://fred.stlouisfed.org/series/DFII10,2026-08-26T09:57:28.766653,daily,A,confirmed
2026-05-12,us_10y_real_rate,1.99,pct,FRED,https://fred.stlouisfed.org/series/DFII10,2026-08-26T09:57:28.767656,daily,A,confirmed
2026-05-13,us_10y_real_rate,1.99,pct,FRED,https://fred.stlouisfed.org/series/DFII10,2026-08-26T09:57:28.769651,daily,A,confirmed
2026-05-14,us_10y_real_rate,2.0,pct,FRED,https://fred.stlouisfed.org/series/DFII10,2026-08-26T09:57:28.770653,daily,A,confirmed
2026-05-15,us_10y_real_rate,2.1,pct,FRED,https://fred.stlouisfed.org/series/DFII10,2026-08-26T09:57:28.771649,daily,A,confirmed
2026-05-18,us_10y_real_rate,2.13,pct,FRED,https://fred.stlouisfed.org/series/DFII10,2026-08-26T09:57:28.773656,daily,A,confirmed
2026-05-19,us_10y_real_rate,2.18,pct,FRED,https://fred.stlouisfed.org/series/DFII10,2026-08-26T09:57:28.775653,daily,A,confirmed
2026-05-20,us_10y_real_rate,2.13,pct,FRED,https://fred.stlouisfed.org/series/DFII10,2026-08-26T09:57:28.776651,daily,A,confirmed
2026-05-21,us_10y_real_rate,2.18,pct,FRED,https://fred.stlouisfed.org/series/DFII10,2026-08-26T09:57:28.777657,daily,A,confirmed
2026-05-22,us_10y_real_rate,2.16,pct,FRED,https://fred.stlouisfed.org/series/DFII10,2026-08-26T09:57:28.779654,daily,A,confirmed
2026-05-26,us_10y_real_rate,2.1,pct,FRED,https://fred.stlouisfed.org/series/DFII10,2026-08-26T09:57:28.780653,daily,A,confirmed
2026-05-27,us_10y_real_rate,2.09,pct,FRED,https://fred.stlouisfed.org/series/DFII10,2026-08-26T09:57:28.781653,daily,A,confirmed
2026-05-28,us_10y_real_rate,2.06,pct,FRED,https://fred.stlouisfed.org/series/DFII10,2026-08-26T09:57:28.783655,daily,A,confirmed
2026-05-29,us_10y_real_rate,2.07,pct,FRED,https://fred.stlouisfed.org/series/DFII10,2026-08-26T09:57:28.784654,daily,A,confirmed
2026-06-01,us_10y_real_rate,2.07,pct,FRED,https://fred.stlouisfed.org/series/DFII10,2026-08-26T09:57:28.785655,daily,A,confirmed
2026-06-02,us_10y_real_rate,2.07,pct,FRED,https://fred.stlouisfed.org/series/DFII10,2026-08-26T09:57:28.786653,daily,A,confirmed
2026-06-03,us_10y_real_rate,2.11,pct,FRED,https://fred.stlouisfed.org/series/DFII10,2026-08-26T09:57:28.787655,daily,A,confirmed
2026-06-04,us_10y_real_rate,2.11,pct,FRED,https://fred.stlouisfed.org/series/DFII10,2026-08-26T09:57:28.788657,daily,A,confirmed
2026-06-05,us_10y_real_rate,2.19,pct,FRED,https://fred.stlouisfed.org/series/DFII10,2026-08-26T09:57:28.791659,daily,A,confirmed
2026-06-08,us_10y_real_rate,2.21,pct,FRED,https://fred.stlouisfed.org/series/DFII10,2026-08-26T09:57:28.793709,daily,A,confirmed
2026-06-09,us_10y_real_rate,2.2,pct,FRED,https://fred.stlouisfed.org/series/DFII10,2026-08-26T09:57:28.795705,daily,A,confirmed
2026-06-10,us_10y_real_rate,2.21,pct,FRED,https://fred.stlouisfed.org/series/DFII10,2026-08-26T09:57:28.797707,daily,A,confirmed
2026-06-11,us_10y_real_rate,2.16,pct,FRED,https://fred.stlouisfed.org/series/DFII10,2026-08-26T09:57:28.798704,daily,A,confirmed
2026-06-12,us_10y_real_rate,2.17,pct,FRED,https://fred.stlouisfed.org/series/DFII10,2026-08-26T09:57:28.800699,daily,A,confirmed
2026-06-15,us_10y_real_rate,2.15,pct,FRED,https://fred.stlouisfed.org/series/DFII10,2026-08-26T09:57:28.801702,daily,A,confirmed
2026-06-16,us_10y_real_rate,2.14,pct,FRED,https://fred.stlouisfed.org/series/DFII10,2026-08-26T09:57:28.802697,daily,A,confirmed
2026-06-17,us_10y_real_rate,2.23,pct,FRED,https://fred.stlouisfed.org/series/DFII10,2026-08-26T09:57:28.802697,daily,A,confirmed
2026-06-18,us_10y_real_rate,2.21,pct,FRED,https://fred.stlouisfed.org/series/DFII10,2026-08-26T09:57:28.803695,daily,A,confirmed
2026-06-22,us_10y_real_rate,2.28,pct,FRED,https://fred.stlouisfed.org/series/DFII10,2026-08-26T09:57:28.805701,daily,A,confirmed
2026-06-23,us_10y_real_rate,2.29,pct,FRED,https://fred.stlouisfed.org/series/DFII10,2026-08-26T09:57:28.806701,daily,A,confirmed
2026-06-24,us_10y_real_rate,2.23,pct,FRED,https://fred.stlouisfed.org/series/DFII10,2026-08-26T09:57:28.808700,daily,A,confirmed
2026-06-25,us_10y_real_rate,2.19,pct,FRED,https://fred.stlouisfed.org/series/DFII10,2026-08-26T09:57:28.809701,daily,A,confirmed
2026-06-26,us_10y_real_rate,2.18,pct,FRED,https://fred.stlouisfed.org/series/DFII10,2026-08-26T09:57:28.810699,daily,A,confirmed
2026-06-29,us_10y_real_rate,2.16,pct,FRED,https://fred.stlouisfed.org/series/DFII10,2026-08-26T09:57:28.812703,daily,A,confirmed
2026-06-30,us_10y_real_rate,2.2,pct,FRED,https://fred.stlouisfed.org/series/DFII10,2026-08-26T09:57:28.813700,daily,A,confirmed
2026-07-01,us_10y_real_rate,2.25,pct,FRED,https://fred.stlouisfed.org/series/DFII10,2026-08-26T09:57:28.814698,daily,A,confirmed
2026-07-02,us_10y_real_rate,2.26,pct,FRED,https://fred.stlouisfed.org/series/DFII10,2026-08-26T09:57:28.816695,daily,A,confirmed
2026-07-06,us_10y_real_rate,2.24,pct,FRED,https://fred.stlouisfed.org/series/DFII10,2026-08-26T09:57:28.817694,daily,A,confirmed
2026-07-07,us_10y_real_rate,2.3,pct,FRED,https://fred.stlouisfed.org/series/DFII10,2026-08-26T09:57:28.818695,daily,A,confirmed
2026-07-08,us_10y_real_rate,2.31,pct,FRED,https://fred.stlouisfed.org/series/DFII10,2026-08-26T09:57:28.819700,daily,A,confirmed
2026-07-09,us_10y_real_rate,2.31,pct,FRED,https://fred.stlouisfed.org/series/DFII10,2026-08-26T09:57:28.821701,daily,A,confirmed
2026-07-10,us_10y_real_rate,2.32,pct,FRED,https://fred.stlouisfed.org/series/DFII10,2026-08-26T09:57:28.824709,daily,A,confirmed
2026-07-13,us_10y_real_rate,2.36,pct,FRED,https://fred.stlouisfed.org/series/DFII10,2026-08-26T09:57:28.825698,daily,A,confirmed
2026-07-14,us_10y_real_rate,2.33,pct,FRED,https://fred.stlouisfed.org/series/DFII10,2026-08-26T09:57:28.827700,daily,A,confirmed
2026-07-15,us_10y_real_rate,2.32,pct,FRED,https://fred.stlouisfed.org/series/DFII10,2026-08-26T09:57:28.830701,daily,A,confirmed
2026-07-16,us_10y_real_rate,2.35,pct,FRED,https://fred.stlouisfed.org/series/DFII10,2026-08-26T09:57:28.832704,daily,A,confirmed
2026-07-17,us_10y_real_rate,2.31,pct,FRED,https://fred.stlouisfed.org/series/DFII10,2026-08-26T09:57:28.834707,daily,A,confirmed
2026-07-20,us_10y_real_rate,2.35,pct,FRED,https://fred.stlouisfed.org/series/DFII10,2026-08-26T09:57:28.835699,daily,A,confirmed
2026-07-21,us_10y_real_rate,2.37,pct,FRED,https://fred.stlouisfed.org/series/DFII10,2026-08-26T09:57:28.837700,daily,A,confirmed
2026-07-22,us_10y_real_rate,2.39,pct,FRED,https://fred.stlouisfed.org/series/DFII10,2026-08-26T09:57:28.840701,daily,A,confirmed
2026-07-23,us_10y_real_rate,2.43,pct,FRED,https://fred.stlouisfed.org/series/DFII10,2026-08-26T09:57:28.842709,daily,A,confirmed
2026-07-24,us_10y_real_rate,2.43,pct,FRED,https://fred.stlouisfed.org/series/DFII10,2026-08-26T09:57:28.844700,daily,A,confirmed
2026-07-27,us_10y_real_rate,2.44,pct,FRED,https://fred.stlouisfed.org/series/DFII10,2026-08-26T09:57:28.845699,daily,A,confirmed
2026-07-28,us_10y_real_rate,2.41,pct,FRED,https://fred.stlouisfed.org/series/DFII10,2026-08-26T09:57:28.848700,daily,A,confirmed
2026-07-29,us_10y_real_rate,2.41,pct,FRED,https://fred.stlouisfed.org/series/DFII10,2026-08-26T09:57:28.850702,daily,A,confirmed
2026-07-30,us_10y_real_rate,2.41,pct,FRED,https://fred.stlouisfed.org/series/DFII10,2026-08-26T09:57:28.851699,daily,A,confirmed
2026-07-31,us_10y_real_rate,2.47,pct,FRED,https://fred.stlouisfed.org/series/DFII10,2026-08-26T09:57:28.853700,daily,A,confirmed
2026-08-03,us_10y_real_rate,2.43,pct,FRED,https://fred.stlouisfed.org/series/DFII10,2026-08-26T09:57:28.854698,daily,A,confirmed
2026-08-04,us_10y_real_rate,2.4,pct,FRED,https://fred.stlouisfed.org/series/DFII10,2026-08-26T09:57:28.856696,daily,A,confirmed
2026-08-05,us_10y_real_rate,2.41,pct,FRED,https://fred.stlouisfed.org/series/DFII10,2026-08-26T09:57:28.857701,daily,A,confirmed
2026-08-06,us_10y_real_rate,2.43,pct,FRED,https://fred.stlouisfed.org/series/DFII10,2026-08-26T09:57:28.859701,daily,A,confirmed
2026-08-07,us_10y_real_rate,2.4,pct,FRED,https://fred.stlouisfed.org/series/DFII10,2026-08-26T09:57:28.862701,daily,A,confirmed
2026-08-10,us_10y_real_rate,2.43,pct,FRED,https://fred.stlouisfed.org/series/DFII10,2026-08-26T09:57:28.863699,daily,A,confirmed
2026-08-11,us_10y_real_rate,2.43,pct,FRED,https://fred.stlouisfed.org/series/DFII10,2026-08-26T09:57:28.864697,daily,A,confirmed
2026-08-12,us_10y_real_rate,2.42,pct,FRED,https://fred.stlouisfed.org/series/DFII10,2026-08-26T09:57:28.865698,daily,A,confirmed
2026-08-13,us_10y_real_rate,2.39,pct,FRED,https://fred.stlouisfed.org/series/DFII10,2026-08-26T09:57:28.866697,daily,A,confirmed
2026-08-14,us_10y_real_rate,2.41,pct,FRED,https://fred.stlouisfed.org/series/DFII10,2026-08-26T09:57:28.867697,daily,A,confirmed
2026-08-17,us_10y_real_rate,2.44,pct,FRED,https://fred.stlouisfed.org/series/DFII10,2026-08-26T09:57:28.868699,daily,A,confirmed
2026-08-18,us_10y_real_rate,2.41,pct,FRED,https://fred.stlouisfed.org/series/DFII10,2026-08-26T09:57:28.869699,daily,A,confirmed
2026-08-19,us_10y_real_rate,2.35,pct,FRED,https://fred.stlouisfed.org/series/DFII10,2026-08-26T09:57:28.870693,daily,A,confirmed
2026-08-20,us_10y_real_rate,2.35,pct,FRED,https://fred.stlouisfed.org/series/DFII10,2026-08-26T09:57:28.871697,daily,A,confirmed
2026-08-21,us_10y_real_rate,2.4,pct,FRED,https://fred.stlouisfed.org/series/DFII10,2026-08-26T09:57:28.872700,daily,A,confirmed
2026-08-24,us_10y_real_rate,2.38,pct,FRED,https://fred.stlouisfed.org/series/DFII10,2026-08-26T09:57:28.875700,daily,A,confirmed
2026-05-01,us_ism_manufacturing,54.0,index,ISM,https://www.ismworld.org/,2026-08-26T09:57:47.356161,monthly,A,confirmed
2026-06-01,us_ism_manufacturing,53.3,index,ISM,https://www.ismworld.org/,2026-08-26T09:57:47.356161,monthly,A,confirmed
2026-07-01,us_ism_manufacturing,55.6,index,ISM,https://www.prnewswire.com/news-releases/manufacturing-pmi-at-55-6-july-2026-ism-manufacturing-pmi-report-302840669.html,2026-08-26T09:57:47.356161,monthly,A,confirmed
2026-01-01,wire_cable_output_yoy,5.5,pct,国家统计局,,2026-08-26T09:57:47.356161,monthly,B,confirmed
2026-02-01,wire_cable_output_yoy,4.3,pct,国家统计局,,2026-08-26T09:57:47.356161,monthly,B,confirmed
2026-03-01,wire_cable_output_yoy,3.3,pct,国家统计局,,2026-08-26T09:57:47.356161,monthly,B,confirmed
2026-04-01,wire_cable_output_yoy,8.7,pct,国家统计局,,2026-08-26T09:57:47.356161,monthly,B,confirmed
2026-05-01,wire_cable_output_yoy,5.0,pct,国家统计局,,2026-08-26T09:57:47.357171,monthly,B,confirmed
