date,indicator,value,unit,source,source_url,updated_at,frequency,confidence,note
2025-05-31,china_new_orders_pmi,48.3,index,财新网,https://www.caixin.com/,2026-07-05T00:03:11.629924,monthly,C,
2025-06-30,china_new_orders_pmi,50.4,index,财新网,https://www.caixin.com/,2026-08-04T10:01:30.687869,monthly,C,
2025-07-31,china_new_orders_pmi,49.5,index,财新网,https://www.caixin.com/,2026-08-22T00:05:22.817963,monthly,C,Historical fallback; recent months overridden by NBS new-orders sub-index in manual_indicators.csv
2025-08-31,china_new_orders_pmi,50.5,index,财新网,https://www.caixin.com/,2026-08-22T00:05:22.818098,monthly,C,Historical fallback; recent months overridden by NBS new-orders sub-index in manual_indicators.csv
2025-09-30,china_new_orders_pmi,51.2,index,财新网,https://www.caixin.com/,2026-08-22T00:05:22.818209,monthly,C,Historical fallback; recent months overridden by NBS new-orders sub-index in manual_indicators.csv
2025-10-31,china_new_orders_pmi,50.6,index,财新网,https://www.caixin.com/,2026-08-22T00:05:22.818313,monthly,C,Historical fallback; recent months overridden by NBS new-orders sub-index in manual_indicators.csv
2025-11-30,china_new_orders_pmi,49.9,index,财新网,https://www.caixin.com/,2026-08-22T00:05:22.818417,monthly,C,Historical fallback; recent months overridden by NBS new-orders sub-index in manual_indicators.csv
2025-12-31,china_new_orders_pmi,50.1,index,财新网,https://www.caixin.com/,2026-08-22T00:05:22.818521,monthly,C,Historical fallback; recent months overridden by NBS new-orders sub-index in manual_indicators.csv
2026-01-31,china_new_orders_pmi,50.3,index,财新网,https://www.caixin.com/,2026-08-22T00:05:22.818623,monthly,C,Historical fallback; recent months overridden by NBS new-orders sub-index in manual_indicators.csv
2026-02-28,china_new_orders_pmi,52.1,index,财新网,https://www.caixin.com/,2026-08-22T00:05:22.818733,monthly,C,Historical fallback; recent months overridden by NBS new-orders sub-index in manual_indicators.csv
2026-03-31,china_new_orders_pmi,50.8,index,财新网,https://www.caixin.com/,2026-08-22T00:05:22.818829,monthly,C,Historical fallback; recent months overridden by NBS new-orders sub-index in manual_indicators.csv
2026-04-30,china_new_orders_pmi,52.2,index,财新网,https://www.caixin.com/,2026-08-22T00:05:22.818946,monthly,C,Historical fallback; recent months overridden by NBS new-orders sub-index in manual_indicators.csv
2026-05-01,china_new_orders_pmi,49.9,index,国家统计局,https://www.stats.gov.cn/,2026-08-22T00:05:37.467503,monthly,A,NBS manufacturing new orders sub-index May 2026
2026-06-01,china_new_orders_pmi,51.2,index,国家统计局,https://www.stats.gov.cn/,2026-08-22T00:05:37.467515,monthly,A,NBS manufacturing new orders sub-index June 2026
2026-07-01,china_new_orders_pmi,48.5,index,国家统计局,https://www.stats.gov.cn/,2026-08-22T00:05:37.467524,monthly,A,NBS manufacturing new orders sub-index July 2026 (released 2026-07-31; -2.7pp vs June 51.2)
2025-06-01,china_pmi,49.7,index,东方财富-国家统计局,https://data.eastmoney.com/cjsj/pmi.html,2026-07-06T10:42:43.343443,monthly,A,
2025-07-01,china_pmi,49.3,index,东方财富-国家统计局,https://data.eastmoney.com/cjsj/pmi.html,2026-08-05T00:04:07.687988,monthly,A,
2025-08-01,china_pmi,49.4,index,东方财富-国家统计局,https://data.eastmoney.com/cjsj/pmi.html,2026-08-22T00:05:19.163432,monthly,A,
2025-09-01,china_pmi,49.8,index,东方财富-国家统计局,https://data.eastmoney.com/cjsj/pmi.html,2026-08-22T00:05:19.163391,monthly,A,
2025-10-01,china_pmi,49.0,index,东方财富-国家统计局,https://data.eastmoney.com/cjsj/pmi.html,2026-08-22T00:05:19.163351,monthly,A,
2025-11-01,china_pmi,49.2,index,东方财富-国家统计局,https://data.eastmoney.com/cjsj/pmi.html,2026-08-22T00:05:19.163310,monthly,A,
2025-12-01,china_pmi,50.1,index,东方财富-国家统计局,https://data.eastmoney.com/cjsj/pmi.html,2026-08-22T00:05:19.163269,monthly,A,
2026-01-01,china_pmi,49.3,index,东方财富-国家统计局,https://data.eastmoney.com/cjsj/pmi.html,2026-08-22T00:05:19.163227,monthly,A,
2026-02-01,china_pmi,49.0,index,东方财富-国家统计局,https://data.eastmoney.com/cjsj/pmi.html,2026-08-22T00:05:19.163162,monthly,A,
2026-03-01,china_pmi,50.4,index,东方财富-国家统计局,https://data.eastmoney.com/cjsj/pmi.html,2026-08-22T00:05:19.163106,monthly,A,
2026-04-01,china_pmi,50.3,index,东方财富-国家统计局,https://data.eastmoney.com/cjsj/pmi.html,2026-08-22T00:05:19.163059,monthly,A,
2026-05-01,china_pmi,50.0,index,东方财富-国家统计局,https://data.eastmoney.com/cjsj/pmi.html,2026-08-22T00:05:19.163001,monthly,A,
2026-06-01,china_pmi,50.3,index,东方财富-国家统计局,https://data.eastmoney.com/cjsj/pmi.html,2026-08-22T00:05:19.162950,monthly,A,
2026-07-01,china_pmi,49.2,index,东方财富-国家统计局,https://data.eastmoney.com/cjsj/pmi.html,2026-08-22T00:05:19.162885,monthly,A,
2026-03-16,comex_inventory,171455.0,ton,金属库存监控,,2026-08-22T00:05:37.467531,daily,B,from metal_inventory_monitor.csv
2026-03-17,comex_inventory,172689.0,ton,金属库存监控,,2026-08-22T00:05:37.467538,daily,B,from metal_inventory_monitor.csv
2026-03-18,comex_inventory,173237.0,ton,金属库存监控,,2026-08-22T00:05:37.467544,daily,B,from metal_inventory_monitor.csv
2026-03-19,comex_inventory,169777.0,ton,金属库存监控,,2026-08-22T00:05:37.467549,daily,B,from metal_inventory_monitor.csv
2026-03-20,comex_inventory,173668.0,ton,金属库存监控,,2026-08-22T00:05:37.467555,daily,B,from metal_inventory_monitor.csv
2026-03-21,comex_inventory,171872.0,ton,金属库存监控,,2026-08-22T00:05:37.467560,daily,B,from metal_inventory_monitor.csv
2026-03-22,comex_inventory,172740.0,ton,金属库存监控,,2026-08-22T00:05:37.467565,daily,B,from metal_inventory_monitor.csv
2026-03-23,comex_inventory,170267.0,ton,金属库存监控,,2026-08-22T00:05:37.467571,daily,B,from metal_inventory_monitor.csv
2026-03-24,comex_inventory,177452.0,ton,金属库存监控,,2026-08-22T00:05:37.467577,daily,B,from metal_inventory_monitor.csv
2026-03-25,comex_inventory,172511.0,ton,金属库存监控,,2026-08-22T00:05:37.467582,daily,B,from metal_inventory_monitor.csv
2026-03-26,comex_inventory,174412.0,ton,金属库存监控,,2026-08-22T00:05:37.467587,daily,B,from metal_inventory_monitor.csv
2026-03-27,comex_inventory,177969.0,ton,金属库存监控,,2026-08-22T00:05:37.467592,daily,B,from metal_inventory_monitor.csv
2026-03-28,comex_inventory,177600.0,ton,金属库存监控,,2026-08-22T00:05:37.467597,daily,B,from metal_inventory_monitor.csv
2026-03-29,comex_inventory,172154.0,ton,金属库存监控,,2026-08-22T00:05:37.467603,daily,B,from metal_inventory_monitor.csv
2026-03-30,comex_inventory,175046.0,ton,金属库存监控,,2026-08-22T00:05:37.467608,daily,B,from metal_inventory_monitor.csv
2026-03-31,comex_inventory,173141.0,ton,金属库存监控,,2026-08-22T00:05:37.467614,daily,B,from metal_inventory_monitor.csv
2026-04-01,comex_inventory,176490.0,ton,金属库存监控,,2026-08-22T00:05:37.467619,daily,B,from metal_inventory_monitor.csv
2026-04-02,comex_inventory,175812.0,ton,金属库存监控,,2026-08-22T00:05:37.467624,daily,B,from metal_inventory_monitor.csv
2026-04-03,comex_inventory,175124.0,ton,金属库存监控,,2026-08-22T00:05:37.467629,daily,B,from metal_inventory_monitor.csv
2026-04-04,comex_inventory,180320.0,ton,金属库存监控,,2026-08-22T00:05:37.467634,daily,B,from metal_inventory_monitor.csv
2026-04-05,comex_inventory,174780.0,ton,金属库存监控,,2026-08-22T00:05:37.467639,daily,B,from metal_inventory_monitor.csv
2026-04-06,comex_inventory,173819.0,ton,金属库存监控,,2026-08-22T00:05:37.467645,daily,B,from metal_inventory_monitor.csv
2026-04-07,comex_inventory,176136.0,ton,金属库存监控,,2026-08-22T00:05:37.467650,daily,B,from metal_inventory_monitor.csv
2026-04-08,comex_inventory,180578.0,ton,金属库存监控,,2026-08-22T00:05:37.467655,daily,B,from metal_inventory_monitor.csv
2026-04-09,comex_inventory,179677.0,ton,金属库存监控,,2026-08-22T00:05:37.467660,daily,B,from metal_inventory_monitor.csv
2026-04-10,comex_inventory,180308.0,ton,金属库存监控,,2026-08-22T00:05:37.467665,daily,B,from metal_inventory_monitor.csv
2026-04-11,comex_inventory,175257.0,ton,金属库存监控,,2026-08-22T00:05:37.467670,daily,B,from metal_inventory_monitor.csv
2026-04-12,comex_inventory,175989.0,ton,金属库存监控,,2026-08-22T00:05:37.467674,daily,B,from metal_inventory_monitor.csv
2026-04-13,comex_inventory,179738.0,ton,金属库存监控,,2026-08-22T00:05:37.467679,daily,B,from metal_inventory_monitor.csv
2026-04-14,comex_inventory,174349.0,ton,金属库存监控,,2026-08-22T00:05:37.467684,daily,B,from metal_inventory_monitor.csv
2026-04-15,comex_inventory,177505.0,ton,金属库存监控,,2026-08-22T00:05:37.467689,daily,B,from metal_inventory_monitor.csv
2026-04-16,comex_inventory,177270.0,ton,金属库存监控,,2026-08-22T00:05:37.467694,daily,B,from metal_inventory_monitor.csv
2026-04-17,comex_inventory,176154.0,ton,金属库存监控,,2026-08-22T00:05:37.467699,daily,B,from metal_inventory_monitor.csv
2026-04-18,comex_inventory,176314.0,ton,金属库存监控,,2026-08-22T00:05:37.467703,daily,B,from metal_inventory_monitor.csv
2026-04-19,comex_inventory,174998.0,ton,金属库存监控,,2026-08-22T00:05:37.467708,daily,B,from metal_inventory_monitor.csv
2026-04-20,comex_inventory,177513.0,ton,金属库存监控,,2026-08-22T00:05:37.467713,daily,B,from metal_inventory_monitor.csv
2026-04-21,comex_inventory,176513.0,ton,金属库存监控,,2026-08-22T00:05:37.467718,daily,B,from metal_inventory_monitor.csv
2026-04-22,comex_inventory,180318.0,ton,金属库存监控,,2026-08-22T00:05:37.467723,daily,B,from metal_inventory_monitor.csv
2026-04-23,comex_inventory,181247.0,ton,金属库存监控,,2026-08-22T00:05:37.467729,daily,B,from metal_inventory_monitor.csv
2026-04-24,comex_inventory,176920.0,ton,金属库存监控,,2026-08-22T00:05:37.467734,daily,B,from metal_inventory_monitor.csv
2026-04-25,comex_inventory,177425.0,ton,金属库存监控,,2026-08-22T00:05:37.467739,daily,B,from metal_inventory_monitor.csv
2026-04-26,comex_inventory,179202.0,ton,金属库存监控,,2026-08-22T00:05:37.467743,daily,B,from metal_inventory_monitor.csv
2026-04-27,comex_inventory,176217.0,ton,金属库存监控,,2026-08-22T00:05:37.467748,daily,B,from metal_inventory_monitor.csv
2026-04-28,comex_inventory,180969.0,ton,金属库存监控,,2026-08-22T00:05:37.467753,daily,B,from metal_inventory_monitor.csv
2026-04-29,comex_inventory,180346.0,ton,金属库存监控,,2026-08-22T00:05:37.467758,daily,B,from metal_inventory_monitor.csv
2026-04-30,comex_inventory,180491.0,ton,金属库存监控,,2026-08-22T00:05:37.467762,daily,B,from metal_inventory_monitor.csv
2026-05-01,comex_inventory,179637.0,ton,金属库存监控,,2026-08-22T00:05:37.467767,daily,B,from metal_inventory_monitor.csv
2026-05-02,comex_inventory,178060.0,ton,金属库存监控,,2026-08-22T00:05:37.467772,daily,B,from metal_inventory_monitor.csv
2026-05-03,comex_inventory,177253.0,ton,金属库存监控,,2026-08-22T00:05:37.467777,daily,B,from metal_inventory_monitor.csv
2026-05-04,comex_inventory,179490.0,ton,金属库存监控,,2026-08-22T00:05:37.467781,daily,B,from metal_inventory_monitor.csv
2026-05-05,comex_inventory,173889.0,ton,金属库存监控,,2026-08-22T00:05:37.467786,daily,B,from metal_inventory_monitor.csv
2026-05-06,comex_inventory,179366.0,ton,金属库存监控,,2026-08-22T00:05:37.467791,daily,B,from metal_inventory_monitor.csv
2026-05-07,comex_inventory,179618.0,ton,金属库存监控,,2026-08-22T00:05:37.467795,daily,B,from metal_inventory_monitor.csv
2026-05-08,comex_inventory,179660.0,ton,金属库存监控,,2026-08-22T00:05:37.467800,daily,B,from metal_inventory_monitor.csv
2026-05-09,comex_inventory,173624.0,ton,金属库存监控,,2026-08-22T00:05:37.467805,daily,B,from metal_inventory_monitor.csv
2026-05-10,comex_inventory,173840.0,ton,金属库存监控,,2026-08-22T00:05:37.467809,daily,B,from metal_inventory_monitor.csv
2026-05-11,comex_inventory,176282.0,ton,金属库存监控,,2026-08-22T00:05:37.467814,daily,B,from metal_inventory_monitor.csv
2026-05-12,comex_inventory,177423.0,ton,金属库存监控,,2026-08-22T00:05:37.467819,daily,B,from metal_inventory_monitor.csv
2026-05-13,comex_inventory,174297.0,ton,金属库存监控,,2026-08-22T00:05:37.467824,daily,B,from metal_inventory_monitor.csv
2026-05-14,comex_inventory,179082.0,ton,金属库存监控,,2026-08-22T00:05:37.467829,daily,B,from metal_inventory_monitor.csv
2026-05-15,comex_inventory,177253.0,ton,金属库存监控,,2026-08-22T00:05:37.467834,daily,B,from metal_inventory_monitor.csv
2026-05-16,comex_inventory,178009.0,ton,金属库存监控,,2026-08-22T00:05:37.467838,daily,B,from metal_inventory_monitor.csv
2026-05-17,comex_inventory,175112.0,ton,金属库存监控,,2026-08-22T00:05:37.467863,daily,B,from metal_inventory_monitor.csv
2026-05-18,comex_inventory,175709.0,ton,金属库存监控,,2026-08-22T00:05:37.467868,daily,B,from metal_inventory_monitor.csv
2026-05-19,comex_inventory,174036.0,ton,金属库存监控,,2026-08-22T00:05:37.467872,daily,B,from metal_inventory_monitor.csv
2026-05-20,comex_inventory,175971.0,ton,金属库存监控,,2026-08-22T00:05:37.467877,daily,B,from metal_inventory_monitor.csv
2026-05-21,comex_inventory,174542.0,ton,金属库存监控,,2026-08-22T00:05:37.467882,daily,B,from metal_inventory_monitor.csv
2026-05-22,comex_inventory,177366.0,ton,金属库存监控,,2026-08-22T00:05:37.467887,daily,B,from metal_inventory_monitor.csv
2026-05-23,comex_inventory,172018.0,ton,金属库存监控,,2026-08-22T00:05:37.467892,daily,B,from metal_inventory_monitor.csv
2026-05-24,comex_inventory,177114.0,ton,金属库存监控,,2026-08-22T00:05:37.467897,daily,B,from metal_inventory_monitor.csv
2026-05-25,comex_inventory,172635.0,ton,金属库存监控,,2026-08-22T00:05:37.467902,daily,B,from metal_inventory_monitor.csv
2026-05-26,comex_inventory,170896.0,ton,金属库存监控,,2026-08-22T00:05:37.467906,daily,B,from metal_inventory_monitor.csv
2026-05-27,comex_inventory,175921.0,ton,金属库存监控,,2026-08-22T00:05:37.467911,daily,B,from metal_inventory_monitor.csv
2026-05-28,comex_inventory,170965.0,ton,金属库存监控,,2026-08-22T00:05:37.467916,daily,B,from metal_inventory_monitor.csv
2026-05-29,comex_inventory,169612.0,ton,金属库存监控,,2026-08-22T00:05:37.467922,daily,B,from metal_inventory_monitor.csv
2026-05-30,comex_inventory,172706.0,ton,金属库存监控,,2026-08-22T00:05:37.467926,daily,B,from metal_inventory_monitor.csv
2026-05-31,comex_inventory,174252.0,ton,金属库存监控,,2026-08-22T00:05:37.467931,daily,B,from metal_inventory_monitor.csv
2026-06-01,comex_inventory,173906.0,ton,金属库存监控,,2026-08-22T00:05:37.467936,daily,B,from metal_inventory_monitor.csv
2026-06-02,comex_inventory,170653.0,ton,金属库存监控,,2026-08-22T00:05:37.467941,daily,B,from metal_inventory_monitor.csv
2026-06-03,comex_inventory,168914.0,ton,金属库存监控,,2026-08-22T00:05:37.467945,daily,B,from metal_inventory_monitor.csv
2026-06-04,comex_inventory,170968.0,ton,金属库存监控,,2026-08-22T00:05:37.467950,daily,B,from metal_inventory_monitor.csv
2026-06-05,comex_inventory,171463.0,ton,金属库存监控,,2026-08-22T00:05:37.467955,daily,B,from metal_inventory_monitor.csv
2026-06-06,comex_inventory,171188.0,ton,金属库存监控,,2026-08-22T00:05:37.467959,daily,B,from metal_inventory_monitor.csv
2026-06-07,comex_inventory,167925.0,ton,金属库存监控,,2026-08-22T00:05:37.467964,daily,B,from metal_inventory_monitor.csv
2026-06-08,comex_inventory,171591.0,ton,金属库存监控,,2026-08-22T00:05:37.467969,daily,B,from metal_inventory_monitor.csv
2026-06-09,comex_inventory,167277.0,ton,金属库存监控,,2026-08-22T00:05:37.467973,daily,B,from metal_inventory_monitor.csv
2026-06-10,comex_inventory,169817.0,ton,金属库存监控,,2026-08-22T00:05:37.467978,daily,B,from metal_inventory_monitor.csv
2026-06-11,comex_inventory,169333.0,ton,金属库存监控,,2026-08-22T00:05:37.467983,daily,B,from metal_inventory_monitor.csv
2026-06-12,comex_inventory,165460.0,ton,金属库存监控,,2026-08-22T00:05:37.467988,daily,B,from metal_inventory_monitor.csv
2026-06-13,comex_inventory,172406.0,ton,金属库存监控,,2026-08-22T00:05:37.467992,daily,B,from metal_inventory_monitor.csv
2026-06-14,comex_inventory,168006.0,ton,金属库存监控,,2026-08-22T00:05:37.467998,daily,B,from metal_inventory_monitor.csv
2026-06-15,comex_inventory,167199.0,ton,金属库存监控,,2026-08-22T00:05:37.468003,daily,B,from metal_inventory_monitor.csv
2026-06-16,comex_inventory,170060.0,ton,金属库存监控,,2026-08-22T00:05:37.468007,daily,B,from metal_inventory_monitor.csv
2026-06-17,comex_inventory,164400.0,ton,金属库存监控,,2026-08-22T00:05:37.468012,daily,B,from metal_inventory_monitor.csv
2026-06-18,comex_inventory,166344.0,ton,金属库存监控,,2026-08-22T00:05:37.468017,daily,B,from metal_inventory_monitor.csv
2026-06-19,comex_inventory,169975.0,ton,金属库存监控,,2026-08-22T00:05:37.468022,daily,B,from metal_inventory_monitor.csv
2026-06-20,comex_inventory,166815.0,ton,金属库存监控,,2026-08-22T00:05:37.468026,daily,B,from metal_inventory_monitor.csv
2026-06-21,comex_inventory,169737.0,ton,金属库存监控,,2026-08-22T00:05:37.468031,daily,B,from metal_inventory_monitor.csv
2026-06-22,comex_inventory,168572.0,ton,金属库存监控,,2026-08-22T00:05:37.468046,daily,B,from metal_inventory_monitor.csv
2026-06-23,comex_inventory,167918.0,ton,金属库存监控,,2026-08-22T00:05:37.468052,daily,B,from metal_inventory_monitor.csv
2026-06-24,comex_inventory,167158.0,ton,金属库存监控,,2026-08-22T00:05:37.468057,daily,B,from metal_inventory_monitor.csv
2026-06-25,comex_inventory,166155.0,ton,金属库存监控,,2026-08-22T00:05:37.468062,daily,B,from metal_inventory_monitor.csv
2026-06-26,comex_inventory,166435.0,ton,金属库存监控,,2026-08-22T00:05:37.468067,daily,B,from metal_inventory_monitor.csv
2026-06-27,comex_inventory,166917.0,ton,金属库存监控,,2026-08-22T00:05:37.468072,daily,B,from metal_inventory_monitor.csv
2026-06-28,comex_inventory,164017.0,ton,金属库存监控,,2026-08-22T00:05:37.468077,daily,B,from metal_inventory_monitor.csv
2026-06-29,comex_inventory,168806.0,ton,金属库存监控,,2026-08-22T00:05:37.468083,daily,B,from metal_inventory_monitor.csv
2026-06-30,comex_inventory,167028.0,ton,金属库存监控,,2026-08-22T00:05:37.468089,daily,B,from metal_inventory_monitor.csv
2026-07-01,comex_inventory,163086.0,ton,金属库存监控,,2026-08-22T00:05:37.468095,daily,B,from metal_inventory_monitor.csv
2026-07-02,comex_inventory,168600.0,ton,金属库存监控,,2026-08-22T00:05:37.468100,daily,B,from metal_inventory_monitor.csv
2026-07-03,comex_inventory,169830.0,ton,金属库存监控,,2026-08-22T00:05:37.468106,daily,B,from metal_inventory_monitor.csv
2026-07-04,comex_inventory,167375.0,ton,金属库存监控,,2026-08-22T00:05:37.468111,daily,B,from metal_inventory_monitor.csv
2026-07-05,comex_inventory,164187.0,ton,金属库存监控,,2026-08-22T00:05:37.468116,daily,B,from metal_inventory_monitor.csv
2026-07-06,comex_inventory,167813.0,ton,金属库存监控,,2026-08-22T00:05:37.468121,daily,B,from metal_inventory_monitor.csv
2026-07-07,comex_inventory,166915.0,ton,金属库存监控,,2026-08-22T00:05:37.468126,daily,B,from metal_inventory_monitor.csv
2026-07-08,comex_inventory,164490.0,ton,金属库存监控,,2026-08-22T00:05:37.468131,daily,B,from metal_inventory_monitor.csv
2026-07-09,comex_inventory,169022.0,ton,金属库存监控,,2026-08-22T00:05:37.468136,daily,B,from metal_inventory_monitor.csv
2026-07-10,comex_inventory,168572.0,ton,金属库存监控,,2026-08-22T00:05:37.468140,daily,B,from metal_inventory_monitor.csv
2026-07-11,comex_inventory,168379.0,ton,金属库存监控,,2026-08-22T00:05:37.468145,daily,B,from metal_inventory_monitor.csv
2026-07-12,comex_inventory,164415.0,ton,金属库存监控,,2026-08-22T00:05:37.468150,daily,B,from metal_inventory_monitor.csv
2026-07-13,comex_inventory,167775.0,ton,金属库存监控,,2026-08-22T00:05:37.468155,daily,B,from metal_inventory_monitor.csv
2026-06-29,copper_rod_operating_rate,65.87,pct,SMM,,2026-08-22T00:05:37.468161,weekly,B,精铜杆开工率; from data/raw/grid_indicators_2026.csv
2025-05-26,dxy,98.93,index,Yahoo Finance,https://finance.yahoo.com/quote/DX-Y.NYB,2026-06-30T17:11:38.171898,daily,B,
2025-05-27,dxy,99.52,index,Yahoo Finance,https://finance.yahoo.com/quote/DX-Y.NYB,2026-07-01T10:02:49.117595,daily,B,
2025-05-28,dxy,99.88,index,Yahoo Finance,https://finance.yahoo.com/quote/DX-Y.NYB,2026-07-02T02:41:00.904516,daily,B,
2025-05-29,dxy,99.28,index,Yahoo Finance,https://finance.yahoo.com/quote/DX-Y.NYB,2026-07-03T00:04:36.791686,daily,B,
2025-05-30,dxy,99.33,index,Yahoo Finance,https://finance.yahoo.com/quote/DX-Y.NYB,2026-07-04T00:03:13.724338,daily,B,
2025-06-02,dxy,98.7,index,Yahoo Finance,https://finance.yahoo.com/quote/DX-Y.NYB,2026-07-07T00:04:26.957896,daily,B,
2025-06-03,dxy,99.25,index,Yahoo Finance,https://finance.yahoo.com/quote/DX-Y.NYB,2026-07-08T00:01:39.651309,daily,B,
2025-06-04,dxy,98.79,index,Yahoo Finance,https://finance.yahoo.com/quote/DX-Y.NYB,2026-07-09T00:03:13.568452,daily,B,
2025-06-05,dxy,98.74,index,Yahoo Finance,https://finance.yahoo.com/quote/DX-Y.NYB,2026-07-10T00:02:59.915031,daily,B,
2025-06-06,dxy,99.19,index,Yahoo Finance,https://finance.yahoo.com/quote/DX-Y.NYB,2026-07-11T00:04:21.914398,daily,B,
2025-06-09,dxy,98.94,index,Yahoo Finance,https://finance.yahoo.com/quote/DX-Y.NYB,2026-07-14T00:02:06.953682,daily,B,
2025-06-10,dxy,99.05,index,Yahoo Finance,https://finance.yahoo.com/quote/DX-Y.NYB,2026-07-15T00:04:36.800378,daily,B,
2025-06-11,dxy,98.63,index,Yahoo Finance,https://finance.yahoo.com/quote/DX-Y.NYB,2026-07-16T00:02:37.465705,daily,B,
2025-06-12,dxy,97.92,index,Yahoo Finance,https://finance.yahoo.com/quote/DX-Y.NYB,2026-07-17T09:02:08.513904,daily,B,
2025-06-13,dxy,98.18,index,Yahoo Finance,https://finance.yahoo.com/quote/DX-Y.NYB,2026-07-18T00:02:24.548161,daily,B,
2025-06-16,dxy,98.0,index,Yahoo Finance,https://finance.yahoo.com/quote/DX-Y.NYB,2026-07-21T00:03:54.033373,daily,B,
2025-06-17,dxy,98.82,index,Yahoo Finance,https://finance.yahoo.com/quote/DX-Y.NYB,2026-07-22T00:04:21.506042,daily,B,
2025-06-18,dxy,98.91,index,Yahoo Finance,https://finance.yahoo.com/quote/DX-Y.NYB,2026-07-23T00:06:22.175176,daily,B,
2025-06-20,dxy,98.71,index,Yahoo Finance,https://finance.yahoo.com/quote/DX-Y.NYB,2026-07-25T00:02:18.491194,daily,B,
2025-06-23,dxy,98.42,index,Yahoo Finance,https://finance.yahoo.com/quote/DX-Y.NYB,2026-07-28T00:02:20.227450,daily,B,
2025-06-24,dxy,97.86,index,Yahoo Finance,https://finance.yahoo.com/quote/DX-Y.NYB,2026-07-29T00:03:46.903727,daily,B,
2025-06-25,dxy,97.68,index,Yahoo Finance,https://finance.yahoo.com/quote/DX-Y.NYB,2026-07-30T00:05:12.444185,daily,B,
2025-06-26,dxy,97.15,index,Yahoo Finance,https://finance.yahoo.com/quote/DX-Y.NYB,2026-07-31T00:04:43.613768,daily,B,
2025-06-27,dxy,97.4,index,Yahoo Finance,https://finance.yahoo.com/quote/DX-Y.NYB,2026-08-01T00:06:37.056229,daily,B,
2025-06-30,dxy,96.88,index,Yahoo Finance,https://finance.yahoo.com/quote/DX-Y.NYB,2026-08-04T00:02:30.680526,daily,B,
2025-07-01,dxy,96.82,index,Yahoo Finance,https://finance.yahoo.com/quote/DX-Y.NYB,2026-08-05T00:03:58.035278,daily,B,
2025-07-02,dxy,96.78,index,Yahoo Finance,https://finance.yahoo.com/quote/DX-Y.NYB,2026-08-06T09:07:54.867680,daily,B,
2025-07-03,dxy,97.18,index,Yahoo Finance,https://finance.yahoo.com/quote/DX-Y.NYB,2026-08-07T00:04:49.821880,daily,B,
2025-07-07,dxy,97.48,index,Yahoo Finance,https://finance.yahoo.com/quote/DX-Y.NYB,2026-08-11T00:06:34.992784,daily,B,
2025-07-08,dxy,97.51,index,Yahoo Finance,https://finance.yahoo.com/quote/DX-Y.NYB,2026-08-12T00:00:46.466094,daily,B,
2025-07-09,dxy,97.47,index,Yahoo Finance,https://finance.yahoo.com/quote/DX-Y.NYB,2026-08-13T00:01:31.840720,daily,B,
2025-07-10,dxy,97.65,index,Yahoo Finance,https://finance.yahoo.com/quote/DX-Y.NYB,2026-08-14T00:02:47.292077,daily,B,
2025-07-11,dxy,97.85,index,Yahoo Finance,https://finance.yahoo.com/quote/DX-Y.NYB,2026-08-15T00:02:49.739637,daily,B,
2025-07-14,dxy,98.08,index,Yahoo Finance,https://finance.yahoo.com/quote/DX-Y.NYB,2026-08-18T00:02:55.349511,daily,B,
2025-07-15,dxy,98.62,index,Yahoo Finance,https://finance.yahoo.com/quote/DX-Y.NYB,2026-08-18T00:02:55.349561,daily,B,
2025-07-16,dxy,98.39,index,Yahoo Finance,https://finance.yahoo.com/quote/DX-Y.NYB,2026-08-20T00:02:47.972905,daily,B,
2025-07-17,dxy,98.73,index,Yahoo Finance,https://finance.yahoo.com/quote/DX-Y.NYB,2026-08-21T00:03:11.803121,daily,B,
2025-07-18,dxy,98.48,index,Yahoo Finance,https://finance.yahoo.com/quote/DX-Y.NYB,2026-08-22T00:05:13.061658,daily,B,
2025-07-21,dxy,97.85,index,Yahoo Finance,https://finance.yahoo.com/quote/DX-Y.NYB,2026-08-22T00:05:13.061707,daily,B,
2025-07-22,dxy,97.39,index,Yahoo Finance,https://finance.yahoo.com/quote/DX-Y.NYB,2026-08-22T00:05:13.061752,daily,B,
2025-07-23,dxy,97.21,index,Yahoo Finance,https://finance.yahoo.com/quote/DX-Y.NYB,2026-08-22T00:05:13.061796,daily,B,
2025-07-24,dxy,97.38,index,Yahoo Finance,https://finance.yahoo.com/quote/DX-Y.NYB,2026-08-22T00:05:13.061838,daily,B,
2025-07-25,dxy,97.65,index,Yahoo Finance,https://finance.yahoo.com/quote/DX-Y.NYB,2026-08-22T00:05:13.061882,daily,B,
2025-07-28,dxy,98.66,index,Yahoo Finance,https://finance.yahoo.com/quote/DX-Y.NYB,2026-08-22T00:05:13.061924,daily,B,
2025-07-29,dxy,98.91,index,Yahoo Finance,https://finance.yahoo.com/quote/DX-Y.NYB,2026-08-22T00:05:13.061967,daily,B,
2025-07-30,dxy,99.94,index,Yahoo Finance,https://finance.yahoo.com/quote/DX-Y.NYB,2026-08-22T00:05:13.062008,daily,B,
2025-07-31,dxy,100.03,index,Yahoo Finance,https://finance.yahoo.com/quote/DX-Y.NYB,2026-08-22T00:05:13.062050,daily,B,
2025-08-01,dxy,98.69,index,Yahoo Finance,https://finance.yahoo.com/quote/DX-Y.NYB,2026-08-22T00:05:13.062101,daily,B,
2025-08-04,dxy,98.78,index,Yahoo Finance,https://finance.yahoo.com/quote/DX-Y.NYB,2026-08-22T00:05:13.062144,daily,B,
2025-08-05,dxy,98.78,index,Yahoo Finance,https://finance.yahoo.com/quote/DX-Y.NYB,2026-08-22T00:05:13.062186,daily,B,
2025-08-06,dxy,98.18,index,Yahoo Finance,https://finance.yahoo.com/quote/DX-Y.NYB,2026-08-22T00:05:13.062228,daily,B,
2025-08-07,dxy,98.4,index,Yahoo Finance,https://finance.yahoo.com/quote/DX-Y.NYB,2026-08-22T00:05:13.062270,daily,B,
2025-08-08,dxy,98.18,index,Yahoo Finance,https://finance.yahoo.com/quote/DX-Y.NYB,2026-08-22T00:05:13.062312,daily,B,
2025-08-11,dxy,98.52,index,Yahoo Finance,https://finance.yahoo.com/quote/DX-Y.NYB,2026-08-22T00:05:13.062353,daily,B,
2025-08-12,dxy,98.1,index,Yahoo Finance,https://finance.yahoo.com/quote/DX-Y.NYB,2026-08-22T00:05:13.062395,daily,B,
2025-08-13,dxy,97.84,index,Yahoo Finance,https://finance.yahoo.com/quote/DX-Y.NYB,2026-08-22T00:05:13.062445,daily,B,
2025-08-14,dxy,98.25,index,Yahoo Finance,https://finance.yahoo.com/quote/DX-Y.NYB,2026-08-22T00:05:13.062490,daily,B,
2025-08-15,dxy,97.85,index,Yahoo Finance,https://finance.yahoo.com/quote/DX-Y.NYB,2026-08-22T00:05:13.062532,daily,B,
2025-08-18,dxy,98.17,index,Yahoo Finance,https://finance.yahoo.com/quote/DX-Y.NYB,2026-08-22T00:05:13.062575,daily,B,
2025-08-19,dxy,98.27,index,Yahoo Finance,https://finance.yahoo.com/quote/DX-Y.NYB,2026-08-22T00:05:13.062617,daily,B,
2025-08-20,dxy,98.22,index,Yahoo Finance,https://finance.yahoo.com/quote/DX-Y.NYB,2026-08-22T00:05:13.062659,daily,B,
2025-08-21,dxy,98.62,index,Yahoo Finance,https://finance.yahoo.com/quote/DX-Y.NYB,2026-08-22T00:05:13.062701,daily,B,
2025-08-22,dxy,97.72,index,Yahoo Finance,https://finance.yahoo.com/quote/DX-Y.NYB,2026-08-22T00:05:13.062744,daily,B,
2025-08-25,dxy,98.43,index,Yahoo Finance,https://finance.yahoo.com/quote/DX-Y.NYB,2026-08-22T00:05:13.062786,daily,B,
2025-08-26,dxy,98.23,index,Yahoo Finance,https://finance.yahoo.com/quote/DX-Y.NYB,2026-08-22T00:05:13.062828,daily,B,
2025-08-27,dxy,98.23,index,Yahoo Finance,https://finance.yahoo.com/quote/DX-Y.NYB,2026-08-22T00:05:13.062870,daily,B,
2025-08-28,dxy,97.81,index,Yahoo Finance,https://finance.yahoo.com/quote/DX-Y.NYB,2026-08-22T00:05:13.062913,daily,B,
2025-08-29,dxy,97.77,index,Yahoo Finance,https://finance.yahoo.com/quote/DX-Y.NYB,2026-08-22T00:05:13.062956,daily,B,
2025-09-02,dxy,98.4,index,Yahoo Finance,https://finance.yahoo.com/quote/DX-Y.NYB,2026-08-22T00:05:13.062999,daily,B,
2025-09-03,dxy,98.14,index,Yahoo Finance,https://finance.yahoo.com/quote/DX-Y.NYB,2026-08-22T00:05:13.063041,daily,B,
2025-09-04,dxy,98.35,index,Yahoo Finance,https://finance.yahoo.com/quote/DX-Y.NYB,2026-08-22T00:05:13.063084,daily,B,
2025-09-05,dxy,97.77,index,Yahoo Finance,https://finance.yahoo.com/quote/DX-Y.NYB,2026-08-22T00:05:13.063126,daily,B,
2025-09-08,dxy,97.45,index,Yahoo Finance,https://finance.yahoo.com/quote/DX-Y.NYB,2026-08-22T00:05:13.063183,daily,B,
2025-09-09,dxy,97.79,index,Yahoo Finance,https://finance.yahoo.com/quote/DX-Y.NYB,2026-08-22T00:05:13.063228,daily,B,
2025-09-10,dxy,97.78,index,Yahoo Finance,https://finance.yahoo.com/quote/DX-Y.NYB,2026-08-22T00:05:13.063271,daily,B,
2025-09-11,dxy,97.54,index,Yahoo Finance,https://finance.yahoo.com/quote/DX-Y.NYB,2026-08-22T00:05:13.063313,daily,B,
2025-09-12,dxy,97.55,index,Yahoo Finance,https://finance.yahoo.com/quote/DX-Y.NYB,2026-08-22T00:05:13.063354,daily,B,
2025-09-15,dxy,97.3,index,Yahoo Finance,https://finance.yahoo.com/quote/DX-Y.NYB,2026-08-22T00:05:13.063397,daily,B,
2025-09-16,dxy,96.63,index,Yahoo Finance,https://finance.yahoo.com/quote/DX-Y.NYB,2026-08-22T00:05:13.063446,daily,B,
2025-09-17,dxy,96.87,index,Yahoo Finance,https://finance.yahoo.com/quote/DX-Y.NYB,2026-08-22T00:05:13.063490,daily,B,
2025-09-18,dxy,97.35,index,Yahoo Finance,https://finance.yahoo.com/quote/DX-Y.NYB,2026-08-22T00:05:13.063532,daily,B,
2025-09-19,dxy,97.64,index,Yahoo Finance,https://finance.yahoo.com/quote/DX-Y.NYB,2026-08-22T00:05:13.063574,daily,B,
2025-09-22,dxy,97.33,index,Yahoo Finance,https://finance.yahoo.com/quote/DX-Y.NYB,2026-08-22T00:05:13.063616,daily,B,
2025-09-23,dxy,97.26,index,Yahoo Finance,https://finance.yahoo.com/quote/DX-Y.NYB,2026-08-22T00:05:13.063658,daily,B,
2025-09-24,dxy,97.87,index,Yahoo Finance,https://finance.yahoo.com/quote/DX-Y.NYB,2026-08-22T00:05:13.063706,daily,B,
2025-09-25,dxy,98.55,index,Yahoo Finance,https://finance.yahoo.com/quote/DX-Y.NYB,2026-08-22T00:05:13.063749,daily,B,
2025-09-26,dxy,98.15,index,Yahoo Finance,https://finance.yahoo.com/quote/DX-Y.NYB,2026-08-22T00:05:13.063791,daily,B,
2025-09-29,dxy,97.91,index,Yahoo Finance,https://finance.yahoo.com/quote/DX-Y.NYB,2026-08-22T00:05:13.063832,daily,B,
2025-09-30,dxy,97.77,index,Yahoo Finance,https://finance.yahoo.com/quote/DX-Y.NYB,2026-08-22T00:05:13.063874,daily,B,
2025-10-01,dxy,97.71,index,Yahoo Finance,https://finance.yahoo.com/quote/DX-Y.NYB,2026-08-22T00:05:13.063916,daily,B,
2025-10-02,dxy,97.85,index,Yahoo Finance,https://finance.yahoo.com/quote/DX-Y.NYB,2026-08-22T00:05:13.063958,daily,B,
2025-10-03,dxy,97.72,index,Yahoo Finance,https://finance.yahoo.com/quote/DX-Y.NYB,2026-08-22T00:05:13.064000,daily,B,
2025-10-06,dxy,98.11,index,Yahoo Finance,https://finance.yahoo.com/quote/DX-Y.NYB,2026-08-22T00:05:13.064042,daily,B,
2025-10-07,dxy,98.58,index,Yahoo Finance,https://finance.yahoo.com/quote/DX-Y.NYB,2026-08-22T00:05:13.064084,daily,B,
2025-10-08,dxy,98.85,index,Yahoo Finance,https://finance.yahoo.com/quote/DX-Y.NYB,2026-08-22T00:05:13.064126,daily,B,
2025-10-09,dxy,99.54,index,Yahoo Finance,https://finance.yahoo.com/quote/DX-Y.NYB,2026-08-22T00:05:13.064168,daily,B,
2025-10-10,dxy,98.98,index,Yahoo Finance,https://finance.yahoo.com/quote/DX-Y.NYB,2026-08-22T00:05:13.064210,daily,B,
2025-10-13,dxy,99.27,index,Yahoo Finance,https://finance.yahoo.com/quote/DX-Y.NYB,2026-08-22T00:05:13.064251,daily,B,
2025-10-14,dxy,99.05,index,Yahoo Finance,https://finance.yahoo.com/quote/DX-Y.NYB,2026-08-22T00:05:13.064294,daily,B,
2025-10-15,dxy,98.79,index,Yahoo Finance,https://finance.yahoo.com/quote/DX-Y.NYB,2026-08-22T00:05:13.064335,daily,B,
2025-10-16,dxy,98.39,index,Yahoo Finance,https://finance.yahoo.com/quote/DX-Y.NYB,2026-08-22T00:05:13.064377,daily,B,
2025-10-17,dxy,98.43,index,Yahoo Finance,https://finance.yahoo.com/quote/DX-Y.NYB,2026-08-22T00:05:13.064418,daily,B,
2025-10-20,dxy,98.59,index,Yahoo Finance,https://finance.yahoo.com/quote/DX-Y.NYB,2026-08-22T00:05:13.064469,daily,B,
2025-10-21,dxy,98.93,index,Yahoo Finance,https://finance.yahoo.com/quote/DX-Y.NYB,2026-08-22T00:05:13.064511,daily,B,
2025-10-22,dxy,98.9,index,Yahoo Finance,https://finance.yahoo.com/quote/DX-Y.NYB,2026-08-22T00:05:13.064552,daily,B,
2025-10-23,dxy,98.94,index,Yahoo Finance,https://finance.yahoo.com/quote/DX-Y.NYB,2026-08-22T00:05:13.064594,daily,B,
2025-10-24,dxy,98.95,index,Yahoo Finance,https://finance.yahoo.com/quote/DX-Y.NYB,2026-08-22T00:05:13.064636,daily,B,
2025-10-27,dxy,98.78,index,Yahoo Finance,https://finance.yahoo.com/quote/DX-Y.NYB,2026-08-22T00:05:13.064678,daily,B,
2025-10-28,dxy,98.69,index,Yahoo Finance,https://finance.yahoo.com/quote/DX-Y.NYB,2026-08-22T00:05:13.064719,daily,B,
2025-10-29,dxy,99.22,index,Yahoo Finance,https://finance.yahoo.com/quote/DX-Y.NYB,2026-08-22T00:05:13.064760,daily,B,
2025-10-30,dxy,99.53,index,Yahoo Finance,https://finance.yahoo.com/quote/DX-Y.NYB,2026-08-22T00:05:13.064802,daily,B,
2025-10-31,dxy,99.8,index,Yahoo Finance,https://finance.yahoo.com/quote/DX-Y.NYB,2026-08-22T00:05:13.064843,daily,B,
2025-11-03,dxy,99.87,index,Yahoo Finance,https://finance.yahoo.com/quote/DX-Y.NYB,2026-08-22T00:05:13.064885,daily,B,
2025-11-04,dxy,100.22,index,Yahoo Finance,https://finance.yahoo.com/quote/DX-Y.NYB,2026-08-22T00:05:13.064927,daily,B,
2025-11-05,dxy,100.2,index,Yahoo Finance,https://finance.yahoo.com/quote/DX-Y.NYB,2026-08-22T00:05:13.064970,daily,B,
2025-11-06,dxy,99.73,index,Yahoo Finance,https://finance.yahoo.com/quote/DX-Y.NYB,2026-08-22T00:05:13.065013,daily,B,
2025-11-07,dxy,99.6,index,Yahoo Finance,https://finance.yahoo.com/quote/DX-Y.NYB,2026-08-22T00:05:13.065054,daily,B,
2025-11-10,dxy,99.62,index,Yahoo Finance,https://finance.yahoo.com/quote/DX-Y.NYB,2026-08-22T00:05:13.065096,daily,B,
2025-11-11,dxy,99.46,index,Yahoo Finance,https://finance.yahoo.com/quote/DX-Y.NYB,2026-08-22T00:05:13.065137,daily,B,
2025-11-12,dxy,99.48,index,Yahoo Finance,https://finance.yahoo.com/quote/DX-Y.NYB,2026-08-22T00:05:13.065179,daily,B,
2025-11-13,dxy,99.18,index,Yahoo Finance,https://finance.yahoo.com/quote/DX-Y.NYB,2026-08-22T00:05:13.065227,daily,B,
2025-11-14,dxy,99.27,index,Yahoo Finance,https://finance.yahoo.com/quote/DX-Y.NYB,2026-08-22T00:05:13.065270,daily,B,
2025-11-17,dxy,99.59,index,Yahoo Finance,https://finance.yahoo.com/quote/DX-Y.NYB,2026-08-22T00:05:13.065312,daily,B,
2025-11-18,dxy,99.55,index,Yahoo Finance,https://finance.yahoo.com/quote/DX-Y.NYB,2026-08-22T00:05:13.065354,daily,B,
2025-11-19,dxy,100.23,index,Yahoo Finance,https://finance.yahoo.com/quote/DX-Y.NYB,2026-08-22T00:05:13.065395,daily,B,
2025-11-20,dxy,100.16,index,Yahoo Finance,https://finance.yahoo.com/quote/DX-Y.NYB,2026-08-22T00:05:13.065444,daily,B,
2025-11-21,dxy,100.18,index,Yahoo Finance,https://finance.yahoo.com/quote/DX-Y.NYB,2026-08-22T00:05:13.065488,daily,B,
2025-11-24,dxy,100.14,index,Yahoo Finance,https://finance.yahoo.com/quote/DX-Y.NYB,2026-08-22T00:05:13.065530,daily,B,
2025-11-25,dxy,99.66,index,Yahoo Finance,https://finance.yahoo.com/quote/DX-Y.NYB,2026-08-22T00:05:13.065572,daily,B,
2025-11-26,dxy,99.6,index,Yahoo Finance,https://finance.yahoo.com/quote/DX-Y.NYB,2026-08-22T00:05:13.065614,daily,B,
2025-11-28,dxy,99.46,index,Yahoo Finance,https://finance.yahoo.com/quote/DX-Y.NYB,2026-08-22T00:05:13.065656,daily,B,
2025-12-01,dxy,99.41,index,Yahoo Finance,https://finance.yahoo.com/quote/DX-Y.NYB,2026-08-22T00:05:13.065698,daily,B,
2025-12-02,dxy,99.36,index,Yahoo Finance,https://finance.yahoo.com/quote/DX-Y.NYB,2026-08-22T00:05:13.065740,daily,B,
2025-12-03,dxy,98.85,index,Yahoo Finance,https://finance.yahoo.com/quote/DX-Y.NYB,2026-08-22T00:05:13.065782,daily,B,
2025-12-04,dxy,98.99,index,Yahoo Finance,https://finance.yahoo.com/quote/DX-Y.NYB,2026-08-22T00:05:13.065824,daily,B,
2025-12-05,dxy,98.99,index,Yahoo Finance,https://finance.yahoo.com/quote/DX-Y.NYB,2026-08-22T00:05:13.065865,daily,B,
2025-12-08,dxy,99.09,index,Yahoo Finance,https://finance.yahoo.com/quote/DX-Y.NYB,2026-08-22T00:05:13.065906,daily,B,
2025-12-09,dxy,99.22,index,Yahoo Finance,https://finance.yahoo.com/quote/DX-Y.NYB,2026-08-22T00:05:13.065948,daily,B,
2025-12-10,dxy,98.79,index,Yahoo Finance,https://finance.yahoo.com/quote/DX-Y.NYB,2026-08-22T00:05:13.065989,daily,B,
2025-12-11,dxy,98.35,index,Yahoo Finance,https://finance.yahoo.com/quote/DX-Y.NYB,2026-08-22T00:05:13.066030,daily,B,
2025-12-12,dxy,98.4,index,Yahoo Finance,https://finance.yahoo.com/quote/DX-Y.NYB,2026-08-22T00:05:13.066071,daily,B,
2025-12-15,dxy,98.15,index,Yahoo Finance,https://finance.yahoo.com/quote/DX-Y.NYB,2026-08-22T00:05:13.066112,daily,B,
2025-12-16,dxy,98.15,index,Yahoo Finance,https://finance.yahoo.com/quote/DX-Y.NYB,2026-08-22T00:05:13.066154,daily,B,
2025-12-17,dxy,98.37,index,Yahoo Finance,https://finance.yahoo.com/quote/DX-Y.NYB,2026-08-22T00:05:13.066195,daily,B,
2025-12-18,dxy,98.43,index,Yahoo Finance,https://finance.yahoo.com/quote/DX-Y.NYB,2026-08-22T00:05:13.066235,daily,B,
2025-12-19,dxy,98.6,index,Yahoo Finance,https://finance.yahoo.com/quote/DX-Y.NYB,2026-08-22T00:05:13.066277,daily,B,
2025-12-22,dxy,98.29,index,Yahoo Finance,https://finance.yahoo.com/quote/DX-Y.NYB,2026-08-22T00:05:13.066319,daily,B,
2025-12-23,dxy,97.94,index,Yahoo Finance,https://finance.yahoo.com/quote/DX-Y.NYB,2026-08-22T00:05:13.066361,daily,B,
2025-12-24,dxy,97.98,index,Yahoo Finance,https://finance.yahoo.com/quote/DX-Y.NYB,2026-08-22T00:05:13.066402,daily,B,
2025-12-26,dxy,98.02,index,Yahoo Finance,https://finance.yahoo.com/quote/DX-Y.NYB,2026-08-22T00:05:13.066451,daily,B,
2025-12-29,dxy,98.04,index,Yahoo Finance,https://finance.yahoo.com/quote/DX-Y.NYB,2026-08-22T00:05:13.066494,daily,B,
2025-12-30,dxy,98.24,index,Yahoo Finance,https://finance.yahoo.com/quote/DX-Y.NYB,2026-08-22T00:05:13.066536,daily,B,
2025-12-31,dxy,98.28,index,Yahoo Finance,https://finance.yahoo.com/quote/DX-Y.NYB,2026-08-22T00:05:13.066579,daily,B,
2026-01-02,dxy,98.42,index,Yahoo Finance,https://finance.yahoo.com/quote/DX-Y.NYB,2026-08-22T00:05:13.066621,daily,B,
2026-01-05,dxy,98.27,index,Yahoo Finance,https://finance.yahoo.com/quote/DX-Y.NYB,2026-08-22T00:05:13.066663,daily,B,
2026-01-06,dxy,98.58,index,Yahoo Finance,https://finance.yahoo.com/quote/DX-Y.NYB,2026-08-22T00:05:13.066705,daily,B,
2026-01-07,dxy,98.68,index,Yahoo Finance,https://finance.yahoo.com/quote/DX-Y.NYB,2026-08-22T00:05:13.066752,daily,B,
2026-01-08,dxy,98.93,index,Yahoo Finance,https://finance.yahoo.com/quote/DX-Y.NYB,2026-08-22T00:05:13.066794,daily,B,
2026-01-09,dxy,99.13,index,Yahoo Finance,https://finance.yahoo.com/quote/DX-Y.NYB,2026-08-22T00:05:13.066836,daily,B,
2026-01-12,dxy,98.86,index,Yahoo Finance,https://finance.yahoo.com/quote/DX-Y.NYB,2026-08-22T00:05:13.066877,daily,B,
2026-01-13,dxy,99.13,index,Yahoo Finance,https://finance.yahoo.com/quote/DX-Y.NYB,2026-08-22T00:05:13.066920,daily,B,
2026-01-14,dxy,99.13,index,Yahoo Finance,https://finance.yahoo.com/quote/DX-Y.NYB,2026-08-22T00:05:13.066962,daily,B,
2026-01-15,dxy,99.32,index,Yahoo Finance,https://finance.yahoo.com/quote/DX-Y.NYB,2026-08-22T00:05:13.067004,daily,B,
2026-01-16,dxy,99.39,index,Yahoo Finance,https://finance.yahoo.com/quote/DX-Y.NYB,2026-08-22T00:05:13.067046,daily,B,
2026-01-20,dxy,98.64,index,Yahoo Finance,https://finance.yahoo.com/quote/DX-Y.NYB,2026-08-22T00:05:13.067087,daily,B,
2026-01-21,dxy,98.76,index,Yahoo Finance,https://finance.yahoo.com/quote/DX-Y.NYB,2026-08-22T00:05:13.067129,daily,B,
2026-01-22,dxy,98.36,index,Yahoo Finance,https://finance.yahoo.com/quote/DX-Y.NYB,2026-08-22T00:05:13.067183,daily,B,
2026-01-23,dxy,97.6,index,Yahoo Finance,https://finance.yahoo.com/quote/DX-Y.NYB,2026-08-22T00:05:13.067228,daily,B,
2026-01-26,dxy,97.04,index,Yahoo Finance,https://finance.yahoo.com/quote/DX-Y.NYB,2026-08-22T00:05:13.067271,daily,B,
2026-01-27,dxy,96.22,index,Yahoo Finance,https://finance.yahoo.com/quote/DX-Y.NYB,2026-08-22T00:05:13.067313,daily,B,
2026-01-28,dxy,96.45,index,Yahoo Finance,https://finance.yahoo.com/quote/DX-Y.NYB,2026-08-22T00:05:13.067355,daily,B,
2026-01-29,dxy,96.28,index,Yahoo Finance,https://finance.yahoo.com/quote/DX-Y.NYB,2026-08-22T00:05:13.067397,daily,B,
2026-01-30,dxy,96.99,index,Yahoo Finance,https://finance.yahoo.com/quote/DX-Y.NYB,2026-08-22T00:05:13.067447,daily,B,
2026-02-02,dxy,97.61,index,Yahoo Finance,https://finance.yahoo.com/quote/DX-Y.NYB,2026-08-22T00:05:13.067491,daily,B,
2026-02-03,dxy,97.44,index,Yahoo Finance,https://finance.yahoo.com/quote/DX-Y.NYB,2026-08-22T00:05:13.067533,daily,B,
2026-02-04,dxy,97.62,index,Yahoo Finance,https://finance.yahoo.com/quote/DX-Y.NYB,2026-08-22T00:05:13.067576,daily,B,
2026-02-05,dxy,97.82,index,Yahoo Finance,https://finance.yahoo.com/quote/DX-Y.NYB,2026-08-22T00:05:13.067618,daily,B,
2026-02-06,dxy,97.63,index,Yahoo Finance,https://finance.yahoo.com/quote/DX-Y.NYB,2026-08-22T00:05:13.067660,daily,B,
2026-02-09,dxy,96.82,index,Yahoo Finance,https://finance.yahoo.com/quote/DX-Y.NYB,2026-08-22T00:05:13.067702,daily,B,
2026-02-10,dxy,96.8,index,Yahoo Finance,https://finance.yahoo.com/quote/DX-Y.NYB,2026-08-22T00:05:13.067746,daily,B,
2026-02-11,dxy,96.83,index,Yahoo Finance,https://finance.yahoo.com/quote/DX-Y.NYB,2026-08-22T00:05:13.067788,daily,B,
2026-02-12,dxy,96.93,index,Yahoo Finance,https://finance.yahoo.com/quote/DX-Y.NYB,2026-08-22T00:05:13.067831,daily,B,
2026-02-13,dxy,96.88,index,Yahoo Finance,https://finance.yahoo.com/quote/DX-Y.NYB,2026-08-22T00:05:13.068035,daily,B,
2026-02-17,dxy,97.16,index,Yahoo Finance,https://finance.yahoo.com/quote/DX-Y.NYB,2026-08-22T00:05:13.068089,daily,B,
2026-02-18,dxy,97.7,index,Yahoo Finance,https://finance.yahoo.com/quote/DX-Y.NYB,2026-08-22T00:05:13.068133,daily,B,
2026-02-19,dxy,97.93,index,Yahoo Finance,https://finance.yahoo.com/quote/DX-Y.NYB,2026-08-22T00:05:13.068176,daily,B,
2026-02-20,dxy,97.8,index,Yahoo Finance,https://finance.yahoo.com/quote/DX-Y.NYB,2026-08-22T00:05:13.068220,daily,B,
2026-02-23,dxy,97.7,index,Yahoo Finance,https://finance.yahoo.com/quote/DX-Y.NYB,2026-08-22T00:05:13.068262,daily,B,
2026-02-24,dxy,97.88,index,Yahoo Finance,https://finance.yahoo.com/quote/DX-Y.NYB,2026-08-22T00:05:13.068306,daily,B,
2026-02-25,dxy,97.7,index,Yahoo Finance,https://finance.yahoo.com/quote/DX-Y.NYB,2026-08-22T00:05:13.068348,daily,B,
2026-02-26,dxy,97.79,index,Yahoo Finance,https://finance.yahoo.com/quote/DX-Y.NYB,2026-08-22T00:05:13.068390,daily,B,
2026-02-27,dxy,97.61,index,Yahoo Finance,https://finance.yahoo.com/quote/DX-Y.NYB,2026-08-22T00:05:13.068441,daily,B,
2026-03-02,dxy,98.38,index,Yahoo Finance,https://finance.yahoo.com/quote/DX-Y.NYB,2026-08-22T00:05:13.068494,daily,B,
2026-03-03,dxy,99.05,index,Yahoo Finance,https://finance.yahoo.com/quote/DX-Y.NYB,2026-08-22T00:05:13.068537,daily,B,
2026-03-04,dxy,98.77,index,Yahoo Finance,https://finance.yahoo.com/quote/DX-Y.NYB,2026-08-22T00:05:13.068580,daily,B,
2026-03-05,dxy,99.32,index,Yahoo Finance,https://finance.yahoo.com/quote/DX-Y.NYB,2026-08-22T00:05:13.068622,daily,B,
2026-03-06,dxy,98.99,index,Yahoo Finance,https://finance.yahoo.com/quote/DX-Y.NYB,2026-08-22T00:05:13.068664,daily,B,
2026-03-09,dxy,99.18,index,Yahoo Finance,https://finance.yahoo.com/quote/DX-Y.NYB,2026-08-22T00:05:13.068706,daily,B,
2026-03-10,dxy,98.83,index,Yahoo Finance,https://finance.yahoo.com/quote/DX-Y.NYB,2026-08-22T00:05:13.068748,daily,B,
2026-03-11,dxy,99.23,index,Yahoo Finance,https://finance.yahoo.com/quote/DX-Y.NYB,2026-08-22T00:05:13.068790,daily,B,
2026-03-12,dxy,99.74,index,Yahoo Finance,https://finance.yahoo.com/quote/DX-Y.NYB,2026-08-22T00:05:13.068832,daily,B,
2026-03-13,dxy,100.36,index,Yahoo Finance,https://finance.yahoo.com/quote/DX-Y.NYB,2026-08-22T00:05:13.068875,daily,B,
2026-03-16,dxy,99.71,index,Yahoo Finance,https://finance.yahoo.com/quote/DX-Y.NYB,2026-08-22T00:05:13.068917,daily,B,
2026-03-17,dxy,99.58,index,Yahoo Finance,https://finance.yahoo.com/quote/DX-Y.NYB,2026-08-22T00:05:13.068959,daily,B,
2026-03-18,dxy,100.09,index,Yahoo Finance,https://finance.yahoo.com/quote/DX-Y.NYB,2026-08-22T00:05:13.069000,daily,B,
2026-03-19,dxy,99.23,index,Yahoo Finance,https://finance.yahoo.com/quote/DX-Y.NYB,2026-08-22T00:05:13.069042,daily,B,
2026-03-20,dxy,99.65,index,Yahoo Finance,https://finance.yahoo.com/quote/DX-Y.NYB,2026-08-22T00:05:13.069084,daily,B,
2026-03-23,dxy,98.95,index,Yahoo Finance,https://finance.yahoo.com/quote/DX-Y.NYB,2026-08-22T00:05:13.069126,daily,B,
2026-03-24,dxy,99.43,index,Yahoo Finance,https://finance.yahoo.com/quote/DX-Y.NYB,2026-08-22T00:05:13.069168,daily,B,
2026-03-25,dxy,99.6,index,Yahoo Finance,https://finance.yahoo.com/quote/DX-Y.NYB,2026-08-22T00:05:13.069210,daily,B,
2026-03-26,dxy,99.9,index,Yahoo Finance,https://finance.yahoo.com/quote/DX-Y.NYB,2026-08-22T00:05:13.069254,daily,B,
2026-03-27,dxy,100.15,index,Yahoo Finance,https://finance.yahoo.com/quote/DX-Y.NYB,2026-08-22T00:05:13.069296,daily,B,
2026-03-30,dxy,100.51,index,Yahoo Finance,https://finance.yahoo.com/quote/DX-Y.NYB,2026-08-22T00:05:13.069338,daily,B,
2026-03-31,dxy,99.96,index,Yahoo Finance,https://finance.yahoo.com/quote/DX-Y.NYB,2026-08-22T00:05:13.069380,daily,B,
2026-04-01,dxy,99.65,index,Yahoo Finance,https://finance.yahoo.com/quote/DX-Y.NYB,2026-08-22T00:05:13.069422,daily,B,
2026-04-02,dxy,100.03,index,Yahoo Finance,https://finance.yahoo.com/quote/DX-Y.NYB,2026-08-22T00:05:13.069474,daily,B,
2026-04-06,dxy,99.98,index,Yahoo Finance,https://finance.yahoo.com/quote/DX-Y.NYB,2026-08-22T00:05:13.069517,daily,B,
2026-04-07,dxy,99.64,index,Yahoo Finance,https://finance.yahoo.com/quote/DX-Y.NYB,2026-08-22T00:05:13.069560,daily,B,
2026-04-08,dxy,99.13,index,Yahoo Finance,https://finance.yahoo.com/quote/DX-Y.NYB,2026-08-22T00:05:13.069603,daily,B,
2026-04-09,dxy,98.82,index,Yahoo Finance,https://finance.yahoo.com/quote/DX-Y.NYB,2026-08-22T00:05:13.069644,daily,B,
2026-04-10,dxy,98.65,index,Yahoo Finance,https://finance.yahoo.com/quote/DX-Y.NYB,2026-08-22T00:05:13.069686,daily,B,
2026-04-13,dxy,98.37,index,Yahoo Finance,https://finance.yahoo.com/quote/DX-Y.NYB,2026-08-22T00:05:13.069728,daily,B,
2026-04-14,dxy,98.12,index,Yahoo Finance,https://finance.yahoo.com/quote/DX-Y.NYB,2026-08-22T00:05:13.069770,daily,B,
2026-04-15,dxy,98.06,index,Yahoo Finance,https://finance.yahoo.com/quote/DX-Y.NYB,2026-08-22T00:05:13.069811,daily,B,
2026-04-16,dxy,98.22,index,Yahoo Finance,https://finance.yahoo.com/quote/DX-Y.NYB,2026-08-22T00:05:13.069853,daily,B,
2026-04-17,dxy,98.1,index,Yahoo Finance,https://finance.yahoo.com/quote/DX-Y.NYB,2026-08-22T00:05:13.069895,daily,B,
2026-04-20,dxy,98.05,index,Yahoo Finance,https://finance.yahoo.com/quote/DX-Y.NYB,2026-08-22T00:05:13.069937,daily,B,
2026-04-21,dxy,98.41,index,Yahoo Finance,https://finance.yahoo.com/quote/DX-Y.NYB,2026-08-22T00:05:13.069979,daily,B,
2026-04-22,dxy,98.59,index,Yahoo Finance,https://finance.yahoo.com/quote/DX-Y.NYB,2026-08-22T00:05:13.070022,daily,B,
2026-04-23,dxy,98.8,index,Yahoo Finance,https://finance.yahoo.com/quote/DX-Y.NYB,2026-08-22T00:05:13.070071,daily,B,
2026-04-24,dxy,98.51,index,Yahoo Finance,https://finance.yahoo.com/quote/DX-Y.NYB,2026-08-22T00:05:13.070114,daily,B,
2026-04-27,dxy,98.48,index,Yahoo Finance,https://finance.yahoo.com/quote/DX-Y.NYB,2026-08-22T00:05:13.070157,daily,B,
2026-04-28,dxy,98.62,index,Yahoo Finance,https://finance.yahoo.com/quote/DX-Y.NYB,2026-08-22T00:05:13.070200,daily,B,
2026-04-29,dxy,98.92,index,Yahoo Finance,https://finance.yahoo.com/quote/DX-Y.NYB,2026-08-22T00:05:13.070241,daily,B,
2026-04-30,dxy,98.08,index,Yahoo Finance,https://finance.yahoo.com/quote/DX-Y.NYB,2026-08-22T00:05:13.070283,daily,B,
2026-05-01,dxy,98.21,index,Yahoo Finance,https://finance.yahoo.com/quote/DX-Y.NYB,2026-08-22T00:05:13.070325,daily,B,
2026-05-04,dxy,98.47,index,Yahoo Finance,https://finance.yahoo.com/quote/DX-Y.NYB,2026-08-22T00:05:13.070367,daily,B,
2026-05-05,dxy,98.48,index,Yahoo Finance,https://finance.yahoo.com/quote/DX-Y.NYB,2026-08-22T00:05:13.070410,daily,B,
2026-05-06,dxy,98.02,index,Yahoo Finance,https://finance.yahoo.com/quote/DX-Y.NYB,2026-08-22T00:05:13.070460,daily,B,
2026-05-07,dxy,98.25,index,Yahoo Finance,https://finance.yahoo.com/quote/DX-Y.NYB,2026-08-22T00:05:13.070503,daily,B,
2026-05-08,dxy,97.84,index,Yahoo Finance,https://finance.yahoo.com/quote/DX-Y.NYB,2026-08-22T00:05:13.070545,daily,B,
2026-05-11,dxy,97.94,index,Yahoo Finance,https://finance.yahoo.com/quote/DX-Y.NYB,2026-08-22T00:05:13.070588,daily,B,
2026-05-12,dxy,98.29,index,Yahoo Finance,https://finance.yahoo.com/quote/DX-Y.NYB,2026-08-22T00:05:13.070630,daily,B,
2026-05-13,dxy,98.48,index,Yahoo Finance,https://finance.yahoo.com/quote/DX-Y.NYB,2026-08-22T00:05:13.070672,daily,B,
2026-05-14,dxy,98.88,index,Yahoo Finance,https://finance.yahoo.com/quote/DX-Y.NYB,2026-08-22T00:05:13.070714,daily,B,
2026-05-15,dxy,99.27,index,Yahoo Finance,https://finance.yahoo.com/quote/DX-Y.NYB,2026-08-22T00:05:13.070757,daily,B,
2026-05-18,dxy,98.97,index,Yahoo Finance,https://finance.yahoo.com/quote/DX-Y.NYB,2026-08-22T00:05:13.070799,daily,B,
2026-05-19,dxy,99.3,index,Yahoo Finance,https://finance.yahoo.com/quote/DX-Y.NYB,2026-08-22T00:05:13.070841,daily,B,
2026-05-20,dxy,99.11,index,Yahoo Finance,https://finance.yahoo.com/quote/DX-Y.NYB,2026-08-22T00:05:13.070883,daily,B,
2026-05-21,dxy,99.19,index,Yahoo Finance,https://finance.yahoo.com/quote/DX-Y.NYB,2026-08-22T00:05:13.070924,daily,B,
2026-05-22,dxy,99.32,index,Yahoo Finance,https://finance.yahoo.com/quote/DX-Y.NYB,2026-08-22T00:05:13.070966,daily,B,
2026-05-26,dxy,99.17,index,Yahoo Finance,https://finance.yahoo.com/quote/DX-Y.NYB,2026-08-22T00:05:13.071008,daily,B,
2026-05-27,dxy,99.21,index,Yahoo Finance,https://finance.yahoo.com/quote/DX-Y.NYB,2026-08-22T00:05:13.071050,daily,B,
2026-05-28,dxy,99.02,index,Yahoo Finance,https://finance.yahoo.com/quote/DX-Y.NYB,2026-08-22T00:05:13.071092,daily,B,
2026-05-29,dxy,98.91,index,Yahoo Finance,https://finance.yahoo.com/quote/DX-Y.NYB,2026-08-22T00:05:13.071134,daily,B,
2026-06-01,dxy,99.2,index,Yahoo Finance,https://finance.yahoo.com/quote/DX-Y.NYB,2026-08-22T00:05:13.071187,daily,B,
2026-06-02,dxy,99.22,index,Yahoo Finance,https://finance.yahoo.com/quote/DX-Y.NYB,2026-08-22T00:05:13.071232,daily,B,
2026-06-03,dxy,99.53,index,Yahoo Finance,https://finance.yahoo.com/quote/DX-Y.NYB,2026-08-22T00:05:13.071275,daily,B,
2026-06-04,dxy,99.41,index,Yahoo Finance,https://finance.yahoo.com/quote/DX-Y.NYB,2026-08-22T00:05:13.071318,daily,B,
2026-06-05,dxy,100.07,index,Yahoo Finance,https://finance.yahoo.com/quote/DX-Y.NYB,2026-08-22T00:05:13.071360,daily,B,
2026-06-08,dxy,100.05,index,Yahoo Finance,https://finance.yahoo.com/quote/DX-Y.NYB,2026-08-22T00:05:13.071402,daily,B,
2026-06-09,dxy,99.91,index,Yahoo Finance,https://finance.yahoo.com/quote/DX-Y.NYB,2026-08-22T00:05:13.071463,daily,B,
2026-06-10,dxy,99.95,index,Yahoo Finance,https://finance.yahoo.com/quote/DX-Y.NYB,2026-08-22T00:05:13.071505,daily,B,
2026-06-11,dxy,99.86,index,Yahoo Finance,https://finance.yahoo.com/quote/DX-Y.NYB,2026-08-22T00:05:13.071547,daily,B,
2026-06-12,dxy,99.75,index,Yahoo Finance,https://finance.yahoo.com/quote/DX-Y.NYB,2026-08-22T00:05:13.071588,daily,B,
2026-06-15,dxy,99.63,index,Yahoo Finance,https://finance.yahoo.com/quote/DX-Y.NYB,2026-08-22T00:05:13.071636,daily,B,
2026-06-16,dxy,99.54,index,Yahoo Finance,https://finance.yahoo.com/quote/DX-Y.NYB,2026-08-22T00:05:13.071678,daily,B,
2026-06-17,dxy,100.09,index,Yahoo Finance,https://finance.yahoo.com/quote/DX-Y.NYB,2026-08-22T00:05:13.071720,daily,B,
2026-06-18,dxy,100.85,index,Yahoo Finance,https://finance.yahoo.com/quote/DX-Y.NYB,2026-08-22T00:05:13.071761,daily,B,
2026-06-22,dxy,101.02,index,Yahoo Finance,https://finance.yahoo.com/quote/DX-Y.NYB,2026-08-22T00:05:13.071801,daily,B,
2026-06-23,dxy,101.41,index,Yahoo Finance,https://finance.yahoo.com/quote/DX-Y.NYB,2026-08-22T00:05:13.071843,daily,B,
2026-06-24,dxy,101.61,index,Yahoo Finance,https://finance.yahoo.com/quote/DX-Y.NYB,2026-08-22T00:05:13.071884,daily,B,
2026-06-25,dxy,101.43,index,Yahoo Finance,https://finance.yahoo.com/quote/DX-Y.NYB,2026-08-22T00:05:13.071925,daily,B,
2026-06-26,dxy,101.36,index,Yahoo Finance,https://finance.yahoo.com/quote/DX-Y.NYB,2026-08-22T00:05:13.071967,daily,B,
2026-06-29,dxy,101.11,index,Yahoo Finance,https://finance.yahoo.com/quote/DX-Y.NYB,2026-08-22T00:05:13.072008,daily,B,
2026-06-30,dxy,101.19,index,Yahoo Finance,https://finance.yahoo.com/quote/DX-Y.NYB,2026-08-22T00:05:13.072050,daily,B,
2026-07-01,dxy,101.39,index,Yahoo Finance,https://finance.yahoo.com/quote/DX-Y.NYB,2026-08-22T00:05:13.072091,daily,B,
2026-07-02,dxy,100.86,index,Yahoo Finance,https://finance.yahoo.com/quote/DX-Y.NYB,2026-08-22T00:05:13.072132,daily,B,
2026-07-03,dxy,100.857,index,Yahoo Finance,https://finance.yahoo.com/quote/DX-Y.NYB,2026-07-05T00:03:03.194222,daily,B,
2026-07-05,dxy,100.962,index,Yahoo Finance,https://finance.yahoo.com/quote/DX-Y.NYB,2026-07-06T10:42:39.641407,daily,B,
2026-07-06,dxy,100.85,index,Yahoo Finance,https://finance.yahoo.com/quote/DX-Y.NYB,2026-08-22T00:05:13.072174,daily,B,
2026-07-07,dxy,101.14,index,Yahoo Finance,https://finance.yahoo.com/quote/DX-Y.NYB,2026-08-22T00:05:13.072214,daily,B,
2026-07-08,dxy,101.05,index,Yahoo Finance,https://finance.yahoo.com/quote/DX-Y.NYB,2026-08-22T00:05:13.072255,daily,B,
2026-07-09,dxy,100.94,index,Yahoo Finance,https://finance.yahoo.com/quote/DX-Y.NYB,2026-08-22T00:05:13.072297,daily,B,
2026-07-10,dxy,100.97,index,Yahoo Finance,https://finance.yahoo.com/quote/DX-Y.NYB,2026-08-22T00:05:13.072338,daily,B,
2026-07-12,dxy,101.177,index,Yahoo Finance,https://finance.yahoo.com/quote/DX-Y.NYB,2026-07-13T09:17:09.694279,daily,B,
2026-07-13,dxy,101.28,index,Yahoo Finance,https://finance.yahoo.com/quote/DX-Y.NYB,2026-08-22T00:05:13.072380,daily,B,
2026-07-14,dxy,100.94,index,Yahoo Finance,https://finance.yahoo.com/quote/DX-Y.NYB,2026-08-22T00:05:13.072421,daily,B,
2026-07-15,dxy,100.5,index,Yahoo Finance,https://finance.yahoo.com/quote/DX-Y.NYB,2026-08-22T00:05:13.072470,daily,B,
2026-07-16,dxy,100.73,index,Yahoo Finance,https://finance.yahoo.com/quote/DX-Y.NYB,2026-08-22T00:05:13.072513,daily,B,
2026-07-17,dxy,100.75,index,Yahoo Finance,https://finance.yahoo.com/quote/DX-Y.NYB,2026-08-22T00:05:13.072554,daily,B,
2026-07-19,dxy,100.85,index,Yahoo Finance,https://finance.yahoo.com/quote/DX-Y.NYB,2026-07-20T00:05:33.825551,daily,B,
2026-07-20,dxy,100.99,index,Yahoo Finance,https://finance.yahoo.com/quote/DX-Y.NYB,2026-08-22T00:05:13.072595,daily,B,
2026-07-21,dxy,101.18,index,Yahoo Finance,https://finance.yahoo.com/quote/DX-Y.NYB,2026-08-22T00:05:13.072642,daily,B,
2026-07-22,dxy,101.14,index,Yahoo Finance,https://finance.yahoo.com/quote/DX-Y.NYB,2026-08-22T00:05:13.072683,daily,B,
2026-07-23,dxy,101.43,index,Yahoo Finance,https://finance.yahoo.com/quote/DX-Y.NYB,2026-08-22T00:05:13.072735,daily,B,
2026-07-24,dxy,101.47,index,Yahoo Finance,https://finance.yahoo.com/quote/DX-Y.NYB,2026-08-22T00:05:13.072792,daily,B,
2026-07-26,dxy,101.292,index,Yahoo Finance,https://finance.yahoo.com/quote/DX-Y.NYB,2026-07-27T00:05:24.234493,daily,B,
2026-07-27,dxy,101.51,index,Yahoo Finance,https://finance.yahoo.com/quote/DX-Y.NYB,2026-08-22T00:05:13.072832,daily,B,
2026-07-28,dxy,101.38,index,Yahoo Finance,https://finance.yahoo.com/quote/DX-Y.NYB,2026-08-22T00:05:13.072873,daily,B,
2026-07-29,dxy,100.8,index,Yahoo Finance,https://finance.yahoo.com/quote/DX-Y.NYB,2026-08-22T00:05:13.072913,daily,B,
2026-07-30,dxy,100.01,index,Yahoo Finance,https://finance.yahoo.com/quote/DX-Y.NYB,2026-08-22T00:05:13.072954,daily,B,
2026-07-31,dxy,99.8,index,Yahoo Finance,https://finance.yahoo.com/quote/DX-Y.NYB,2026-08-22T00:05:13.072995,daily,B,
2026-08-02,dxy,99.711,index,Yahoo Finance,https://finance.yahoo.com/quote/DX-Y.NYB,2026-08-03T00:06:24.423391,daily,B,
2026-08-03,dxy,99.96,index,Yahoo Finance,https://finance.yahoo.com/quote/DX-Y.NYB,2026-08-22T00:05:13.073037,daily,B,
2026-08-04,dxy,99.89,index,Yahoo Finance,https://finance.yahoo.com/quote/DX-Y.NYB,2026-08-22T00:05:13.073078,daily,B,
2026-08-05,dxy,99.69,index,Yahoo Finance,https://finance.yahoo.com/quote/DX-Y.NYB,2026-08-22T00:05:13.073119,daily,B,
2026-08-06,dxy,99.97,index,Yahoo Finance,https://finance.yahoo.com/quote/DX-Y.NYB,2026-08-22T00:05:13.073165,daily,B,
2026-08-07,dxy,99.6,index,Yahoo Finance,https://finance.yahoo.com/quote/DX-Y.NYB,2026-08-22T00:05:13.073207,daily,B,
2026-08-09,dxy,99.633,index,Yahoo Finance,https://finance.yahoo.com/quote/DX-Y.NYB,2026-08-10T00:07:08.725981,daily,B,
2026-08-10,dxy,99.81,index,Yahoo Finance,https://finance.yahoo.com/quote/DX-Y.NYB,2026-08-22T00:05:13.073249,daily,B,
2026-08-11,dxy,99.82,index,Yahoo Finance,https://finance.yahoo.com/quote/DX-Y.NYB,2026-08-22T00:05:13.073310,daily,B,
2026-08-12,dxy,100.01,index,Yahoo Finance,https://finance.yahoo.com/quote/DX-Y.NYB,2026-08-22T00:05:13.073352,daily,B,
2026-08-13,dxy,99.96,index,Yahoo Finance,https://finance.yahoo.com/quote/DX-Y.NYB,2026-08-22T00:05:13.073394,daily,B,
2026-08-14,dxy,99.67,index,Yahoo Finance,https://finance.yahoo.com/quote/DX-Y.NYB,2026-08-22T00:05:13.073445,daily,B,
2026-08-16,dxy,99.601,index,Yahoo Finance,https://finance.yahoo.com/quote/DX-Y.NYB,2026-08-17T00:05:15.609835,daily,B,
2026-08-17,dxy,99.64,index,Yahoo Finance,https://finance.yahoo.com/quote/DX-Y.NYB,2026-08-22T00:05:13.073489,daily,B,
2026-08-18,dxy,99.65,index,Yahoo Finance,https://finance.yahoo.com/quote/DX-Y.NYB,2026-08-22T00:05:13.073531,daily,B,
2026-08-19,dxy,98.83,index,Yahoo Finance,https://finance.yahoo.com/quote/DX-Y.NYB,2026-08-22T00:05:13.073573,daily,B,
2026-08-20,dxy,98.9,index,Yahoo Finance,https://finance.yahoo.com/quote/DX-Y.NYB,2026-08-22T00:05:13.073615,daily,B,
2026-08-21,dxy,98.839,index,Yahoo Finance,https://finance.yahoo.com/quote/DX-Y.NYB,2026-08-22T00:05:13.073656,daily,B,
2025-06-01,global_manufacturing_pmi,49.7,index,derived,,2026-07-06T10:42:56.797618,monthly,C,
2025-07-01,global_manufacturing_pmi,49.3,index,derived,,2026-08-05T00:04:40.272513,monthly,C,
2025-08-01,global_manufacturing_pmi,49.4,index,derived,,2026-08-22T00:05:37.467206,monthly,C,Average of China PMI and US ISM when both exist
2025-09-01,global_manufacturing_pmi,49.8,index,derived,,2026-08-22T00:05:37.467210,monthly,C,Average of China PMI and US ISM when both exist
2025-10-01,global_manufacturing_pmi,49.0,index,derived,,2026-08-22T00:05:37.467213,monthly,C,Average of China PMI and US ISM when both exist
2025-11-01,global_manufacturing_pmi,49.2,index,derived,,2026-08-22T00:05:37.467215,monthly,C,Average of China PMI and US ISM when both exist
2025-12-01,global_manufacturing_pmi,50.1,index,derived,,2026-08-22T00:05:37.467217,monthly,C,Average of China PMI and US ISM when both exist
2026-01-01,global_manufacturing_pmi,49.3,index,derived,,2026-08-22T00:05:37.467219,monthly,C,Average of China PMI and US ISM when both exist
2026-02-01,global_manufacturing_pmi,49.0,index,derived,,2026-08-22T00:05:37.467221,monthly,C,Average of China PMI and US ISM when both exist
2026-03-01,global_manufacturing_pmi,50.4,index,derived,,2026-08-22T00:05:37.467223,monthly,C,Average of China PMI and US ISM when both exist
2026-04-01,global_manufacturing_pmi,50.3,index,derived,,2026-08-22T00:05:37.467225,monthly,C,Average of China PMI and US ISM when both exist
2026-05-01,global_manufacturing_pmi,52.7,index,S&P Global,https://www.pmi.spglobal.com/Public/Home/PressRelease/99c4c5f2e4184a7697ccaccc514a9ca6,2026-08-22T00:05:37.468168,monthly,A,JP Morgan Global Manufacturing PMI May 2026 headline 52.7 (revised; initial 52.6 in 2026-06-01 release)
2026-06-01,global_manufacturing_pmi,52.2,index,S&P Global,https://www.pmi.spglobal.com/Public/Home/PressRelease/6eecfeb4488e493ba0a1e397ec6aa74b,2026-08-22T00:05:37.468174,monthly,A,JP Morgan Global Manufacturing PMI June 2026 (released 2026-07-01 15:00 UTC)
2026-07-01,global_manufacturing_pmi,52.1,index,S&P Global,https://www.pmi.spglobal.com/,2026-08-22T00:05:37.468180,monthly,A,JP Morgan Global Manufacturing PMI July 2026 headline 52.1 (4-month low; released 2026-08-03 15:00 UTC; S&P homepage)
2025-05-28,grid_investment,0.71,pct,东方财富-固定资产投资代理,https://data.eastmoney.com/cjsj/gdzctz.html,2026-07-02T02:41:17.952710,monthly,C,
2025-06-28,grid_investment,-1.18,pct,东方财富-固定资产投资代理,https://data.eastmoney.com/cjsj/gdzctz.html,2026-08-02T00:02:23.604884,monthly,C,
2025-07-28,grid_investment,-6.26,pct,东方财富-固定资产投资代理,https://data.eastmoney.com/cjsj/gdzctz.html,2026-08-22T00:05:31.396501,monthly,C,Broad fixed-asset investment YoY proxy; prefer manual CEC/NEA/SGCC grid engineering investment YoY when available
2025-08-28,grid_investment,-9.32,pct,东方财富-固定资产投资代理,https://data.eastmoney.com/cjsj/gdzctz.html,2026-08-22T00:05:31.396460,monthly,C,Broad fixed-asset investment YoY proxy; prefer manual CEC/NEA/SGCC grid engineering investment YoY when available
2025-09-28,grid_investment,-8.41,pct,东方财富-固定资产投资代理,https://data.eastmoney.com/cjsj/gdzctz.html,2026-08-22T00:05:31.396419,monthly,C,Broad fixed-asset investment YoY proxy; prefer manual CEC/NEA/SGCC grid engineering investment YoY when available
2025-10-28,grid_investment,-15.52,pct,东方财富-固定资产投资代理,https://data.eastmoney.com/cjsj/gdzctz.html,2026-08-22T00:05:31.396377,monthly,C,Broad fixed-asset investment YoY proxy; prefer manual CEC/NEA/SGCC grid engineering investment YoY when available
2025-11-28,grid_investment,-17.59,pct,东方财富-固定资产投资代理,https://data.eastmoney.com/cjsj/gdzctz.html,2026-08-22T00:05:31.396335,monthly,C,Broad fixed-asset investment YoY proxy; prefer manual CEC/NEA/SGCC grid engineering investment YoY when available
2025-12-28,grid_investment,-15.21,pct,东方财富-固定资产投资代理,https://data.eastmoney.com/cjsj/gdzctz.html,2026-08-22T00:05:31.396294,monthly,C,Broad fixed-asset investment YoY proxy; prefer manual CEC/NEA/SGCC grid engineering investment YoY when available
2026-01-01,grid_investment,5.3,pct,国家能源局,,2026-08-22T00:05:37.468186,monthly,A,from 电网指标监控数据_2026-06-29.csv
2026-02-01,grid_investment,6.1,pct,国家能源局,,2026-08-22T00:05:37.468210,monthly,A,from 电网指标监控数据_2026-06-29.csv
2026-03-01,grid_investment,6.6,pct,国家能源局,,2026-08-22T00:05:37.468216,monthly,A,from 电网指标监控数据_2026-06-29.csv
2026-04-01,grid_investment,5.5,pct,国家能源局,,2026-08-22T00:05:37.468221,monthly,A,from 电网指标监控数据_2026-06-29.csv
2026-05-01,grid_investment,5.2,pct,国家能源局,,2026-08-22T00:05:37.468225,monthly,A,from 电网指标监控数据_2026-06-29.csv
2026-06-28,grid_investment,-15.6,pct,东方财富-固定资产投资代理,https://data.eastmoney.com/cjsj/gdzctz.html,2026-08-22T00:05:31.396057,monthly,C,Broad fixed-asset investment YoY proxy; prefer manual CEC/NEA/SGCC grid engineering investment YoY when available
2026-07-28,grid_investment,-14.19,pct,东方财富-固定资产投资代理,https://data.eastmoney.com/cjsj/gdzctz.html,2026-08-22T00:05:31.395949,monthly,C,Broad fixed-asset investment YoY proxy; prefer manual CEC/NEA/SGCC grid engineering investment YoY when available
2026-01-01,grid_investment_amount,189.0,CNY_100m,国家能源局,,2026-08-22T00:05:37.468231,monthly,A,from 电网指标监控数据_2026-06-29.csv
2026-02-01,grid_investment_amount,381.0,CNY_100m,国家能源局,,2026-08-22T00:05:37.468235,monthly,A,from 电网指标监控数据_2026-06-29.csv
2026-03-01,grid_investment_amount,592.0,CNY_100m,国家能源局,,2026-08-22T00:05:37.468240,monthly,A,from 电网指标监控数据_2026-06-29.csv
2026-04-01,grid_investment_amount,757.0,CNY_100m,国家能源局,,2026-08-22T00:05:37.468245,monthly,A,from 电网指标监控数据_2026-06-29.csv
2026-05-01,grid_investment_amount,922.0,CNY_100m,国家能源局,,2026-08-22T00:05:37.468250,monthly,A,from 电网指标监控数据_2026-06-29.csv
2026-01-01,grid_investment_monthly_amount,189.0,CNY_100m,国家能源局,,2026-08-22T00:05:37.468255,monthly,A,Derived from cumulative grid_investment_amount; monitoring import
2026-02-01,grid_investment_monthly_amount,192.0,CNY_100m,国家能源局,,2026-08-22T00:05:37.468261,monthly,A,Derived from cumulative grid_investment_amount; monitoring import
2026-03-01,grid_investment_monthly_amount,211.0,CNY_100m,国家能源局,,2026-08-22T00:05:37.468266,monthly,A,Derived from cumulative grid_investment_amount; monitoring import
2026-04-01,grid_investment_monthly_amount,165.0,CNY_100m,国家能源局,,2026-08-22T00:05:37.468271,monthly,A,Derived from cumulative grid_investment_amount; monitoring import
2026-05-01,grid_investment_monthly_amount,165.0,CNY_100m,国家能源局,,2026-08-22T00:05:37.468276,monthly,A,Derived from cumulative grid_investment_amount; monitoring import
2026-06-29,grid_project_new_starts,13.0,count,国家电网,,2026-08-22T00:05:37.468282,annual_plan,B,电网重大项目新开工数量全年计划; from data/raw/grid_indicators_2026.csv
2026-06-29,grid_tender_value,232.76,CNY_100m,国家电网,,2026-08-22T00:05:37.468288,batch,B,国网设备第2批招标金额; from data/raw/grid_indicators_2026.csv
2023-05-01,korea_exports_yoy,-13.7287,pct,FRED,https://fred.stlouisfed.org/series/XTEXVA01KRM667S,2026-08-17T00:05:42.134172,monthly,B,
2023-06-01,korea_exports_yoy,-8.0316,pct,FRED,https://fred.stlouisfed.org/series/XTEXVA01KRM667S,2026-08-17T00:05:42.134247,monthly,B,
2023-07-01,korea_exports_yoy,-14.3229,pct,FRED,https://fred.stlouisfed.org/series/XTEXVA01KRM667S,2026-08-22T00:05:33.968791,monthly,B,YoY derived from FRED export level series
2023-08-01,korea_exports_yoy,-9.7536,pct,FRED,https://fred.stlouisfed.org/series/XTEXVA01KRM667S,2026-08-22T00:05:33.968869,monthly,B,YoY derived from FRED export level series
2023-09-01,korea_exports_yoy,-3.8221,pct,FRED,https://fred.stlouisfed.org/series/XTEXVA01KRM667S,2026-08-22T00:05:33.968919,monthly,B,YoY derived from FRED export level series
2023-10-01,korea_exports_yoy,4.6599,pct,FRED,https://fred.stlouisfed.org/series/XTEXVA01KRM667S,2026-08-22T00:05:33.968965,monthly,B,YoY derived from FRED export level series
2023-11-01,korea_exports_yoy,6.9869,pct,FRED,https://fred.stlouisfed.org/series/XTEXVA01KRM667S,2026-08-22T00:05:33.969009,monthly,B,YoY derived from FRED export level series
2023-12-01,korea_exports_yoy,5.6036,pct,FRED,https://fred.stlouisfed.org/series/XTEXVA01KRM667S,2026-08-22T00:05:33.969063,monthly,B,YoY derived from FRED export level series
2024-01-01,korea_exports_yoy,16.8579,pct,FRED,https://fred.stlouisfed.org/series/XTEXVA01KRM667S,2026-08-22T00:05:33.969107,monthly,B,YoY derived from FRED export level series
2024-02-01,korea_exports_yoy,5.1364,pct,FRED,https://fred.stlouisfed.org/series/XTEXVA01KRM667S,2026-08-22T00:05:33.969148,monthly,B,YoY derived from FRED export level series
2024-03-01,korea_exports_yoy,2.6275,pct,FRED,https://fred.stlouisfed.org/series/XTEXVA01KRM667S,2026-08-22T00:05:33.969190,monthly,B,YoY derived from FRED export level series
2024-04-01,korea_exports_yoy,14.1598,pct,FRED,https://fred.stlouisfed.org/series/XTEXVA01KRM667S,2026-08-22T00:05:33.969231,monthly,B,YoY derived from FRED export level series
2024-05-01,korea_exports_yoy,10.8621,pct,FRED,https://fred.stlouisfed.org/series/XTEXVA01KRM667S,2026-08-22T00:05:33.969272,monthly,B,YoY derived from FRED export level series
2024-06-01,korea_exports_yoy,6.2383,pct,FRED,https://fred.stlouisfed.org/series/XTEXVA01KRM667S,2026-08-22T00:05:33.969313,monthly,B,YoY derived from FRED export level series
2024-07-01,korea_exports_yoy,13.4761,pct,FRED,https://fred.stlouisfed.org/series/XTEXVA01KRM667S,2026-08-22T00:05:33.969354,monthly,B,YoY derived from FRED export level series
2024-08-01,korea_exports_yoy,10.7318,pct,FRED,https://fred.stlouisfed.org/series/XTEXVA01KRM667S,2026-08-22T00:05:33.969395,monthly,B,YoY derived from FRED export level series
2024-09-01,korea_exports_yoy,7.2924,pct,FRED,https://fred.stlouisfed.org/series/XTEXVA01KRM667S,2026-08-22T00:05:33.969436,monthly,B,YoY derived from FRED export level series
2024-10-01,korea_exports_yoy,3.6778,pct,FRED,https://fred.stlouisfed.org/series/XTEXVA01KRM667S,2026-08-22T00:05:33.969477,monthly,B,YoY derived from FRED export level series
2024-11-01,korea_exports_yoy,3.0168,pct,FRED,https://fred.stlouisfed.org/series/XTEXVA01KRM667S,2026-08-22T00:05:33.969518,monthly,B,YoY derived from FRED export level series
2024-12-01,korea_exports_yoy,3.9963,pct,FRED,https://fred.stlouisfed.org/series/XTEXVA01KRM667S,2026-08-22T00:05:33.969559,monthly,B,YoY derived from FRED export level series
2025-01-01,korea_exports_yoy,-7.9279,pct,FRED,https://fred.stlouisfed.org/series/XTEXVA01KRM667S,2026-08-22T00:05:33.969599,monthly,B,YoY derived from FRED export level series
2025-02-01,korea_exports_yoy,-1.284,pct,FRED,https://fred.stlouisfed.org/series/XTEXVA01KRM667S,2026-08-22T00:05:33.969640,monthly,B,YoY derived from FRED export level series
2025-03-01,korea_exports_yoy,4.2524,pct,FRED,https://fred.stlouisfed.org/series/XTEXVA01KRM667S,2026-08-22T00:05:33.969680,monthly,B,YoY derived from FRED export level series
2025-04-01,korea_exports_yoy,2.4122,pct,FRED,https://fred.stlouisfed.org/series/XTEXVA01KRM667S,2026-08-22T00:05:33.969720,monthly,B,YoY derived from FRED export level series
2025-05-01,korea_exports_yoy,-0.7033,pct,FRED,https://fred.stlouisfed.org/series/XTEXVA01KRM667S,2026-08-22T00:05:33.969761,monthly,B,YoY derived from FRED export level series
2025-06-01,korea_exports_yoy,4.4383,pct,FRED,https://fred.stlouisfed.org/series/XTEXVA01KRM667S,2026-08-22T00:05:33.969801,monthly,B,YoY derived from FRED export level series
2025-07-01,korea_exports_yoy,4.8994,pct,FRED,https://fred.stlouisfed.org/series/XTEXVA01KRM667S,2026-08-22T00:05:33.969841,monthly,B,YoY derived from FRED export level series
2025-08-01,korea_exports_yoy,2.3809,pct,FRED,https://fred.stlouisfed.org/series/XTEXVA01KRM667S,2026-08-22T00:05:33.969882,monthly,B,YoY derived from FRED export level series
2025-09-01,korea_exports_yoy,10.5162,pct,FRED,https://fred.stlouisfed.org/series/XTEXVA01KRM667S,2026-08-22T00:05:33.969923,monthly,B,YoY derived from FRED export level series
2025-10-01,korea_exports_yoy,5.2605,pct,FRED,https://fred.stlouisfed.org/series/XTEXVA01KRM667S,2026-08-22T00:05:33.969963,monthly,B,YoY derived from FRED export level series
2025-11-01,korea_exports_yoy,6.5676,pct,FRED,https://fred.stlouisfed.org/series/XTEXVA01KRM667S,2026-08-22T00:05:33.970004,monthly,B,YoY derived from FRED export level series
2025-12-01,korea_exports_yoy,14.3945,pct,FRED,https://fred.stlouisfed.org/series/XTEXVA01KRM667S,2026-08-22T00:05:33.970052,monthly,B,YoY derived from FRED export level series
2026-01-01,korea_exports_yoy,32.2889,pct,FRED,https://fred.stlouisfed.org/series/XTEXVA01KRM667S,2026-08-22T00:05:33.970094,monthly,B,YoY derived from FRED export level series
2026-02-01,korea_exports_yoy,30.881,pct,FRED,https://fred.stlouisfed.org/series/XTEXVA01KRM667S,2026-08-22T00:05:33.970135,monthly,B,YoY derived from FRED export level series
2026-03-01,korea_exports_yoy,49.0522,pct,FRED,https://fred.stlouisfed.org/series/XTEXVA01KRM667S,2026-08-22T00:05:33.970176,monthly,B,YoY derived from FRED export level series
2026-04-01,korea_exports_yoy,48.5828,pct,FRED,https://fred.stlouisfed.org/series/XTEXVA01KRM667S,2026-08-22T00:05:33.970217,monthly,B,YoY derived from FRED export level series
2026-05-01,korea_exports_yoy,53.2,pct,韩国产业通商资源部,https://english.moef.go.kr/,2026-08-22T00:05:37.468294,monthly,A,MOTIE preliminary May 2026 exports YoY
2026-06-01,korea_exports_yoy,70.9,pct,韩国产业通商资源部,https://english.moef.go.kr/,2026-08-22T00:05:37.468301,monthly,A,MOTIE June 2026 exports YoY +70.9% (official Jul 1; semiconductors +199.5%)
2026-07-01,korea_exports_yoy,62.8,pct,韩国产业通商资源部,https://www.yna.co.kr/view/AKR20260801021151003,2026-08-22T00:05:37.468308,monthly,A,MOTIE July 2026 exports YoY +62.8% ($98.89bn; 2nd highest monthly; semiconductors +178.8%; official Aug 1)
2025-05-27,lme_copper_price,10383.7726,USD/ton,Yahoo Finance,https://finance.yahoo.com/quote/HG=F,2026-07-01T10:02:48.790217,daily,B,
2025-05-28,lme_copper_price,10238.2676,USD/ton,Yahoo Finance,https://finance.yahoo.com/quote/HG=F,2026-07-02T02:41:00.350985,daily,B,
2025-05-29,lme_copper_price,10259.2115,USD/ton,Yahoo Finance,https://finance.yahoo.com/quote/HG=F,2026-07-03T00:04:35.980422,daily,B,
2025-05-30,lme_copper_price,10257.0071,USD/ton,Yahoo Finance,https://finance.yahoo.com/quote/HG=F,2026-07-04T00:03:13.044263,daily,B,
2025-06-02,lme_copper_price,10658.2477,USD/ton,Yahoo Finance,https://finance.yahoo.com/quote/HG=F,2026-07-07T00:04:26.219435,daily,B,
2025-06-03,lme_copper_price,10603.133,USD/ton,Yahoo Finance,https://finance.yahoo.com/quote/HG=F,2026-07-08T00:01:38.911747,daily,B,
2025-06-04,lme_copper_price,10724.3868,USD/ton,Yahoo Finance,https://finance.yahoo.com/quote/HG=F,2026-07-09T00:03:12.467056,daily,B,
2025-06-05,lme_copper_price,10832.4129,USD/ton,Yahoo Finance,https://finance.yahoo.com/quote/HG=F,2026-07-10T00:02:59.181093,daily,B,
2025-06-06,lme_copper_price,10648.3271,USD/ton,Yahoo Finance,https://finance.yahoo.com/quote/HG=F,2026-07-11T00:04:21.535689,daily,B,
2025-06-09,lme_copper_price,10823.595,USD/ton,Yahoo Finance,https://finance.yahoo.com/quote/HG=F,2026-07-14T00:02:06.040413,daily,B,
2025-06-10,lme_copper_price,10767.3765,USD/ton,Yahoo Finance,https://finance.yahoo.com/quote/HG=F,2026-07-15T00:04:36.542208,daily,B,
2025-06-11,lme_copper_price,10584.3935,USD/ton,Yahoo Finance,https://finance.yahoo.com/quote/HG=F,2026-07-16T00:02:36.867966,daily,B,
2025-06-12,lme_copper_price,10629.5876,USD/ton,Yahoo Finance,https://finance.yahoo.com/quote/HG=F,2026-07-17T09:02:08.280444,daily,B,
2025-06-13,lme_copper_price,10588.8024,USD/ton,Yahoo Finance,https://finance.yahoo.com/quote/HG=F,2026-07-18T00:02:21.223144,daily,B,
2025-06-16,lme_copper_price,10640.6109,USD/ton,Yahoo Finance,https://finance.yahoo.com/quote/HG=F,2026-07-21T00:03:53.555988,daily,B,
2025-06-17,lme_copper_price,10583.2907,USD/ton,Yahoo Finance,https://finance.yahoo.com/quote/HG=F,2026-07-22T00:04:21.085452,daily,B,
2025-06-18,lme_copper_price,10681.3961,USD/ton,Yahoo Finance,https://finance.yahoo.com/quote/HG=F,2026-07-23T00:06:21.819571,daily,B,
2025-06-20,lme_copper_price,10639.5092,USD/ton,Yahoo Finance,https://finance.yahoo.com/quote/HG=F,2026-07-25T00:02:17.789757,daily,B,
2025-06-23,lme_copper_price,10676.9872,USD/ton,Yahoo Finance,https://finance.yahoo.com/quote/HG=F,2026-07-28T00:02:19.403234,daily,B,
2025-06-24,lme_copper_price,10729.8985,USD/ton,Yahoo Finance,https://finance.yahoo.com/quote/HG=F,2026-07-29T00:03:46.368399,daily,B,
2025-06-25,lme_copper_price,10831.3112,USD/ton,Yahoo Finance,https://finance.yahoo.com/quote/HG=F,2026-07-30T00:05:11.825910,daily,B,
2025-06-26,lme_copper_price,11167.5154,USD/ton,Yahoo Finance,https://finance.yahoo.com/quote/HG=F,2026-07-31T00:04:43.357963,daily,B,
2025-06-27,lme_copper_price,11174.1299,USD/ton,Yahoo Finance,https://finance.yahoo.com/quote/HG=F,2026-08-01T00:06:36.527883,daily,B,
2025-06-30,lme_copper_price,11089.2523,USD/ton,Yahoo Finance,https://finance.yahoo.com/quote/HG=F,2026-08-04T00:02:30.184649,daily,B,
2025-07-01,lme_copper_price,11128.9347,USD/ton,Yahoo Finance,https://finance.yahoo.com/quote/HG=F,2026-08-05T00:03:57.376480,daily,B,
2025-07-02,lme_copper_price,11351.6022,USD/ton,Yahoo Finance,https://finance.yahoo.com/quote/HG=F,2026-08-06T09:07:54.427512,daily,B,
2025-07-03,lme_copper_price,11236.9618,USD/ton,Yahoo Finance,https://finance.yahoo.com/quote/HG=F,2026-08-07T00:04:49.031868,daily,B,
2025-07-04,lme_copper_price,11063.8983,USD/ton,Yahoo Finance,https://finance.yahoo.com/quote/HG=F,2026-08-07T00:04:49.031946,daily,B,
2025-07-07,lme_copper_price,10988.9413,USD/ton,Yahoo Finance,https://finance.yahoo.com/quote/HG=F,2026-08-11T00:06:34.298804,daily,B,
2025-07-08,lme_copper_price,12445.0947,USD/ton,Yahoo Finance,https://finance.yahoo.com/quote/HG=F,2026-08-12T00:00:45.700034,daily,B,
2025-07-09,lme_copper_price,12000.8633,USD/ton,Yahoo Finance,https://finance.yahoo.com/quote/HG=F,2026-08-13T00:01:31.230969,daily,B,
2025-07-10,lme_copper_price,12231.246,USD/ton,Yahoo Finance,https://finance.yahoo.com/quote/HG=F,2026-08-14T00:02:46.965509,daily,B,
2025-07-11,lme_copper_price,12262.1106,USD/ton,Yahoo Finance,https://finance.yahoo.com/quote/HG=F,2026-08-15T00:02:48.930773,daily,B,
2025-07-14,lme_copper_price,12158.4935,USD/ton,Yahoo Finance,https://finance.yahoo.com/quote/HG=F,2026-08-18T00:02:54.420990,daily,B,
2025-07-15,lme_copper_price,12226.8371,USD/ton,Yahoo Finance,https://finance.yahoo.com/quote/HG=F,2026-08-18T00:02:54.421057,daily,B,
2025-07-16,lme_copper_price,12117.7083,USD/ton,Yahoo Finance,https://finance.yahoo.com/quote/HG=F,2026-08-20T00:02:47.671024,daily,B,
2025-07-17,lme_copper_price,12094.5598,USD/ton,Yahoo Finance,https://finance.yahoo.com/quote/HG=F,2026-08-21T00:03:11.305374,daily,B,
2025-07-18,lme_copper_price,12297.3851,USD/ton,Yahoo Finance,https://finance.yahoo.com/quote/HG=F,2026-08-22T00:05:12.532846,daily,B,COMEX front-month proxy for LME copper (USD/ton)
2025-07-21,lme_copper_price,12369.0349,USD/ton,Yahoo Finance,https://finance.yahoo.com/quote/HG=F,2026-08-22T00:05:12.532900,daily,B,COMEX front-month proxy for LME copper (USD/ton)
2025-07-22,lme_copper_price,12559.7351,USD/ton,Yahoo Finance,https://finance.yahoo.com/quote/HG=F,2026-08-22T00:05:12.532946,daily,B,COMEX front-month proxy for LME copper (USD/ton)
2025-07-23,lme_copper_price,12775.7883,USD/ton,Yahoo Finance,https://finance.yahoo.com/quote/HG=F,2026-08-22T00:05:12.532990,daily,B,COMEX front-month proxy for LME copper (USD/ton)
2025-07-24,lme_copper_price,12736.1048,USD/ton,Yahoo Finance,https://finance.yahoo.com/quote/HG=F,2026-08-22T00:05:12.533034,daily,B,COMEX front-month proxy for LME copper (USD/ton)
2025-07-25,lme_copper_price,12706.343,USD/ton,Yahoo Finance,https://finance.yahoo.com/quote/HG=F,2026-08-22T00:05:12.533078,daily,B,COMEX front-month proxy for LME copper (USD/ton)
2025-07-28,lme_copper_price,12334.8631,USD/ton,Yahoo Finance,https://finance.yahoo.com/quote/HG=F,2026-08-22T00:05:12.533131,daily,B,COMEX front-month proxy for LME copper (USD/ton)
2025-07-29,lme_copper_price,12353.6026,USD/ton,Yahoo Finance,https://finance.yahoo.com/quote/HG=F,2026-08-22T00:05:12.533172,daily,B,COMEX front-month proxy for LME copper (USD/ton)
2025-07-30,lme_copper_price,12279.7484,USD/ton,Yahoo Finance,https://finance.yahoo.com/quote/HG=F,2026-08-22T00:05:12.533213,daily,B,COMEX front-month proxy for LME copper (USD/ton)
2025-07-31,lme_copper_price,11324.1821,USD/ton,Yahoo Finance,https://finance.yahoo.com/quote/HG=F,2026-08-22T00:05:12.533255,daily,B,COMEX front-month proxy for LME copper (USD/ton); Yahoo outlier smoothed
2025-08-01,lme_copper_price,10528.7954,USD/ton,Yahoo Finance,https://finance.yahoo.com/quote/HG=F,2026-08-22T00:05:12.533297,daily,B,COMEX front-month proxy for LME copper (USD/ton); Yahoo outlier smoothed
2025-08-04,lme_copper_price,9733.4088,USD/ton,Yahoo Finance,https://finance.yahoo.com/quote/HG=F,2026-08-22T00:05:12.533338,daily,B,COMEX front-month proxy for LME copper (USD/ton)
2025-08-05,lme_copper_price,9620.9728,USD/ton,Yahoo Finance,https://finance.yahoo.com/quote/HG=F,2026-08-22T00:05:12.533381,daily,B,COMEX front-month proxy for LME copper (USD/ton)
2025-08-06,lme_copper_price,9680.4975,USD/ton,Yahoo Finance,https://finance.yahoo.com/quote/HG=F,2026-08-22T00:05:12.533422,daily,B,COMEX front-month proxy for LME copper (USD/ton)
2025-08-07,lme_copper_price,9652.9401,USD/ton,Yahoo Finance,https://finance.yahoo.com/quote/HG=F,2026-08-22T00:05:12.533463,daily,B,COMEX front-month proxy for LME copper (USD/ton)
2025-08-08,lme_copper_price,9822.6964,USD/ton,Yahoo Finance,https://finance.yahoo.com/quote/HG=F,2026-08-22T00:05:12.533504,daily,B,COMEX front-month proxy for LME copper (USD/ton)
2025-08-11,lme_copper_price,9752.1483,USD/ton,Yahoo Finance,https://finance.yahoo.com/quote/HG=F,2026-08-22T00:05:12.533545,daily,B,COMEX front-month proxy for LME copper (USD/ton)
2025-08-12,lme_copper_price,9939.5413,USD/ton,Yahoo Finance,https://finance.yahoo.com/quote/HG=F,2026-08-22T00:05:12.533586,daily,B,COMEX front-month proxy for LME copper (USD/ton)
2025-08-13,lme_copper_price,9881.1183,USD/ton,Yahoo Finance,https://finance.yahoo.com/quote/HG=F,2026-08-22T00:05:12.533627,daily,B,COMEX front-month proxy for LME copper (USD/ton)
2025-08-14,lme_copper_price,9842.5376,USD/ton,Yahoo Finance,https://finance.yahoo.com/quote/HG=F,2026-08-22T00:05:12.533669,daily,B,COMEX front-month proxy for LME copper (USD/ton)
2025-08-15,lme_copper_price,9872.3005,USD/ton,Yahoo Finance,https://finance.yahoo.com/quote/HG=F,2026-08-22T00:05:12.533710,daily,B,COMEX front-month proxy for LME copper (USD/ton)
2025-08-18,lme_copper_price,9826.0025,USD/ton,Yahoo Finance,https://finance.yahoo.com/quote/HG=F,2026-08-22T00:05:12.533751,daily,B,COMEX front-month proxy for LME copper (USD/ton)
2025-08-19,lme_copper_price,9720.181,USD/ton,Yahoo Finance,https://finance.yahoo.com/quote/HG=F,2026-08-22T00:05:12.533800,daily,B,COMEX front-month proxy for LME copper (USD/ton)
2025-08-20,lme_copper_price,9757.66,USD/ton,Yahoo Finance,https://finance.yahoo.com/quote/HG=F,2026-08-22T00:05:12.533843,daily,B,COMEX front-month proxy for LME copper (USD/ton)
2025-08-21,lme_copper_price,9769.7851,USD/ton,Yahoo Finance,https://finance.yahoo.com/quote/HG=F,2026-08-22T00:05:12.533895,daily,B,COMEX front-month proxy for LME copper (USD/ton)
2025-08-22,lme_copper_price,9805.0596,USD/ton,Yahoo Finance,https://finance.yahoo.com/quote/HG=F,2026-08-22T00:05:12.533934,daily,B,COMEX front-month proxy for LME copper (USD/ton)
2025-08-25,lme_copper_price,9846.9465,USD/ton,Yahoo Finance,https://finance.yahoo.com/quote/HG=F,2026-08-22T00:05:12.533981,daily,B,COMEX front-month proxy for LME copper (USD/ton)
2025-08-26,lme_copper_price,9811.673,USD/ton,Yahoo Finance,https://finance.yahoo.com/quote/HG=F,2026-08-22T00:05:12.534021,daily,B,COMEX front-month proxy for LME copper (USD/ton)
2025-08-27,lme_copper_price,9732.3071,USD/ton,Yahoo Finance,https://finance.yahoo.com/quote/HG=F,2026-08-22T00:05:12.534060,daily,B,COMEX front-month proxy for LME copper (USD/ton)
2025-08-28,lme_copper_price,9840.3331,USD/ton,Yahoo Finance,https://finance.yahoo.com/quote/HG=F,2026-08-22T00:05:12.534100,daily,B,COMEX front-month proxy for LME copper (USD/ton)
2025-08-29,lme_copper_price,9961.587,USD/ton,Yahoo Finance,https://finance.yahoo.com/quote/HG=F,2026-08-22T00:05:12.534140,daily,B,COMEX front-month proxy for LME copper (USD/ton)
2025-09-02,lme_copper_price,10074.023,USD/ton,Yahoo Finance,https://finance.yahoo.com/quote/HG=F,2026-08-22T00:05:12.534179,daily,B,COMEX front-month proxy for LME copper (USD/ton)
2025-09-03,lme_copper_price,10049.7718,USD/ton,Yahoo Finance,https://finance.yahoo.com/quote/HG=F,2026-08-22T00:05:12.534219,daily,B,COMEX front-month proxy for LME copper (USD/ton)
2025-09-04,lme_copper_price,9894.3461,USD/ton,Yahoo Finance,https://finance.yahoo.com/quote/HG=F,2026-08-22T00:05:12.534258,daily,B,COMEX front-month proxy for LME copper (USD/ton)
2025-09-05,lme_copper_price,9882.2211,USD/ton,Yahoo Finance,https://finance.yahoo.com/quote/HG=F,2026-08-22T00:05:12.534297,daily,B,COMEX front-month proxy for LME copper (USD/ton)
2025-09-08,lme_copper_price,9899.8578,USD/ton,Yahoo Finance,https://finance.yahoo.com/quote/HG=F,2026-08-22T00:05:12.534335,daily,B,COMEX front-month proxy for LME copper (USD/ton)
2025-09-09,lme_copper_price,9923.0063,USD/ton,Yahoo Finance,https://finance.yahoo.com/quote/HG=F,2026-08-22T00:05:12.534373,daily,B,COMEX front-month proxy for LME copper (USD/ton)
2025-09-10,lme_copper_price,10031.0333,USD/ton,Yahoo Finance,https://finance.yahoo.com/quote/HG=F,2026-08-22T00:05:12.534411,daily,B,COMEX front-month proxy for LME copper (USD/ton)
2025-09-11,lme_copper_price,10120.3199,USD/ton,Yahoo Finance,https://finance.yahoo.com/quote/HG=F,2026-08-22T00:05:12.534449,daily,B,COMEX front-month proxy for LME copper (USD/ton)
2025-09-12,lme_copper_price,10115.911,USD/ton,Yahoo Finance,https://finance.yahoo.com/quote/HG=F,2026-08-22T00:05:12.534488,daily,B,COMEX front-month proxy for LME copper (USD/ton)
2025-09-15,lme_copper_price,10263.6205,USD/ton,Yahoo Finance,https://finance.yahoo.com/quote/HG=F,2026-08-22T00:05:12.534544,daily,B,COMEX front-month proxy for LME copper (USD/ton)
2025-09-16,lme_copper_price,10214.0164,USD/ton,Yahoo Finance,https://finance.yahoo.com/quote/HG=F,2026-08-22T00:05:12.534585,daily,B,COMEX front-month proxy for LME copper (USD/ton)
2025-09-17,lme_copper_price,10077.3302,USD/ton,Yahoo Finance,https://finance.yahoo.com/quote/HG=F,2026-08-22T00:05:12.534626,daily,B,COMEX front-month proxy for LME copper (USD/ton)
2025-09-18,lme_copper_price,10011.1911,USD/ton,Yahoo Finance,https://finance.yahoo.com/quote/HG=F,2026-08-22T00:05:12.534667,daily,B,COMEX front-month proxy for LME copper (USD/ton)
2025-09-19,lme_copper_price,10072.9202,USD/ton,Yahoo Finance,https://finance.yahoo.com/quote/HG=F,2026-08-22T00:05:12.534708,daily,B,COMEX front-month proxy for LME copper (USD/ton)
2025-09-22,lme_copper_price,10081.7391,USD/ton,Yahoo Finance,https://finance.yahoo.com/quote/HG=F,2026-08-22T00:05:12.534749,daily,B,COMEX front-month proxy for LME copper (USD/ton)
2025-09-23,lme_copper_price,10107.092,USD/ton,Yahoo Finance,https://finance.yahoo.com/quote/HG=F,2026-08-22T00:05:12.534798,daily,B,COMEX front-month proxy for LME copper (USD/ton)
2025-09-24,lme_copper_price,10477.4691,USD/ton,Yahoo Finance,https://finance.yahoo.com/quote/HG=F,2026-08-22T00:05:12.534841,daily,B,COMEX front-month proxy for LME copper (USD/ton)
2025-09-25,lme_copper_price,10361.7259,USD/ton,Yahoo Finance,https://finance.yahoo.com/quote/HG=F,2026-08-22T00:05:12.534882,daily,B,COMEX front-month proxy for LME copper (USD/ton)
2025-09-26,lme_copper_price,10395.8977,USD/ton,Yahoo Finance,https://finance.yahoo.com/quote/HG=F,2026-08-22T00:05:12.534923,daily,B,COMEX front-month proxy for LME copper (USD/ton)
2025-09-29,lme_copper_price,10672.5783,USD/ton,Yahoo Finance,https://finance.yahoo.com/quote/HG=F,2026-08-22T00:05:12.534964,daily,B,COMEX front-month proxy for LME copper (USD/ton)
2025-09-30,lme_copper_price,10593.2113,USD/ton,Yahoo Finance,https://finance.yahoo.com/quote/HG=F,2026-08-22T00:05:12.535005,daily,B,COMEX front-month proxy for LME copper (USD/ton)
2025-10-01,lme_copper_price,10649.4299,USD/ton,Yahoo Finance,https://finance.yahoo.com/quote/HG=F,2026-08-22T00:05:12.535045,daily,B,COMEX front-month proxy for LME copper (USD/ton)
2025-10-02,lme_copper_price,10798.2411,USD/ton,Yahoo Finance,https://finance.yahoo.com/quote/HG=F,2026-08-22T00:05:12.535087,daily,B,COMEX front-month proxy for LME copper (USD/ton)
2025-10-03,lme_copper_price,11150.9814,USD/ton,Yahoo Finance,https://finance.yahoo.com/quote/HG=F,2026-08-22T00:05:12.535127,daily,B,COMEX front-month proxy for LME copper (USD/ton)
2025-10-06,lme_copper_price,10994.453,USD/ton,Yahoo Finance,https://finance.yahoo.com/quote/HG=F,2026-08-22T00:05:12.535182,daily,B,COMEX front-month proxy for LME copper (USD/ton)
2025-10-07,lme_copper_price,11128.9347,USD/ton,Yahoo Finance,https://finance.yahoo.com/quote/HG=F,2026-08-22T00:05:12.535226,daily,B,COMEX front-month proxy for LME copper (USD/ton)
2025-10-08,lme_copper_price,11124.5258,USD/ton,Yahoo Finance,https://finance.yahoo.com/quote/HG=F,2026-08-22T00:05:12.535267,daily,B,COMEX front-month proxy for LME copper (USD/ton)
2025-10-09,lme_copper_price,11189.5621,USD/ton,Yahoo Finance,https://finance.yahoo.com/quote/HG=F,2026-08-22T00:05:12.535308,daily,B,COMEX front-month proxy for LME copper (USD/ton)
2025-10-10,lme_copper_price,10689.1123,USD/ton,Yahoo Finance,https://finance.yahoo.com/quote/HG=F,2026-08-22T00:05:12.535349,daily,B,COMEX front-month proxy for LME copper (USD/ton)
2025-10-13,lme_copper_price,11244.6779,USD/ton,Yahoo Finance,https://finance.yahoo.com/quote/HG=F,2026-08-22T00:05:12.535390,daily,B,COMEX front-month proxy for LME copper (USD/ton)
2025-10-14,lme_copper_price,10980.1235,USD/ton,Yahoo Finance,https://finance.yahoo.com/quote/HG=F,2026-08-22T00:05:12.535430,daily,B,COMEX front-month proxy for LME copper (USD/ton)
2025-10-15,lme_copper_price,10961.3839,USD/ton,Yahoo Finance,https://finance.yahoo.com/quote/HG=F,2026-08-22T00:05:12.535470,daily,B,COMEX front-month proxy for LME copper (USD/ton)
2025-10-16,lme_copper_price,10930.5194,USD/ton,Yahoo Finance,https://finance.yahoo.com/quote/HG=F,2026-08-22T00:05:12.535510,daily,B,COMEX front-month proxy for LME copper (USD/ton)
2025-10-17,lme_copper_price,10872.0964,USD/ton,Yahoo Finance,https://finance.yahoo.com/quote/HG=F,2026-08-22T00:05:12.535550,daily,B,COMEX front-month proxy for LME copper (USD/ton)
2025-10-20,lme_copper_price,11018.7042,USD/ton,Yahoo Finance,https://finance.yahoo.com/quote/HG=F,2026-08-22T00:05:12.535590,daily,B,COMEX front-month proxy for LME copper (USD/ton)
2025-10-21,lme_copper_price,10868.7891,USD/ton,Yahoo Finance,https://finance.yahoo.com/quote/HG=F,2026-08-22T00:05:12.535631,daily,B,COMEX front-month proxy for LME copper (USD/ton)
2025-10-22,lme_copper_price,10937.1328,USD/ton,Yahoo Finance,https://finance.yahoo.com/quote/HG=F,2026-08-22T00:05:12.535671,daily,B,COMEX front-month proxy for LME copper (USD/ton)
2025-10-23,lme_copper_price,11203.8917,USD/ton,Yahoo Finance,https://finance.yahoo.com/quote/HG=F,2026-08-22T00:05:12.535711,daily,B,COMEX front-month proxy for LME copper (USD/ton)
2025-10-24,lme_copper_price,11229.2456,USD/ton,Yahoo Finance,https://finance.yahoo.com/quote/HG=F,2026-08-22T00:05:12.535752,daily,B,COMEX front-month proxy for LME copper (USD/ton)
2025-10-27,lme_copper_price,11332.8627,USD/ton,Yahoo Finance,https://finance.yahoo.com/quote/HG=F,2026-08-22T00:05:12.535801,daily,B,COMEX front-month proxy for LME copper (USD/ton)
2025-10-28,lme_copper_price,11332.8627,USD/ton,Yahoo Finance,https://finance.yahoo.com/quote/HG=F,2026-08-22T00:05:12.535844,daily,B,COMEX front-month proxy for LME copper (USD/ton)
2025-10-29,lme_copper_price,11537.8925,USD/ton,Yahoo Finance,https://finance.yahoo.com/quote/HG=F,2026-08-22T00:05:12.535885,daily,B,COMEX front-month proxy for LME copper (USD/ton)
2025-10-30,lme_copper_price,11195.0738,USD/ton,Yahoo Finance,https://finance.yahoo.com/quote/HG=F,2026-08-22T00:05:12.535925,daily,B,COMEX front-month proxy for LME copper (USD/ton)
2025-10-31,lme_copper_price,11167.5154,USD/ton,Yahoo Finance,https://finance.yahoo.com/quote/HG=F,2026-08-22T00:05:12.535966,daily,B,COMEX front-month proxy for LME copper (USD/ton)
2025-11-03,lme_copper_price,11126.7302,USD/ton,Yahoo Finance,https://finance.yahoo.com/quote/HG=F,2026-08-22T00:05:12.536007,daily,B,COMEX front-month proxy for LME copper (USD/ton)
2025-11-04,lme_copper_price,10859.9713,USD/ton,Yahoo Finance,https://finance.yahoo.com/quote/HG=F,2026-08-22T00:05:12.536049,daily,B,COMEX front-month proxy for LME copper (USD/ton)
2025-11-05,lme_copper_price,10941.5417,USD/ton,Yahoo Finance,https://finance.yahoo.com/quote/HG=F,2026-08-22T00:05:12.536091,daily,B,COMEX front-month proxy for LME copper (USD/ton)
2025-11-06,lme_copper_price,10902.9609,USD/ton,Yahoo Finance,https://finance.yahoo.com/quote/HG=F,2026-08-22T00:05:12.536132,daily,B,COMEX front-month proxy for LME copper (USD/ton)
2025-11-07,lme_copper_price,10886.427,USD/ton,Yahoo Finance,https://finance.yahoo.com/quote/HG=F,2026-08-22T00:05:12.536173,daily,B,COMEX front-month proxy for LME copper (USD/ton)
2025-11-10,lme_copper_price,11214.915,USD/ton,Yahoo Finance,https://finance.yahoo.com/quote/HG=F,2026-08-22T00:05:12.536214,daily,B,COMEX front-month proxy for LME copper (USD/ton)
2025-11-11,lme_copper_price,11130.0374,USD/ton,Yahoo Finance,https://finance.yahoo.com/quote/HG=F,2026-08-22T00:05:12.536255,daily,B,COMEX front-month proxy for LME copper (USD/ton)
2025-11-12,lme_copper_price,11220.4267,USD/ton,Yahoo Finance,https://finance.yahoo.com/quote/HG=F,2026-08-22T00:05:12.536295,daily,B,COMEX front-month proxy for LME copper (USD/ton)
2025-11-13,lme_copper_price,11216.0178,USD/ton,Yahoo Finance,https://finance.yahoo.com/quote/HG=F,2026-08-22T00:05:12.536336,daily,B,COMEX front-month proxy for LME copper (USD/ton)
2025-11-14,lme_copper_price,11132.2419,USD/ton,Yahoo Finance,https://finance.yahoo.com/quote/HG=F,2026-08-22T00:05:12.536376,daily,B,COMEX front-month proxy for LME copper (USD/ton)
2025-11-17,lme_copper_price,11023.1131,USD/ton,Yahoo Finance,https://finance.yahoo.com/quote/HG=F,2026-08-22T00:05:12.536416,daily,B,COMEX front-month proxy for LME copper (USD/ton)
2025-11-18,lme_copper_price,10940.44,USD/ton,Yahoo Finance,https://finance.yahoo.com/quote/HG=F,2026-08-22T00:05:12.536456,daily,B,COMEX front-month proxy for LME copper (USD/ton)
2025-11-19,lme_copper_price,11040.7499,USD/ton,Yahoo Finance,https://finance.yahoo.com/quote/HG=F,2026-08-22T00:05:12.536496,daily,B,COMEX front-month proxy for LME copper (USD/ton)
2025-11-20,lme_copper_price,10933.8255,USD/ton,Yahoo Finance,https://finance.yahoo.com/quote/HG=F,2026-08-22T00:05:12.536536,daily,B,COMEX front-month proxy for LME copper (USD/ton)
2025-11-21,lme_copper_price,11041.8526,USD/ton,Yahoo Finance,https://finance.yahoo.com/quote/HG=F,2026-08-22T00:05:12.536582,daily,B,COMEX front-month proxy for LME copper (USD/ton)
2025-11-24,lme_copper_price,10939.3372,USD/ton,Yahoo Finance,https://finance.yahoo.com/quote/HG=F,2026-08-22T00:05:12.536624,daily,B,COMEX front-month proxy for LME copper (USD/ton)
2025-11-25,lme_copper_price,11022.0104,USD/ton,Yahoo Finance,https://finance.yahoo.com/quote/HG=F,2026-08-22T00:05:12.536682,daily,B,COMEX front-month proxy for LME copper (USD/ton)
2025-11-26,lme_copper_price,11253.4958,USD/ton,Yahoo Finance,https://finance.yahoo.com/quote/HG=F,2026-08-22T00:05:12.536724,daily,B,COMEX front-month proxy for LME copper (USD/ton)
2025-11-28,lme_copper_price,11432.0709,USD/ton,Yahoo Finance,https://finance.yahoo.com/quote/HG=F,2026-08-22T00:05:12.536766,daily,B,COMEX front-month proxy for LME copper (USD/ton)
2025-12-01,lme_copper_price,11505.9252,USD/ton,Yahoo Finance,https://finance.yahoo.com/quote/HG=F,2026-08-22T00:05:12.536816,daily,B,COMEX front-month proxy for LME copper (USD/ton)
2025-12-02,lme_copper_price,11378.0569,USD/ton,Yahoo Finance,https://finance.yahoo.com/quote/HG=F,2026-08-22T00:05:12.536859,daily,B,COMEX front-month proxy for LME copper (USD/ton)
2025-12-03,lme_copper_price,11702.1371,USD/ton,Yahoo Finance,https://finance.yahoo.com/quote/HG=F,2026-08-22T00:05:12.536902,daily,B,COMEX front-month proxy for LME copper (USD/ton)
2025-12-04,lme_copper_price,11665.7608,USD/ton,Yahoo Finance,https://finance.yahoo.com/quote/HG=F,2026-08-22T00:05:12.536943,daily,B,COMEX front-month proxy for LME copper (USD/ton)
2025-12-05,lme_copper_price,11865.2789,USD/ton,Yahoo Finance,https://finance.yahoo.com/quote/HG=F,2026-08-22T00:05:12.537081,daily,B,COMEX front-month proxy for LME copper (USD/ton)
2025-12-08,lme_copper_price,11826.6982,USD/ton,Yahoo Finance,https://finance.yahoo.com/quote/HG=F,2026-08-22T00:05:12.537130,daily,B,COMEX front-month proxy for LME copper (USD/ton)
2025-12-09,lme_copper_price,11553.3248,USD/ton,Yahoo Finance,https://finance.yahoo.com/quote/HG=F,2026-08-22T00:05:12.537175,daily,B,COMEX front-month proxy for LME copper (USD/ton)
2025-12-10,lme_copper_price,11630.4862,USD/ton,Yahoo Finance,https://finance.yahoo.com/quote/HG=F,2026-08-22T00:05:12.537218,daily,B,COMEX front-month proxy for LME copper (USD/ton)
2025-12-11,lme_copper_price,11964.4871,USD/ton,Yahoo Finance,https://finance.yahoo.com/quote/HG=F,2026-08-22T00:05:12.537260,daily,B,COMEX front-month proxy for LME copper (USD/ton)
2025-12-12,lme_copper_price,11648.1241,USD/ton,Yahoo Finance,https://finance.yahoo.com/quote/HG=F,2026-08-22T00:05:12.537303,daily,B,COMEX front-month proxy for LME copper (USD/ton)
2025-12-15,lme_copper_price,11769.3779,USD/ton,Yahoo Finance,https://finance.yahoo.com/quote/HG=F,2026-08-22T00:05:12.537345,daily,B,COMEX front-month proxy for LME copper (USD/ton)
2025-12-16,lme_copper_price,11655.8402,USD/ton,Yahoo Finance,https://finance.yahoo.com/quote/HG=F,2026-08-22T00:05:12.537387,daily,B,COMEX front-month proxy for LME copper (USD/ton)
2025-12-17,lme_copper_price,11824.4937,USD/ton,Yahoo Finance,https://finance.yahoo.com/quote/HG=F,2026-08-22T00:05:12.537429,daily,B,COMEX front-month proxy for LME copper (USD/ton)
2025-12-18,lme_copper_price,11831.1071,USD/ton,Yahoo Finance,https://finance.yahoo.com/quote/HG=F,2026-08-22T00:05:12.537471,daily,B,COMEX front-month proxy for LME copper (USD/ton)
2025-12-19,lme_copper_price,11992.0444,USD/ton,Yahoo Finance,https://finance.yahoo.com/quote/HG=F,2026-08-22T00:05:12.537512,daily,B,COMEX front-month proxy for LME copper (USD/ton)
2025-12-22,lme_copper_price,11987.6355,USD/ton,Yahoo Finance,https://finance.yahoo.com/quote/HG=F,2026-08-22T00:05:12.537556,daily,B,COMEX front-month proxy for LME copper (USD/ton)
2025-12-23,lme_copper_price,12072.5131,USD/ton,Yahoo Finance,https://finance.yahoo.com/quote/HG=F,2026-08-22T00:05:12.537598,daily,B,COMEX front-month proxy for LME copper (USD/ton)
2025-12-24,lme_copper_price,12122.1172,USD/ton,Yahoo Finance,https://finance.yahoo.com/quote/HG=F,2026-08-22T00:05:12.537640,daily,B,COMEX front-month proxy for LME copper (USD/ton)
2025-12-26,lme_copper_price,12712.9563,USD/ton,Yahoo Finance,https://finance.yahoo.com/quote/HG=F,2026-08-22T00:05:12.537682,daily,B,COMEX front-month proxy for LME copper (USD/ton)
2025-12-29,lme_copper_price,12104.4804,USD/ton,Yahoo Finance,https://finance.yahoo.com/quote/HG=F,2026-08-22T00:05:12.537723,daily,B,COMEX front-month proxy for LME copper (USD/ton)
2025-12-30,lme_copper_price,12626.976,USD/ton,Yahoo Finance,https://finance.yahoo.com/quote/HG=F,2026-08-22T00:05:12.537765,daily,B,COMEX front-month proxy for LME copper (USD/ton)
2025-12-31,lme_copper_price,12412.0256,USD/ton,Yahoo Finance,https://finance.yahoo.com/quote/HG=F,2026-08-22T00:05:12.537817,daily,B,COMEX front-month proxy for LME copper (USD/ton)
2026-01-02,lme_copper_price,12434.0713,USD/ton,Yahoo Finance,https://finance.yahoo.com/quote/HG=F,2026-08-22T00:05:12.537860,daily,B,COMEX front-month proxy for LME copper (USD/ton)
2026-01-05,lme_copper_price,13061.2867,USD/ton,Yahoo Finance,https://finance.yahoo.com/quote/HG=F,2026-08-22T00:05:12.537902,daily,B,COMEX front-month proxy for LME copper (USD/ton)
2026-01-06,lme_copper_price,13250.8842,USD/ton,Yahoo Finance,https://finance.yahoo.com/quote/HG=F,2026-08-22T00:05:12.537944,daily,B,COMEX front-month proxy for LME copper (USD/ton)
2026-01-07,lme_copper_price,12806.6528,USD/ton,Yahoo Finance,https://finance.yahoo.com/quote/HG=F,2026-08-22T00:05:12.537996,daily,B,COMEX front-month proxy for LME copper (USD/ton)
2026-01-08,lme_copper_price,12668.8639,USD/ton,Yahoo Finance,https://finance.yahoo.com/quote/HG=F,2026-08-22T00:05:12.538037,daily,B,COMEX front-month proxy for LME copper (USD/ton)
2026-01-09,lme_copper_price,12909.1683,USD/ton,Yahoo Finance,https://finance.yahoo.com/quote/HG=F,2026-08-22T00:05:12.538078,daily,B,COMEX front-month proxy for LME copper (USD/ton)
2026-01-12,lme_copper_price,13194.6667,USD/ton,Yahoo Finance,https://finance.yahoo.com/quote/HG=F,2026-08-22T00:05:12.538120,daily,B,COMEX front-month proxy for LME copper (USD/ton)
2026-01-13,lme_copper_price,13161.5966,USD/ton,Yahoo Finance,https://finance.yahoo.com/quote/HG=F,2026-08-22T00:05:12.538161,daily,B,COMEX front-month proxy for LME copper (USD/ton)
2026-01-14,lme_copper_price,13247.5769,USD/ton,Yahoo Finance,https://finance.yahoo.com/quote/HG=F,2026-08-22T00:05:12.538213,daily,B,COMEX front-month proxy for LME copper (USD/ton)
2026-01-15,lme_copper_price,13113.0953,USD/ton,Yahoo Finance,https://finance.yahoo.com/quote/HG=F,2026-08-22T00:05:12.538253,daily,B,COMEX front-month proxy for LME copper (USD/ton)
2026-01-16,lme_copper_price,12761.4577,USD/ton,Yahoo Finance,https://finance.yahoo.com/quote/HG=F,2026-08-22T00:05:12.538292,daily,B,COMEX front-month proxy for LME copper (USD/ton)
2026-01-20,lme_copper_price,12727.2859,USD/ton,Yahoo Finance,https://finance.yahoo.com/quote/HG=F,2026-08-22T00:05:12.538331,daily,B,COMEX front-month proxy for LME copper (USD/ton)
2026-01-21,lme_copper_price,12631.3849,USD/ton,Yahoo Finance,https://finance.yahoo.com/quote/HG=F,2026-08-22T00:05:12.538369,daily,B,COMEX front-month proxy for LME copper (USD/ton)
2026-01-22,lme_copper_price,12660.045,USD/ton,Yahoo Finance,https://finance.yahoo.com/quote/HG=F,2026-08-22T00:05:12.538409,daily,B,COMEX front-month proxy for LME copper (USD/ton)
2026-01-23,lme_copper_price,13031.5238,USD/ton,Yahoo Finance,https://finance.yahoo.com/quote/HG=F,2026-08-22T00:05:12.538448,daily,B,COMEX front-month proxy for LME copper (USD/ton)
2026-01-26,lme_copper_price,13192.4622,USD/ton,Yahoo Finance,https://finance.yahoo.com/quote/HG=F,2026-08-22T00:05:12.538486,daily,B,COMEX front-month proxy for LME copper (USD/ton)
2026-01-27,lme_copper_price,12849.6425,USD/ton,Yahoo Finance,https://finance.yahoo.com/quote/HG=F,2026-08-22T00:05:12.538525,daily,B,COMEX front-month proxy for LME copper (USD/ton)
2026-01-28,lme_copper_price,12990.7386,USD/ton,Yahoo Finance,https://finance.yahoo.com/quote/HG=F,2026-08-22T00:05:12.538563,daily,B,COMEX front-month proxy for LME copper (USD/ton)
2026-01-29,lme_copper_price,13614.6468,USD/ton,Yahoo Finance,https://finance.yahoo.com/quote/HG=F,2026-08-22T00:05:12.538618,daily,B,COMEX front-month proxy for LME copper (USD/ton)
2026-01-30,lme_copper_price,13000.6592,USD/ton,Yahoo Finance,https://finance.yahoo.com/quote/HG=F,2026-08-22T00:05:12.538659,daily,B,COMEX front-month proxy for LME copper (USD/ton)
2026-02-02,lme_copper_price,12790.1178,USD/ton,Yahoo Finance,https://finance.yahoo.com/quote/HG=F,2026-08-22T00:05:12.538699,daily,B,COMEX front-month proxy for LME copper (USD/ton)
2026-02-03,lme_copper_price,13365.5246,USD/ton,Yahoo Finance,https://finance.yahoo.com/quote/HG=F,2026-08-22T00:05:12.538741,daily,B,COMEX front-month proxy for LME copper (USD/ton)
2026-02-04,lme_copper_price,12844.1319,USD/ton,Yahoo Finance,https://finance.yahoo.com/quote/HG=F,2026-08-22T00:05:12.538782,daily,B,COMEX front-month proxy for LME copper (USD/ton)
2026-02-05,lme_copper_price,12784.6061,USD/ton,Yahoo Finance,https://finance.yahoo.com/quote/HG=F,2026-08-22T00:05:12.538832,daily,B,COMEX front-month proxy for LME copper (USD/ton)
2026-02-06,lme_copper_price,12926.805,USD/ton,Yahoo Finance,https://finance.yahoo.com/quote/HG=F,2026-08-22T00:05:12.538873,daily,B,COMEX front-month proxy for LME copper (USD/ton)
2026-02-09,lme_copper_price,13106.4819,USD/ton,Yahoo Finance,https://finance.yahoo.com/quote/HG=F,2026-08-22T00:05:12.538914,daily,B,COMEX front-month proxy for LME copper (USD/ton)
2026-02-10,lme_copper_price,12998.4548,USD/ton,Yahoo Finance,https://finance.yahoo.com/quote/HG=F,2026-08-22T00:05:12.538955,daily,B,COMEX front-month proxy for LME copper (USD/ton)
2026-02-11,lme_copper_price,13115.2997,USD/ton,Yahoo Finance,https://finance.yahoo.com/quote/HG=F,2026-08-22T00:05:12.538996,daily,B,COMEX front-month proxy for LME copper (USD/ton)
2026-02-12,lme_copper_price,12722.8769,USD/ton,Yahoo Finance,https://finance.yahoo.com/quote/HG=F,2026-08-22T00:05:12.539037,daily,B,COMEX front-month proxy for LME copper (USD/ton)
2026-02-13,lme_copper_price,12770.2766,USD/ton,Yahoo Finance,https://finance.yahoo.com/quote/HG=F,2026-08-22T00:05:12.539078,daily,B,COMEX front-month proxy for LME copper (USD/ton)
2026-02-17,lme_copper_price,12418.639,USD/ton,Yahoo Finance,https://finance.yahoo.com/quote/HG=F,2026-08-22T00:05:12.539118,daily,B,COMEX front-month proxy for LME copper (USD/ton)
2026-02-18,lme_copper_price,12772.481,USD/ton,Yahoo Finance,https://finance.yahoo.com/quote/HG=F,2026-08-22T00:05:12.539159,daily,B,COMEX front-month proxy for LME copper (USD/ton)
2026-02-19,lme_copper_price,12632.4877,USD/ton,Yahoo Finance,https://finance.yahoo.com/quote/HG=F,2026-08-22T00:05:12.539213,daily,B,COMEX front-month proxy for LME copper (USD/ton)
2026-02-20,lme_copper_price,12855.1542,USD/ton,Yahoo Finance,https://finance.yahoo.com/quote/HG=F,2026-08-22T00:05:12.539256,daily,B,COMEX front-month proxy for LME copper (USD/ton)
2026-02-23,lme_copper_price,12727.2859,USD/ton,Yahoo Finance,https://finance.yahoo.com/quote/HG=F,2026-08-22T00:05:12.539314,daily,B,COMEX front-month proxy for LME copper (USD/ton)
2026-02-24,lme_copper_price,13057.9795,USD/ton,Yahoo Finance,https://finance.yahoo.com/quote/HG=F,2026-08-22T00:05:12.539355,daily,B,COMEX front-month proxy for LME copper (USD/ton)
2026-02-25,lme_copper_price,13182.5406,USD/ton,Yahoo Finance,https://finance.yahoo.com/quote/HG=F,2026-08-22T00:05:12.539397,daily,B,COMEX front-month proxy for LME copper (USD/ton)
2026-02-26,lme_copper_price,13110.8908,USD/ton,Yahoo Finance,https://finance.yahoo.com/quote/HG=F,2026-08-22T00:05:12.539446,daily,B,COMEX front-month proxy for LME copper (USD/ton)
2026-02-27,lme_copper_price,13237.6563,USD/ton,Yahoo Finance,https://finance.yahoo.com/quote/HG=F,2026-08-22T00:05:12.539490,daily,B,COMEX front-month proxy for LME copper (USD/ton)
2026-03-02,lme_copper_price,12995.1476,USD/ton,Yahoo Finance,https://finance.yahoo.com/quote/HG=F,2026-08-22T00:05:12.539532,daily,B,COMEX front-month proxy for LME copper (USD/ton)
2026-03-03,lme_copper_price,12728.3886,USD/ton,Yahoo Finance,https://finance.yahoo.com/quote/HG=F,2026-08-22T00:05:12.539574,daily,B,COMEX front-month proxy for LME copper (USD/ton)
2026-03-04,lme_copper_price,12908.0655,USD/ton,Yahoo Finance,https://finance.yahoo.com/quote/HG=F,2026-08-22T00:05:12.539617,daily,B,COMEX front-month proxy for LME copper (USD/ton)
2026-03-05,lme_copper_price,12683.1935,USD/ton,Yahoo Finance,https://finance.yahoo.com/quote/HG=F,2026-08-22T00:05:12.539659,daily,B,COMEX front-month proxy for LME copper (USD/ton)
2026-03-06,lme_copper_price,12692.0124,USD/ton,Yahoo Finance,https://finance.yahoo.com/quote/HG=F,2026-08-22T00:05:12.539702,daily,B,COMEX front-month proxy for LME copper (USD/ton)
2026-03-09,lme_copper_price,12787.9133,USD/ton,Yahoo Finance,https://finance.yahoo.com/quote/HG=F,2026-08-22T00:05:12.539744,daily,B,COMEX front-month proxy for LME copper (USD/ton)
2026-03-10,lme_copper_price,13016.0915,USD/ton,Yahoo Finance,https://finance.yahoo.com/quote/HG=F,2026-08-22T00:05:12.539786,daily,B,COMEX front-month proxy for LME copper (USD/ton)
2026-03-11,lme_copper_price,12887.1215,USD/ton,Yahoo Finance,https://finance.yahoo.com/quote/HG=F,2026-08-22T00:05:12.539837,daily,B,COMEX front-month proxy for LME copper (USD/ton)
2026-03-12,lme_copper_price,12840.8246,USD/ton,Yahoo Finance,https://finance.yahoo.com/quote/HG=F,2026-08-22T00:05:12.539879,daily,B,COMEX front-month proxy for LME copper (USD/ton)
2026-03-13,lme_copper_price,12598.3159,USD/ton,Yahoo Finance,https://finance.yahoo.com/quote/HG=F,2026-08-22T00:05:12.539921,daily,B,COMEX front-month proxy for LME copper (USD/ton)
2026-03-16,lme_copper_price,12765.8677,USD/ton,Yahoo Finance,https://finance.yahoo.com/quote/HG=F,2026-08-22T00:05:12.539964,daily,B,COMEX front-month proxy for LME copper (USD/ton)
2026-03-17,lme_copper_price,12624.7715,USD/ton,Yahoo Finance,https://finance.yahoo.com/quote/HG=F,2026-08-22T00:05:12.540006,daily,B,COMEX front-month proxy for LME copper (USD/ton)
2026-03-18,lme_copper_price,12244.4738,USD/ton,Yahoo Finance,https://finance.yahoo.com/quote/HG=F,2026-08-22T00:05:12.540048,daily,B,COMEX front-month proxy for LME copper (USD/ton)
2026-03-19,lme_copper_price,11977.7149,USD/ton,Yahoo Finance,https://finance.yahoo.com/quote/HG=F,2026-08-22T00:05:12.540090,daily,B,COMEX front-month proxy for LME copper (USD/ton)
2026-03-20,lme_copper_price,11778.1968,USD/ton,Yahoo Finance,https://finance.yahoo.com/quote/HG=F,2026-08-22T00:05:12.540132,daily,B,COMEX front-month proxy for LME copper (USD/ton)
2026-03-23,lme_copper_price,11992.0444,USD/ton,Yahoo Finance,https://finance.yahoo.com/quote/HG=F,2026-08-22T00:05:12.540174,daily,B,COMEX front-month proxy for LME copper (USD/ton)
2026-03-24,lme_copper_price,11954.5665,USD/ton,Yahoo Finance,https://finance.yahoo.com/quote/HG=F,2026-08-22T00:05:12.540216,daily,B,COMEX front-month proxy for LME copper (USD/ton)
2026-03-25,lme_copper_price,12189.358,USD/ton,Yahoo Finance,https://finance.yahoo.com/quote/HG=F,2026-08-22T00:05:12.540258,daily,B,COMEX front-month proxy for LME copper (USD/ton)
2026-03-26,lme_copper_price,12007.4767,USD/ton,Yahoo Finance,https://finance.yahoo.com/quote/HG=F,2026-08-22T00:05:12.540301,daily,B,COMEX front-month proxy for LME copper (USD/ton)
2026-03-27,lme_copper_price,12052.6719,USD/ton,Yahoo Finance,https://finance.yahoo.com/quote/HG=F,2026-08-22T00:05:12.540343,daily,B,COMEX front-month proxy for LME copper (USD/ton)
2026-03-30,lme_copper_price,12072.5131,USD/ton,Yahoo Finance,https://finance.yahoo.com/quote/HG=F,2026-08-22T00:05:12.540384,daily,B,COMEX front-month proxy for LME copper (USD/ton)
2026-03-31,lme_copper_price,12318.3291,USD/ton,Yahoo Finance,https://finance.yahoo.com/quote/HG=F,2026-08-22T00:05:12.540426,daily,B,COMEX front-month proxy for LME copper (USD/ton)
2026-04-01,lme_copper_price,12398.7978,USD/ton,Yahoo Finance,https://finance.yahoo.com/quote/HG=F,2026-08-22T00:05:12.540468,daily,B,COMEX front-month proxy for LME copper (USD/ton)
2026-04-02,lme_copper_price,12264.3161,USD/ton,Yahoo Finance,https://finance.yahoo.com/quote/HG=F,2026-08-22T00:05:12.540511,daily,B,COMEX front-month proxy for LME copper (USD/ton)
2026-04-06,lme_copper_price,12309.5102,USD/ton,Yahoo Finance,https://finance.yahoo.com/quote/HG=F,2026-08-22T00:05:12.540558,daily,B,COMEX front-month proxy for LME copper (USD/ton)
2026-04-07,lme_copper_price,12223.5298,USD/ton,Yahoo Finance,https://finance.yahoo.com/quote/HG=F,2026-08-22T00:05:12.540601,daily,B,COMEX front-month proxy for LME copper (USD/ton)
2026-04-08,lme_copper_price,12697.524,USD/ton,Yahoo Finance,https://finance.yahoo.com/quote/HG=F,2026-08-22T00:05:12.540643,daily,B,COMEX front-month proxy for LME copper (USD/ton)
2026-04-09,lme_copper_price,12672.1711,USD/ton,Yahoo Finance,https://finance.yahoo.com/quote/HG=F,2026-08-22T00:05:12.540685,daily,B,COMEX front-month proxy for LME copper (USD/ton)
2026-04-10,lme_copper_price,12942.2373,USD/ton,Yahoo Finance,https://finance.yahoo.com/quote/HG=F,2026-08-22T00:05:12.540727,daily,B,COMEX front-month proxy for LME copper (USD/ton)
2026-04-13,lme_copper_price,13174.8244,USD/ton,Yahoo Finance,https://finance.yahoo.com/quote/HG=F,2026-08-22T00:05:12.540770,daily,B,COMEX front-month proxy for LME copper (USD/ton)
2026-04-14,lme_copper_price,13383.1614,USD/ton,Yahoo Finance,https://finance.yahoo.com/quote/HG=F,2026-08-22T00:05:12.540822,daily,B,COMEX front-month proxy for LME copper (USD/ton)
2026-04-15,lme_copper_price,13386.4686,USD/ton,Yahoo Finance,https://finance.yahoo.com/quote/HG=F,2026-08-22T00:05:12.540866,daily,B,COMEX front-month proxy for LME copper (USD/ton)
2026-04-16,lme_copper_price,13374.3435,USD/ton,Yahoo Finance,https://finance.yahoo.com/quote/HG=F,2026-08-22T00:05:12.540908,daily,B,COMEX front-month proxy for LME copper (USD/ton)
2026-04-17,lme_copper_price,13455.9139,USD/ton,Yahoo Finance,https://finance.yahoo.com/quote/HG=F,2026-08-22T00:05:12.540951,daily,B,COMEX front-month proxy for LME copper (USD/ton)
2026-04-20,lme_copper_price,13307.1016,USD/ton,Yahoo Finance,https://finance.yahoo.com/quote/HG=F,2026-08-22T00:05:12.540993,daily,B,COMEX front-month proxy for LME copper (USD/ton)
2026-04-21,lme_copper_price,13231.043,USD/ton,Yahoo Finance,https://finance.yahoo.com/quote/HG=F,2026-08-22T00:05:12.541036,daily,B,COMEX front-month proxy for LME copper (USD/ton)
2026-04-22,lme_copper_price,13492.2902,USD/ton,Yahoo Finance,https://finance.yahoo.com/quote/HG=F,2026-08-22T00:05:12.541078,daily,B,COMEX front-month proxy for LME copper (USD/ton)
2026-04-23,lme_copper_price,13394.1848,USD/ton,Yahoo Finance,https://finance.yahoo.com/quote/HG=F,2026-08-22T00:05:12.541120,daily,B,COMEX front-month proxy for LME copper (USD/ton)
2026-04-24,lme_copper_price,13279.5443,USD/ton,Yahoo Finance,https://finance.yahoo.com/quote/HG=F,2026-08-22T00:05:12.541163,daily,B,COMEX front-month proxy for LME copper (USD/ton)
2026-04-27,lme_copper_price,13267.4192,USD/ton,Yahoo Finance,https://finance.yahoo.com/quote/HG=F,2026-08-22T00:05:12.541204,daily,B,COMEX front-month proxy for LME copper (USD/ton)
2026-04-28,lme_copper_price,13039.241,USD/ton,Yahoo Finance,https://finance.yahoo.com/quote/HG=F,2026-08-22T00:05:12.541246,daily,B,COMEX front-month proxy for LME copper (USD/ton)
2026-04-29,lme_copper_price,12959.874,USD/ton,Yahoo Finance,https://finance.yahoo.com/quote/HG=F,2026-08-22T00:05:12.541287,daily,B,COMEX front-month proxy for LME copper (USD/ton)
2026-04-30,lme_copper_price,13064.5939,USD/ton,Yahoo Finance,https://finance.yahoo.com/quote/HG=F,2026-08-22T00:05:12.541329,daily,B,COMEX front-month proxy for LME copper (USD/ton)
2026-05-01,lme_copper_price,13077.8217,USD/ton,Yahoo Finance,https://finance.yahoo.com/quote/HG=F,2026-08-22T00:05:12.541372,daily,B,COMEX front-month proxy for LME copper (USD/ton)
2026-05-04,lme_copper_price,12775.7883,USD/ton,Yahoo Finance,https://finance.yahoo.com/quote/HG=F,2026-08-22T00:05:12.541414,daily,B,COMEX front-month proxy for LME copper (USD/ton)
2026-05-05,lme_copper_price,13102.0719,USD/ton,Yahoo Finance,https://finance.yahoo.com/quote/HG=F,2026-08-22T00:05:12.541456,daily,B,COMEX front-month proxy for LME copper (USD/ton)
2026-05-06,lme_copper_price,13528.6665,USD/ton,Yahoo Finance,https://finance.yahoo.com/quote/HG=F,2026-08-22T00:05:12.541499,daily,B,COMEX front-month proxy for LME copper (USD/ton)
2026-05-07,lme_copper_price,13508.8252,USD/ton,Yahoo Finance,https://finance.yahoo.com/quote/HG=F,2026-08-22T00:05:12.541541,daily,B,COMEX front-month proxy for LME copper (USD/ton)
2026-05-08,lme_copper_price,13776.6869,USD/ton,Yahoo Finance,https://finance.yahoo.com/quote/HG=F,2026-08-22T00:05:12.541582,daily,B,COMEX front-month proxy for LME copper (USD/ton)
2026-05-11,lme_copper_price,14139.3468,USD/ton,Yahoo Finance,https://finance.yahoo.com/quote/HG=F,2026-08-22T00:05:12.541625,daily,B,COMEX front-month proxy for LME copper (USD/ton)
2026-05-12,lme_copper_price,14296.978,USD/ton,Yahoo Finance,https://finance.yahoo.com/quote/HG=F,2026-08-22T00:05:12.541667,daily,B,COMEX front-month proxy for LME copper (USD/ton)
2026-05-13,lme_copper_price,14628.7733,USD/ton,Yahoo Finance,https://finance.yahoo.com/quote/HG=F,2026-08-22T00:05:12.541708,daily,B,COMEX front-month proxy for LME copper (USD/ton)
2026-05-14,lme_copper_price,14478.8593,USD/ton,Yahoo Finance,https://finance.yahoo.com/quote/HG=F,2026-08-22T00:05:12.541750,daily,B,COMEX front-month proxy for LME copper (USD/ton)
2026-05-15,lme_copper_price,13782.1986,USD/ton,Yahoo Finance,https://finance.yahoo.com/quote/HG=F,2026-08-22T00:05:12.541800,daily,B,COMEX front-month proxy for LME copper (USD/ton)
2026-05-18,lme_copper_price,13827.3927,USD/ton,Yahoo Finance,https://finance.yahoo.com/quote/HG=F,2026-08-22T00:05:12.541844,daily,B,COMEX front-month proxy for LME copper (USD/ton)
2026-05-19,lme_copper_price,13591.4984,USD/ton,Yahoo Finance,https://finance.yahoo.com/quote/HG=F,2026-08-22T00:05:12.541886,daily,B,COMEX front-month proxy for LME copper (USD/ton)
2026-05-20,lme_copper_price,13868.179,USD/ton,Yahoo Finance,https://finance.yahoo.com/quote/HG=F,2026-08-22T00:05:12.541928,daily,B,COMEX front-month proxy for LME copper (USD/ton)
2026-05-21,lme_copper_price,13794.3237,USD/ton,Yahoo Finance,https://finance.yahoo.com/quote/HG=F,2026-08-22T00:05:12.541971,daily,B,COMEX front-month proxy for LME copper (USD/ton)
2026-05-22,lme_copper_price,13981.7167,USD/ton,Yahoo Finance,https://finance.yahoo.com/quote/HG=F,2026-08-22T00:05:12.542013,daily,B,COMEX front-month proxy for LME copper (USD/ton)
2026-05-26,lme_copper_price,14023.6046,USD/ton,Yahoo Finance,https://finance.yahoo.com/quote/HG=F,2026-08-22T00:05:12.542055,daily,B,COMEX front-month proxy for LME copper (USD/ton)
2026-05-27,lme_copper_price,13900.1453,USD/ton,Yahoo Finance,https://finance.yahoo.com/quote/HG=F,2026-08-22T00:05:12.542106,daily,B,COMEX front-month proxy for LME copper (USD/ton)
2026-05-28,lme_copper_price,14100.7661,USD/ton,Yahoo Finance,https://finance.yahoo.com/quote/HG=F,2026-08-22T00:05:12.542149,daily,B,COMEX front-month proxy for LME copper (USD/ton)
2026-05-29,lme_copper_price,14020.2974,USD/ton,Yahoo Finance,https://finance.yahoo.com/quote/HG=F,2026-08-22T00:05:12.542196,daily,B,COMEX front-month proxy for LME copper (USD/ton)
2026-06-01,lme_copper_price,14382.9584,USD/ton,Yahoo Finance,https://finance.yahoo.com/quote/HG=F,2026-08-22T00:05:12.542240,daily,B,COMEX front-month proxy for LME copper (USD/ton)
2026-06-02,lme_copper_price,14659.6379,USD/ton,Yahoo Finance,https://finance.yahoo.com/quote/HG=F,2026-08-22T00:05:12.542282,daily,B,COMEX front-month proxy for LME copper (USD/ton)
2026-06-03,lme_copper_price,14288.1591,USD/ton,Yahoo Finance,https://finance.yahoo.com/quote/HG=F,2026-08-22T00:05:12.542324,daily,B,COMEX front-month proxy for LME copper (USD/ton)
2026-06-04,lme_copper_price,14354.2982,USD/ton,Yahoo Finance,https://finance.yahoo.com/quote/HG=F,2026-08-22T00:05:12.542366,daily,B,COMEX front-month proxy for LME copper (USD/ton)
2026-06-05,lme_copper_price,13808.6543,USD/ton,Yahoo Finance,https://finance.yahoo.com/quote/HG=F,2026-08-22T00:05:12.542409,daily,B,COMEX front-month proxy for LME copper (USD/ton)
2026-06-08,lme_copper_price,13954.1593,USD/ton,Yahoo Finance,https://finance.yahoo.com/quote/HG=F,2026-08-22T00:05:12.542451,daily,B,COMEX front-month proxy for LME copper (USD/ton)
2026-06-09,lme_copper_price,13894.6336,USD/ton,Yahoo Finance,https://finance.yahoo.com/quote/HG=F,2026-08-22T00:05:12.542493,daily,B,COMEX front-month proxy for LME copper (USD/ton)
2026-06-10,lme_copper_price,13776.6869,USD/ton,Yahoo Finance,https://finance.yahoo.com/quote/HG=F,2026-08-22T00:05:12.542535,daily,B,COMEX front-month proxy for LME copper (USD/ton)
2026-06-11,lme_copper_price,13798.7326,USD/ton,Yahoo Finance,https://finance.yahoo.com/quote/HG=F,2026-08-22T00:05:12.542577,daily,B,COMEX front-month proxy for LME copper (USD/ton)
2026-06-12,lme_copper_price,14176.8258,USD/ton,Yahoo Finance,https://finance.yahoo.com/quote/HG=F,2026-08-22T00:05:12.542619,daily,B,COMEX front-month proxy for LME copper (USD/ton)
2026-06-15,lme_copper_price,14291.4663,USD/ton,Yahoo Finance,https://finance.yahoo.com/quote/HG=F,2026-08-22T00:05:12.542662,daily,B,COMEX front-month proxy for LME copper (USD/ton)
2026-06-16,lme_copper_price,14305.7958,USD/ton,Yahoo Finance,https://finance.yahoo.com/quote/HG=F,2026-08-22T00:05:12.542704,daily,B,COMEX front-month proxy for LME copper (USD/ton)
2026-06-17,lme_copper_price,14289.2619,USD/ton,Yahoo Finance,https://finance.yahoo.com/quote/HG=F,2026-08-22T00:05:12.542747,daily,B,COMEX front-month proxy for LME copper (USD/ton)
2026-06-18,lme_copper_price,14053.3665,USD/ton,Yahoo Finance,https://finance.yahoo.com/quote/HG=F,2026-08-22T00:05:12.542789,daily,B,COMEX front-month proxy for LME copper (USD/ton)
2026-06-22,lme_copper_price,14013.684,USD/ton,Yahoo Finance,https://finance.yahoo.com/quote/HG=F,2026-08-22T00:05:12.542842,daily,B,COMEX front-month proxy for LME copper (USD/ton)
2026-06-23,lme_copper_price,13538.5871,USD/ton,Yahoo Finance,https://finance.yahoo.com/quote/HG=F,2026-08-22T00:05:12.542887,daily,B,COMEX front-month proxy for LME copper (USD/ton)
2026-06-24,lme_copper_price,13102.0719,USD/ton,Yahoo Finance,https://finance.yahoo.com/quote/HG=F,2026-08-22T00:05:12.542929,daily,B,COMEX front-month proxy for LME copper (USD/ton)
2026-06-25,lme_copper_price,13383.1614,USD/ton,Yahoo Finance,https://finance.yahoo.com/quote/HG=F,2026-08-22T00:05:12.542972,daily,B,COMEX front-month proxy for LME copper (USD/ton)
2026-06-26,lme_copper_price,13539.6898,USD/ton,Yahoo Finance,https://finance.yahoo.com/quote/HG=F,2026-08-22T00:05:12.543015,daily,B,COMEX front-month proxy for LME copper (USD/ton)
2026-06-29,lme_copper_price,13442.6861,USD/ton,Yahoo Finance,https://finance.yahoo.com/quote/HG=F,2026-08-22T00:05:12.543058,daily,B,COMEX front-month proxy for LME copper (USD/ton)
2026-06-30,lme_copper_price,13652.1258,USD/ton,Yahoo Finance,https://finance.yahoo.com/quote/HG=F,2026-08-22T00:05:12.543100,daily,B,COMEX front-month proxy for LME copper (USD/ton)
2026-07-01,lme_copper_price,13500.0063,USD/ton,Yahoo Finance,https://finance.yahoo.com/quote/HG=F,2026-08-22T00:05:12.543143,daily,B,COMEX front-month proxy for LME copper (USD/ton)
2026-07-02,lme_copper_price,13480.1651,USD/ton,Yahoo Finance,https://finance.yahoo.com/quote/HG=F,2026-08-22T00:05:12.543196,daily,B,COMEX front-month proxy for LME copper (USD/ton)
2026-07-03,lme_copper_price,13721.5711,USD/ton,Yahoo Finance,https://finance.yahoo.com/quote/HG=F,2026-07-05T00:03:02.533064,daily,B,
2026-07-05,lme_copper_price,13720.4684,USD/ton,Yahoo Finance,https://finance.yahoo.com/quote/HG=F,2026-07-06T10:42:39.296612,daily,B,
2026-07-06,lme_copper_price,13620.1585,USD/ton,Yahoo Finance,https://finance.yahoo.com/quote/HG=F,2026-08-22T00:05:12.543240,daily,B,COMEX front-month proxy for LME copper (USD/ton)
2026-07-07,lme_copper_price,13605.829,USD/ton,Yahoo Finance,https://finance.yahoo.com/quote/HG=F,2026-08-22T00:05:12.543284,daily,B,COMEX front-month proxy for LME copper (USD/ton)
2026-07-08,lme_copper_price,13347.8879,USD/ton,Yahoo Finance,https://finance.yahoo.com/quote/HG=F,2026-08-22T00:05:12.543326,daily,B,COMEX front-month proxy for LME copper (USD/ton)
2026-07-09,lme_copper_price,13701.7299,USD/ton,Yahoo Finance,https://finance.yahoo.com/quote/HG=F,2026-08-22T00:05:12.543368,daily,B,COMEX front-month proxy for LME copper (USD/ton)
2026-07-10,lme_copper_price,13742.5151,USD/ton,Yahoo Finance,https://finance.yahoo.com/quote/HG=F,2026-08-22T00:05:12.543410,daily,B,COMEX front-month proxy for LME copper (USD/ton)
2026-07-12,lme_copper_price,13743.6179,USD/ton,Yahoo Finance,https://finance.yahoo.com/quote/HG=F,2026-07-13T09:17:09.488879,daily,B,
2026-07-13,lme_copper_price,13741.4124,USD/ton,Yahoo Finance,https://finance.yahoo.com/quote/HG=F,2026-08-22T00:05:12.543451,daily,B,COMEX front-month proxy for LME copper (USD/ton)
2026-07-14,lme_copper_price,13955.261,USD/ton,Yahoo Finance,https://finance.yahoo.com/quote/HG=F,2026-08-22T00:05:12.543493,daily,B,COMEX front-month proxy for LME copper (USD/ton)
2026-07-15,lme_copper_price,13874.7924,USD/ton,Yahoo Finance,https://finance.yahoo.com/quote/HG=F,2026-08-22T00:05:12.543536,daily,B,COMEX front-month proxy for LME copper (USD/ton)
2026-07-16,lme_copper_price,13880.304,USD/ton,Yahoo Finance,https://finance.yahoo.com/quote/HG=F,2026-08-22T00:05:12.543577,daily,B,COMEX front-month proxy for LME copper (USD/ton)
2026-07-17,lme_copper_price,13712.7522,USD/ton,Yahoo Finance,https://finance.yahoo.com/quote/HG=F,2026-08-22T00:05:12.543619,daily,B,COMEX front-month proxy for LME copper (USD/ton)
2026-07-19,lme_copper_price,13818.5749,USD/ton,Yahoo Finance,https://finance.yahoo.com/quote/HG=F,2026-07-20T00:05:33.245562,daily,B,
2026-07-20,lme_copper_price,13886.9174,USD/ton,Yahoo Finance,https://finance.yahoo.com/quote/HG=F,2026-08-22T00:05:12.543667,daily,B,COMEX front-month proxy for LME copper (USD/ton)
2026-07-21,lme_copper_price,14354.2982,USD/ton,Yahoo Finance,https://finance.yahoo.com/quote/HG=F,2026-08-22T00:05:12.543710,daily,B,COMEX front-month proxy for LME copper (USD/ton)
2026-07-22,lme_copper_price,14222.021,USD/ton,Yahoo Finance,https://finance.yahoo.com/quote/HG=F,2026-08-22T00:05:12.543752,daily,B,COMEX front-month proxy for LME copper (USD/ton)
2026-07-23,lme_copper_price,13900.1453,USD/ton,Yahoo Finance,https://finance.yahoo.com/quote/HG=F,2026-08-22T00:05:12.543794,daily,B,COMEX front-month proxy for LME copper (USD/ton)
2026-07-24,lme_copper_price,13933.2153,USD/ton,Yahoo Finance,https://finance.yahoo.com/quote/HG=F,2026-08-22T00:05:12.543848,daily,B,COMEX front-month proxy for LME copper (USD/ton)
2026-07-26,lme_copper_price,14032.4225,USD/ton,Yahoo Finance,https://finance.yahoo.com/quote/HG=F,2026-07-27T00:05:23.685024,daily,B,
2026-07-27,lme_copper_price,13975.1033,USD/ton,Yahoo Finance,https://finance.yahoo.com/quote/HG=F,2026-08-22T00:05:12.543891,daily,B,COMEX front-month proxy for LME copper (USD/ton)
2026-07-28,lme_copper_price,13937.6243,USD/ton,Yahoo Finance,https://finance.yahoo.com/quote/HG=F,2026-08-22T00:05:12.543933,daily,B,COMEX front-month proxy for LME copper (USD/ton)
2026-07-29,lme_copper_price,13830.6999,USD/ton,Yahoo Finance,https://finance.yahoo.com/quote/HG=F,2026-08-22T00:05:12.543975,daily,B,COMEX front-month proxy for LME copper (USD/ton)
2026-07-30,lme_copper_price,14207.6904,USD/ton,Yahoo Finance,https://finance.yahoo.com/quote/HG=F,2026-08-22T00:05:12.544017,daily,B,COMEX front-month proxy for LME copper (USD/ton)
2026-07-31,lme_copper_price,14188.9509,USD/ton,Yahoo Finance,https://finance.yahoo.com/quote/HG=F,2026-08-22T00:05:12.544059,daily,B,COMEX front-month proxy for LME copper (USD/ton)
2026-08-02,lme_copper_price,14424.8463,USD/ton,Yahoo Finance,https://finance.yahoo.com/quote/HG=F,2026-08-03T00:06:23.435099,daily,B,
2026-08-03,lme_copper_price,14360.9116,USD/ton,Yahoo Finance,https://finance.yahoo.com/quote/HG=F,2026-08-22T00:05:12.544101,daily,B,COMEX front-month proxy for LME copper (USD/ton)
2026-08-04,lme_copper_price,14591.2953,USD/ton,Yahoo Finance,https://finance.yahoo.com/quote/HG=F,2026-08-22T00:05:12.544143,daily,B,COMEX front-month proxy for LME copper (USD/ton)
2026-08-05,lme_copper_price,14777.5856,USD/ton,Yahoo Finance,https://finance.yahoo.com/quote/HG=F,2026-08-22T00:05:12.544185,daily,B,COMEX front-month proxy for LME copper (USD/ton)
2026-08-06,lme_copper_price,14742.311,USD/ton,Yahoo Finance,https://finance.yahoo.com/quote/HG=F,2026-08-22T00:05:12.544227,daily,B,COMEX front-month proxy for LME copper (USD/ton)
2026-08-07,lme_copper_price,14485.4727,USD/ton,Yahoo Finance,https://finance.yahoo.com/quote/HG=F,2026-08-22T00:05:12.544269,daily,B,COMEX front-month proxy for LME copper (USD/ton)
2026-08-09,lme_copper_price,14546.1002,USD/ton,Yahoo Finance,https://finance.yahoo.com/quote/HG=F,2026-08-10T00:07:07.586069,daily,B,
2026-08-10,lme_copper_price,14538.384,USD/ton,Yahoo Finance,https://finance.yahoo.com/quote/HG=F,2026-08-22T00:05:12.544311,daily,B,COMEX front-month proxy for LME copper (USD/ton)
2026-08-11,lme_copper_price,14576.9648,USD/ton,Yahoo Finance,https://finance.yahoo.com/quote/HG=F,2026-08-22T00:05:12.544354,daily,B,COMEX front-month proxy for LME copper (USD/ton)
2026-08-12,lme_copper_price,14543.8957,USD/ton,Yahoo Finance,https://finance.yahoo.com/quote/HG=F,2026-08-22T00:05:12.544397,daily,B,COMEX front-month proxy for LME copper (USD/ton)
2026-08-13,lme_copper_price,14533.9751,USD/ton,Yahoo Finance,https://finance.yahoo.com/quote/HG=F,2026-08-22T00:05:12.544439,daily,B,COMEX front-month proxy for LME copper (USD/ton)
2026-08-14,lme_copper_price,14549.4074,USD/ton,Yahoo Finance,https://finance.yahoo.com/quote/HG=F,2026-08-22T00:05:12.544481,daily,B,COMEX front-month proxy for LME copper (USD/ton)
2026-08-16,lme_copper_price,14619.9544,USD/ton,Yahoo Finance,https://finance.yahoo.com/quote/HG=F,2026-08-17T00:05:14.786720,daily,B,
2026-08-17,lme_copper_price,14559.328,USD/ton,Yahoo Finance,https://finance.yahoo.com/quote/HG=F,2026-08-22T00:05:12.544523,daily,B,COMEX front-month proxy for LME copper (USD/ton)
2026-08-18,lme_copper_price,14291.4663,USD/ton,Yahoo Finance,https://finance.yahoo.com/quote/HG=F,2026-08-22T00:05:12.544565,daily,B,COMEX front-month proxy for LME copper (USD/ton)
2026-08-19,lme_copper_price,14302.4897,USD/ton,Yahoo Finance,https://finance.yahoo.com/quote/HG=F,2026-08-22T00:05:12.544607,daily,B,COMEX front-month proxy for LME copper (USD/ton)
2026-08-20,lme_copper_price,14241.8622,USD/ton,Yahoo Finance,https://finance.yahoo.com/quote/HG=F,2026-08-22T00:05:12.544649,daily,B,COMEX front-month proxy for LME copper (USD/ton)
2026-08-21,lme_copper_price,14506.4167,USD/ton,Yahoo Finance,https://finance.yahoo.com/quote/HG=F,2026-08-22T00:05:12.544691,daily,B,COMEX front-month proxy for LME copper (USD/ton)
2026-03-16,lme_inventory,119060.0,ton,金属库存监控,,2026-08-22T00:05:37.468314,daily,B,from metal_inventory_monitor.csv
2026-03-17,lme_inventory,123784.0,ton,金属库存监控,,2026-08-22T00:05:37.468320,daily,B,from metal_inventory_monitor.csv
2026-03-18,lme_inventory,123814.0,ton,金属库存监控,,2026-08-22T00:05:37.468326,daily,B,from metal_inventory_monitor.csv
2026-03-19,lme_inventory,123971.0,ton,金属库存监控,,2026-08-22T00:05:37.468331,daily,B,from metal_inventory_monitor.csv
2026-03-20,lme_inventory,122743.0,ton,金属库存监控,,2026-08-22T00:05:37.468335,daily,B,from metal_inventory_monitor.csv
2026-03-21,lme_inventory,122251.0,ton,金属库存监控,,2026-08-22T00:05:37.468340,daily,B,from metal_inventory_monitor.csv
2026-03-22,lme_inventory,119811.0,ton,金属库存监控,,2026-08-22T00:05:37.468344,daily,B,from metal_inventory_monitor.csv
2026-03-23,lme_inventory,124861.0,ton,金属库存监控,,2026-08-22T00:05:37.468349,daily,B,from metal_inventory_monitor.csv
2026-03-24,lme_inventory,124130.0,ton,金属库存监控,,2026-08-22T00:05:37.468354,daily,B,from metal_inventory_monitor.csv
2026-03-25,lme_inventory,125455.0,ton,金属库存监控,,2026-08-22T00:05:37.468359,daily,B,from metal_inventory_monitor.csv
2026-03-26,lme_inventory,123489.0,ton,金属库存监控,,2026-08-22T00:05:37.468364,daily,B,from metal_inventory_monitor.csv
2026-03-27,lme_inventory,123379.0,ton,金属库存监控,,2026-08-22T00:05:37.468368,daily,B,from metal_inventory_monitor.csv
2026-03-28,lme_inventory,123283.0,ton,金属库存监控,,2026-08-22T00:05:37.468373,daily,B,from metal_inventory_monitor.csv
2026-03-29,lme_inventory,120643.0,ton,金属库存监控,,2026-08-22T00:05:37.468378,daily,B,from metal_inventory_monitor.csv
2026-03-30,lme_inventory,122340.0,ton,金属库存监控,,2026-08-22T00:05:37.468383,daily,B,from metal_inventory_monitor.csv
2026-03-31,lme_inventory,121559.0,ton,金属库存监控,,2026-08-22T00:05:37.468387,daily,B,from metal_inventory_monitor.csv
2026-04-01,lme_inventory,123308.0,ton,金属库存监控,,2026-08-22T00:05:37.468392,daily,B,from metal_inventory_monitor.csv
2026-04-02,lme_inventory,123468.0,ton,金属库存监控,,2026-08-22T00:05:37.468397,daily,B,from metal_inventory_monitor.csv
2026-04-03,lme_inventory,126456.0,ton,金属库存监控,,2026-08-22T00:05:37.468402,daily,B,from metal_inventory_monitor.csv
2026-04-04,lme_inventory,126296.0,ton,金属库存监控,,2026-08-22T00:05:37.468407,daily,B,from metal_inventory_monitor.csv
2026-04-05,lme_inventory,120520.0,ton,金属库存监控,,2026-08-22T00:05:37.468411,daily,B,from metal_inventory_monitor.csv
2026-04-06,lme_inventory,123973.0,ton,金属库存监控,,2026-08-22T00:05:37.468416,daily,B,from metal_inventory_monitor.csv
2026-04-07,lme_inventory,122874.0,ton,金属库存监控,,2026-08-22T00:05:37.468421,daily,B,from metal_inventory_monitor.csv
2026-04-08,lme_inventory,123667.0,ton,金属库存监控,,2026-08-22T00:05:37.468425,daily,B,from metal_inventory_monitor.csv
2026-04-09,lme_inventory,124444.0,ton,金属库存监控,,2026-08-22T00:05:37.468430,daily,B,from metal_inventory_monitor.csv
2026-04-10,lme_inventory,122546.0,ton,金属库存监控,,2026-08-22T00:05:37.468434,daily,B,from metal_inventory_monitor.csv
2026-04-11,lme_inventory,120146.0,ton,金属库存监控,,2026-08-22T00:05:37.468440,daily,B,from metal_inventory_monitor.csv
2026-04-12,lme_inventory,120773.0,ton,金属库存监控,,2026-08-22T00:05:37.468444,daily,B,from metal_inventory_monitor.csv
2026-04-13,lme_inventory,122257.0,ton,金属库存监控,,2026-08-22T00:05:37.468449,daily,B,from metal_inventory_monitor.csv
2026-04-14,lme_inventory,121744.0,ton,金属库存监控,,2026-08-22T00:05:37.468453,daily,B,from metal_inventory_monitor.csv
2026-04-15,lme_inventory,122430.0,ton,金属库存监控,,2026-08-22T00:05:37.468458,daily,B,from metal_inventory_monitor.csv
2026-04-16,lme_inventory,120634.0,ton,金属库存监控,,2026-08-22T00:05:37.468462,daily,B,from metal_inventory_monitor.csv
2026-04-17,lme_inventory,121431.0,ton,金属库存监控,,2026-08-22T00:05:37.468467,daily,B,from metal_inventory_monitor.csv
2026-04-18,lme_inventory,119769.0,ton,金属库存监控,,2026-08-22T00:05:37.468472,daily,B,from metal_inventory_monitor.csv
2026-04-19,lme_inventory,122258.0,ton,金属库存监控,,2026-08-22T00:05:37.468476,daily,B,from metal_inventory_monitor.csv
2026-04-20,lme_inventory,122463.0,ton,金属库存监控,,2026-08-22T00:05:37.468481,daily,B,from metal_inventory_monitor.csv
2026-04-21,lme_inventory,124040.0,ton,金属库存监控,,2026-08-22T00:05:37.468485,daily,B,from metal_inventory_monitor.csv
2026-04-22,lme_inventory,121195.0,ton,金属库存监控,,2026-08-22T00:05:37.468490,daily,B,from metal_inventory_monitor.csv
2026-04-23,lme_inventory,120468.0,ton,金属库存监控,,2026-08-22T00:05:37.468494,daily,B,from metal_inventory_monitor.csv
2026-04-24,lme_inventory,120624.0,ton,金属库存监控,,2026-08-22T00:05:37.468499,daily,B,from metal_inventory_monitor.csv
2026-04-25,lme_inventory,122185.0,ton,金属库存监控,,2026-08-22T00:05:37.468503,daily,B,from metal_inventory_monitor.csv
2026-04-26,lme_inventory,122417.0,ton,金属库存监控,,2026-08-22T00:05:37.468508,daily,B,from metal_inventory_monitor.csv
2026-04-27,lme_inventory,122620.0,ton,金属库存监控,,2026-08-22T00:05:37.468513,daily,B,from metal_inventory_monitor.csv
2026-04-28,lme_inventory,119238.0,ton,金属库存监控,,2026-08-22T00:05:37.468534,daily,B,from metal_inventory_monitor.csv
2026-04-29,lme_inventory,121335.0,ton,金属库存监控,,2026-08-22T00:05:37.468539,daily,B,from metal_inventory_monitor.csv
2026-04-30,lme_inventory,120187.0,ton,金属库存监控,,2026-08-22T00:05:37.468543,daily,B,from metal_inventory_monitor.csv
2026-05-01,lme_inventory,117070.0,ton,金属库存监控,,2026-08-22T00:05:37.468548,daily,B,from metal_inventory_monitor.csv
2026-05-02,lme_inventory,115070.0,ton,金属库存监控,,2026-08-22T00:05:37.468553,daily,B,from metal_inventory_monitor.csv
2026-05-03,lme_inventory,116663.0,ton,金属库存监控,,2026-08-22T00:05:37.468558,daily,B,from metal_inventory_monitor.csv
2026-05-04,lme_inventory,116186.0,ton,金属库存监控,,2026-08-22T00:05:37.468563,daily,B,from metal_inventory_monitor.csv
2026-05-05,lme_inventory,114186.0,ton,金属库存监控,,2026-08-22T00:05:37.468568,daily,B,from metal_inventory_monitor.csv
2026-05-06,lme_inventory,115802.0,ton,金属库存监控,,2026-08-22T00:05:37.468573,daily,B,from metal_inventory_monitor.csv
2026-05-07,lme_inventory,116399.0,ton,金属库存监控,,2026-08-22T00:05:37.468578,daily,B,from metal_inventory_monitor.csv
2026-05-08,lme_inventory,115997.0,ton,金属库存监控,,2026-08-22T00:05:37.468582,daily,B,from metal_inventory_monitor.csv
2026-05-09,lme_inventory,114556.0,ton,金属库存监控,,2026-08-22T00:05:37.468588,daily,B,from metal_inventory_monitor.csv
2026-05-10,lme_inventory,118486.0,ton,金属库存监控,,2026-08-22T00:05:37.468593,daily,B,from metal_inventory_monitor.csv
2026-05-11,lme_inventory,114284.0,ton,金属库存监控,,2026-08-22T00:05:37.468597,daily,B,from metal_inventory_monitor.csv
2026-05-12,lme_inventory,115168.0,ton,金属库存监控,,2026-08-22T00:05:37.468602,daily,B,from metal_inventory_monitor.csv
2026-05-13,lme_inventory,113193.0,ton,金属库存监控,,2026-08-22T00:05:37.468606,daily,B,from metal_inventory_monitor.csv
2026-05-14,lme_inventory,116238.0,ton,金属库存监控,,2026-08-22T00:05:37.468611,daily,B,from metal_inventory_monitor.csv
2026-05-15,lme_inventory,112067.0,ton,金属库存监控,,2026-08-22T00:05:37.468615,daily,B,from metal_inventory_monitor.csv
2026-05-16,lme_inventory,114995.0,ton,金属库存监控,,2026-08-22T00:05:37.468620,daily,B,from metal_inventory_monitor.csv
2026-05-17,lme_inventory,113611.0,ton,金属库存监控,,2026-08-22T00:05:37.468625,daily,B,from metal_inventory_monitor.csv
2026-05-18,lme_inventory,113057.0,ton,金属库存监控,,2026-08-22T00:05:37.468629,daily,B,from metal_inventory_monitor.csv
2026-05-19,lme_inventory,115235.0,ton,金属库存监控,,2026-08-22T00:05:37.468634,daily,B,from metal_inventory_monitor.csv
2026-05-20,lme_inventory,114189.0,ton,金属库存监控,,2026-08-22T00:05:37.468638,daily,B,from metal_inventory_monitor.csv
2026-05-21,lme_inventory,111966.0,ton,金属库存监控,,2026-08-22T00:05:37.468643,daily,B,from metal_inventory_monitor.csv
2026-05-22,lme_inventory,114241.0,ton,金属库存监控,,2026-08-22T00:05:37.468647,daily,B,from metal_inventory_monitor.csv
2026-05-23,lme_inventory,113233.0,ton,金属库存监控,,2026-08-22T00:05:37.468652,daily,B,from metal_inventory_monitor.csv
2026-05-24,lme_inventory,115692.0,ton,金属库存监控,,2026-08-22T00:05:37.468657,daily,B,from metal_inventory_monitor.csv
2026-05-25,lme_inventory,114164.0,ton,金属库存监控,,2026-08-22T00:05:37.468661,daily,B,from metal_inventory_monitor.csv
2026-05-26,lme_inventory,111682.0,ton,金属库存监控,,2026-08-22T00:05:37.468666,daily,B,from metal_inventory_monitor.csv
2026-05-27,lme_inventory,114849.0,ton,金属库存监控,,2026-08-22T00:05:37.468670,daily,B,from metal_inventory_monitor.csv
2026-05-28,lme_inventory,110089.0,ton,金属库存监控,,2026-08-22T00:05:37.468675,daily,B,from metal_inventory_monitor.csv
2026-05-29,lme_inventory,114110.0,ton,金属库存监控,,2026-08-22T00:05:37.468679,daily,B,from metal_inventory_monitor.csv
2026-05-30,lme_inventory,111689.0,ton,金属库存监控,,2026-08-22T00:05:37.468684,daily,B,from metal_inventory_monitor.csv
2026-05-31,lme_inventory,110607.0,ton,金属库存监控,,2026-08-22T00:05:37.468688,daily,B,from metal_inventory_monitor.csv
2026-06-01,lme_inventory,114436.0,ton,金属库存监控,,2026-08-22T00:05:37.468693,daily,B,from metal_inventory_monitor.csv
2026-06-02,lme_inventory,112790.0,ton,金属库存监控,,2026-08-22T00:05:37.468698,daily,B,from metal_inventory_monitor.csv
2026-06-03,lme_inventory,113932.0,ton,金属库存监控,,2026-08-22T00:05:37.468702,daily,B,from metal_inventory_monitor.csv
2026-06-04,lme_inventory,115122.0,ton,金属库存监控,,2026-08-22T00:05:37.468707,daily,B,from metal_inventory_monitor.csv
2026-06-05,lme_inventory,112553.0,ton,金属库存监控,,2026-08-22T00:05:37.468711,daily,B,from metal_inventory_monitor.csv
2026-06-06,lme_inventory,112258.0,ton,金属库存监控,,2026-08-22T00:05:37.468716,daily,B,from metal_inventory_monitor.csv
2026-06-07,lme_inventory,111554.0,ton,金属库存监控,,2026-08-22T00:05:37.468721,daily,B,from metal_inventory_monitor.csv
2026-06-08,lme_inventory,112081.0,ton,金属库存监控,,2026-08-22T00:05:37.468725,daily,B,from metal_inventory_monitor.csv
2026-06-09,lme_inventory,112276.0,ton,金属库存监控,,2026-08-22T00:05:37.468730,daily,B,from metal_inventory_monitor.csv
2026-06-10,lme_inventory,116094.0,ton,金属库存监控,,2026-08-22T00:05:37.468735,daily,B,from metal_inventory_monitor.csv
2026-06-11,lme_inventory,115218.0,ton,金属库存监控,,2026-08-22T00:05:37.468740,daily,B,from metal_inventory_monitor.csv
2026-06-12,lme_inventory,116113.0,ton,金属库存监控,,2026-08-22T00:05:37.468745,daily,B,from metal_inventory_monitor.csv
2026-06-13,lme_inventory,111672.0,ton,金属库存监控,,2026-08-22T00:05:37.468749,daily,B,from metal_inventory_monitor.csv
2026-06-14,lme_inventory,111835.0,ton,金属库存监控,,2026-08-22T00:05:37.468754,daily,B,from metal_inventory_monitor.csv
2026-06-15,lme_inventory,116680.0,ton,金属库存监控,,2026-08-22T00:05:37.468758,daily,B,from metal_inventory_monitor.csv
2026-06-16,lme_inventory,113536.0,ton,金属库存监控,,2026-08-22T00:05:37.468763,daily,B,from metal_inventory_monitor.csv
2026-06-17,lme_inventory,115438.0,ton,金属库存监控,,2026-08-22T00:05:37.468767,daily,B,from metal_inventory_monitor.csv
2026-06-18,lme_inventory,111709.0,ton,金属库存监控,,2026-08-22T00:05:37.468772,daily,B,from metal_inventory_monitor.csv
2026-06-19,lme_inventory,114312.0,ton,金属库存监控,,2026-08-22T00:05:37.468776,daily,B,from metal_inventory_monitor.csv
2026-06-20,lme_inventory,117316.0,ton,金属库存监控,,2026-08-22T00:05:37.468781,daily,B,from metal_inventory_monitor.csv
2026-06-21,lme_inventory,117218.0,ton,金属库存监控,,2026-08-22T00:05:37.468785,daily,B,from metal_inventory_monitor.csv
2026-06-22,lme_inventory,114123.0,ton,金属库存监控,,2026-08-22T00:05:37.468790,daily,B,from metal_inventory_monitor.csv
2026-06-23,lme_inventory,114925.0,ton,金属库存监控,,2026-08-22T00:05:37.468794,daily,B,from metal_inventory_monitor.csv
2026-06-24,lme_inventory,113867.0,ton,金属库存监控,,2026-08-22T00:05:37.468799,daily,B,from metal_inventory_monitor.csv
2026-06-25,lme_inventory,117778.0,ton,金属库存监控,,2026-08-22T00:05:37.468804,daily,B,from metal_inventory_monitor.csv
2026-06-26,lme_inventory,113067.0,ton,金属库存监控,,2026-08-22T00:05:37.468808,daily,B,from metal_inventory_monitor.csv
2026-06-27,lme_inventory,117351.0,ton,金属库存监控,,2026-08-22T00:05:37.468813,daily,B,from metal_inventory_monitor.csv
2026-06-28,lme_inventory,117479.0,ton,金属库存监控,,2026-08-22T00:05:37.468817,daily,B,from metal_inventory_monitor.csv
2026-06-29,lme_inventory,116739.0,ton,金属库存监控,,2026-08-22T00:05:37.468822,daily,B,from metal_inventory_monitor.csv
2026-06-30,lme_inventory,115633.0,ton,金属库存监控,,2026-08-22T00:05:37.468827,daily,B,from metal_inventory_monitor.csv
2026-07-01,lme_inventory,116635.0,ton,金属库存监控,,2026-08-22T00:05:37.468831,daily,B,from metal_inventory_monitor.csv
2026-07-02,lme_inventory,113922.0,ton,金属库存监控,,2026-08-22T00:05:37.468836,daily,B,from metal_inventory_monitor.csv
2026-07-03,lme_inventory,118785.0,ton,金属库存监控,,2026-08-22T00:05:37.468841,daily,B,from metal_inventory_monitor.csv
2026-07-04,lme_inventory,117204.0,ton,金属库存监控,,2026-08-22T00:05:37.468846,daily,B,from metal_inventory_monitor.csv
2026-07-05,lme_inventory,118891.0,ton,金属库存监控,,2026-08-22T00:05:37.468868,daily,B,from metal_inventory_monitor.csv
2026-07-06,lme_inventory,116940.0,ton,金属库存监控,,2026-08-22T00:05:37.468873,daily,B,from metal_inventory_monitor.csv
2026-07-07,lme_inventory,118326.0,ton,金属库存监控,,2026-08-22T00:05:37.468878,daily,B,from metal_inventory_monitor.csv
2026-07-08,lme_inventory,115679.0,ton,金属库存监控,,2026-08-22T00:05:37.468882,daily,B,from metal_inventory_monitor.csv
2026-07-09,lme_inventory,117800.0,ton,金属库存监控,,2026-08-22T00:05:37.468887,daily,B,from metal_inventory_monitor.csv
2026-07-10,lme_inventory,118034.0,ton,金属库存监控,,2026-08-22T00:05:37.468891,daily,B,from metal_inventory_monitor.csv
2026-07-11,lme_inventory,117022.0,ton,金属库存监控,,2026-08-22T00:05:37.468896,daily,B,from metal_inventory_monitor.csv
2026-07-12,lme_inventory,120697.0,ton,金属库存监控,,2026-08-22T00:05:37.468901,daily,B,from metal_inventory_monitor.csv
2026-07-13,lme_inventory,121408.0,ton,金属库存监控,,2026-08-22T00:05:37.468905,daily,B,from metal_inventory_monitor.csv
2025-05-28,m1,1089147.65,CNY_bn,东方财富-货币供应,https://data.eastmoney.com/cjsj/hbgyl.html,2026-07-02T02:41:15.494537,monthly,A,
2025-06-28,m1,1139494.08,CNY_bn,东方财富-货币供应,https://data.eastmoney.com/cjsj/hbgyl.html,2026-08-02T00:02:21.013571,monthly,A,
2025-07-28,m1,1110586.92,CNY_bn,东方财富-货币供应,https://data.eastmoney.com/cjsj/hbgyl.html,2026-08-22T00:05:28.246080,monthly,A,
2025-08-28,m1,1112255.7,CNY_bn,东方财富-货币供应,https://data.eastmoney.com/cjsj/hbgyl.html,2026-08-22T00:05:28.246023,monthly,A,
2025-09-28,m1,1131455.07,CNY_bn,东方财富-货币供应,https://data.eastmoney.com/cjsj/hbgyl.html,2026-08-22T00:05:28.245982,monthly,A,
2025-10-28,m1,1119962.73,CNY_bn,东方财富-货币供应,https://data.eastmoney.com/cjsj/hbgyl.html,2026-08-22T00:05:28.245941,monthly,A,
2025-11-28,m1,1128866.64,CNY_bn,东方财富-货币供应,https://data.eastmoney.com/cjsj/hbgyl.html,2026-08-22T00:05:28.245899,monthly,A,
2025-12-28,m1,1155146.5,CNY_bn,东方财富-货币供应,https://data.eastmoney.com/cjsj/hbgyl.html,2026-08-22T00:05:28.245858,monthly,A,
2026-01-28,m1,1179680.52,CNY_bn,东方财富-货币供应,https://data.eastmoney.com/cjsj/hbgyl.html,2026-08-22T00:05:28.245816,monthly,A,
2026-02-28,m1,1159258.82,CNY_bn,东方财富-货币供应,https://data.eastmoney.com/cjsj/hbgyl.html,2026-08-22T00:05:28.245773,monthly,A,
2026-03-28,m1,1193202.99,CNY_bn,东方财富-货币供应,https://data.eastmoney.com/cjsj/hbgyl.html,2026-08-22T00:05:28.245730,monthly,A,
2026-04-28,m1,1145833.73,CNY_bn,东方财富-货币供应,https://data.eastmoney.com/cjsj/hbgyl.html,2026-08-22T00:05:28.245686,monthly,A,
2026-05-28,m1,1148891.41,CNY_bn,东方财富-货币供应,https://data.eastmoney.com/cjsj/hbgyl.html,2026-08-22T00:05:28.245640,monthly,A,
2026-06-28,m1,1184775.53,CNY_bn,东方财富-货币供应,https://data.eastmoney.com/cjsj/hbgyl.html,2026-08-22T00:05:28.245590,monthly,A,
2026-07-28,m1,1154623.0,CNY_bn,东方财富-货币供应,https://data.eastmoney.com/cjsj/hbgyl.html,2026-08-22T00:05:28.245523,monthly,A,
2026-01-01,new_energy_grid_connection,1700.0,10kW,国家能源局,,2026-08-22T00:05:37.468911,monthly,A,from 电网指标监控数据_2026-06-29.csv
2026-02-01,new_energy_grid_connection,2670.0,10kW,国家能源局,,2026-08-22T00:05:37.468916,monthly,A,from 电网指标监控数据_2026-06-29.csv
2026-03-01,new_energy_grid_connection,1380.0,10kW,国家能源局,,2026-08-22T00:05:37.468922,monthly,A,from 电网指标监控数据_2026-06-29.csv
2026-04-01,new_energy_grid_connection,1840.0,10kW,国家能源局,,2026-08-22T00:05:37.468927,monthly,A,from 电网指标监控数据_2026-06-29.csv
2026-05-01,new_energy_grid_connection,2550.0,10kW,国家能源局,,2026-08-22T00:05:37.468933,monthly,A,from 电网指标监控数据_2026-06-29.csv
2026-01-01,power_consumption_yoy,5.9,pct,国家能源局,,2026-08-22T00:05:37.468938,monthly,A,from 电网指标监控数据_2026-06-29.csv
2026-02-01,power_consumption_yoy,4.8,pct,国家能源局,,2026-08-22T00:05:37.468942,monthly,A,from 电网指标监控数据_2026-06-29.csv
2026-03-01,power_consumption_yoy,5.6,pct,国家能源局,,2026-08-22T00:05:37.468947,monthly,A,from 电网指标监控数据_2026-06-29.csv
2026-04-01,power_consumption_yoy,4.5,pct,国家能源局,,2026-08-22T00:05:37.468952,monthly,A,from 电网指标监控数据_2026-06-29.csv
2026-05-01,power_consumption_yoy,6.2,pct,国家能源局,,2026-08-22T00:05:37.468957,monthly,A,from 电网指标监控数据_2026-06-29.csv
2026-06-01,power_consumption_yoy,3.7,pct,国家能源局,https://obor.nea.gov.cn/detail2/23027.html,2026-08-22T00:05:37.468963,monthly,A,NEA 07-15: June 2026 total electricity 8981亿kWh YoY +3.7%; H1 +5.3%
2026-03-16,shfe_inventory,146882.0,ton,金属库存监控,,2026-08-22T00:05:37.468968,daily,B,from metal_inventory_monitor.csv
2026-03-17,shfe_inventory,140672.0,ton,金属库存监控,,2026-08-22T00:05:37.468973,daily,B,from metal_inventory_monitor.csv
2026-03-18,shfe_inventory,138686.0,ton,金属库存监控,,2026-08-22T00:05:37.468977,daily,B,from metal_inventory_monitor.csv
2026-03-19,shfe_inventory,145859.0,ton,金属库存监控,,2026-08-22T00:05:37.468982,daily,B,from metal_inventory_monitor.csv
2026-03-20,shfe_inventory,139773.0,ton,金属库存监控,,2026-08-22T00:05:37.468987,daily,B,from metal_inventory_monitor.csv
2026-03-21,shfe_inventory,146957.0,ton,金属库存监控,,2026-08-22T00:05:37.468991,daily,B,from metal_inventory_monitor.csv
2026-03-22,shfe_inventory,153479.0,ton,金属库存监控,,2026-08-22T00:05:37.468996,daily,B,from metal_inventory_monitor.csv
2026-03-23,shfe_inventory,150570.0,ton,金属库存监控,,2026-08-22T00:05:37.469001,daily,B,from metal_inventory_monitor.csv
2026-03-24,shfe_inventory,149121.0,ton,金属库存监控,,2026-08-22T00:05:37.469005,daily,B,from metal_inventory_monitor.csv
2026-03-25,shfe_inventory,147304.0,ton,金属库存监控,,2026-08-22T00:05:37.469010,daily,B,from metal_inventory_monitor.csv
2026-03-26,shfe_inventory,143607.0,ton,金属库存监控,,2026-08-22T00:05:37.469015,daily,B,from metal_inventory_monitor.csv
2026-03-27,shfe_inventory,149069.0,ton,金属库存监控,,2026-08-22T00:05:37.469020,daily,B,from metal_inventory_monitor.csv
2026-03-28,shfe_inventory,150391.0,ton,金属库存监控,,2026-08-22T00:05:37.469024,daily,B,from metal_inventory_monitor.csv
2026-03-29,shfe_inventory,152556.0,ton,金属库存监控,,2026-08-22T00:05:37.469029,daily,B,from metal_inventory_monitor.csv
2026-03-30,shfe_inventory,152229.0,ton,金属库存监控,,2026-08-22T00:05:37.469040,daily,B,from metal_inventory_monitor.csv
2026-03-31,shfe_inventory,146973.0,ton,金属库存监控,,2026-08-22T00:05:37.469045,daily,B,from metal_inventory_monitor.csv
2026-04-01,shfe_inventory,153577.0,ton,金属库存监控,,2026-08-22T00:05:37.469050,daily,B,from metal_inventory_monitor.csv
2026-04-02,shfe_inventory,146744.0,ton,金属库存监控,,2026-08-22T00:05:37.469054,daily,B,from metal_inventory_monitor.csv
2026-04-03,shfe_inventory,148764.0,ton,金属库存监控,,2026-08-22T00:05:37.469059,daily,B,from metal_inventory_monitor.csv
2026-04-04,shfe_inventory,153407.0,ton,金属库存监控,,2026-08-22T00:05:37.469064,daily,B,from metal_inventory_monitor.csv
2026-04-05,shfe_inventory,154709.0,ton,金属库存监控,,2026-08-22T00:05:37.469068,daily,B,from metal_inventory_monitor.csv
2026-04-06,shfe_inventory,150955.0,ton,金属库存监控,,2026-08-22T00:05:37.469073,daily,B,from metal_inventory_monitor.csv
2026-04-07,shfe_inventory,158040.0,ton,金属库存监控,,2026-08-22T00:05:37.469079,daily,B,from metal_inventory_monitor.csv
2026-04-08,shfe_inventory,151426.0,ton,金属库存监控,,2026-08-22T00:05:37.469084,daily,B,from metal_inventory_monitor.csv
2026-04-09,shfe_inventory,146849.0,ton,金属库存监控,,2026-08-22T00:05:37.469089,daily,B,from metal_inventory_monitor.csv
2026-04-10,shfe_inventory,140289.0,ton,金属库存监控,,2026-08-22T00:05:37.469094,daily,B,from metal_inventory_monitor.csv
2026-04-11,shfe_inventory,138650.0,ton,金属库存监控,,2026-08-22T00:05:37.469099,daily,B,from metal_inventory_monitor.csv
2026-04-12,shfe_inventory,138672.0,ton,金属库存监控,,2026-08-22T00:05:37.469103,daily,B,from metal_inventory_monitor.csv
2026-04-13,shfe_inventory,132908.0,ton,金属库存监控,,2026-08-22T00:05:37.469108,daily,B,from metal_inventory_monitor.csv
2026-04-14,shfe_inventory,133872.0,ton,金属库存监控,,2026-08-22T00:05:37.469113,daily,B,from metal_inventory_monitor.csv
2026-04-15,shfe_inventory,134620.0,ton,金属库存监控,,2026-08-22T00:05:37.469117,daily,B,from metal_inventory_monitor.csv
2026-04-16,shfe_inventory,130356.0,ton,金属库存监控,,2026-08-22T00:05:37.469123,daily,B,from metal_inventory_monitor.csv
2026-04-17,shfe_inventory,135240.0,ton,金属库存监控,,2026-08-22T00:05:37.469127,daily,B,from metal_inventory_monitor.csv
2026-04-18,shfe_inventory,141287.0,ton,金属库存监控,,2026-08-22T00:05:37.469132,daily,B,from metal_inventory_monitor.csv
2026-04-19,shfe_inventory,136948.0,ton,金属库存监控,,2026-08-22T00:05:37.469137,daily,B,from metal_inventory_monitor.csv
2026-04-20,shfe_inventory,137736.0,ton,金属库存监控,,2026-08-22T00:05:37.469142,daily,B,from metal_inventory_monitor.csv
2026-04-21,shfe_inventory,128568.0,ton,金属库存监控,,2026-08-22T00:05:37.469147,daily,B,from metal_inventory_monitor.csv
2026-04-22,shfe_inventory,130497.0,ton,金属库存监控,,2026-08-22T00:05:37.469152,daily,B,from metal_inventory_monitor.csv
2026-04-23,shfe_inventory,134566.0,ton,金属库存监控,,2026-08-22T00:05:37.469157,daily,B,from metal_inventory_monitor.csv
2026-04-24,shfe_inventory,133839.0,ton,金属库存监控,,2026-08-22T00:05:37.469163,daily,B,from metal_inventory_monitor.csv
2026-04-25,shfe_inventory,131883.0,ton,金属库存监控,,2026-08-22T00:05:37.469169,daily,B,from metal_inventory_monitor.csv
2026-04-26,shfe_inventory,132535.0,ton,金属库存监控,,2026-08-22T00:05:37.469174,daily,B,from metal_inventory_monitor.csv
2026-04-27,shfe_inventory,123185.0,ton,金属库存监控,,2026-08-22T00:05:37.469178,daily,B,from metal_inventory_monitor.csv
2026-04-28,shfe_inventory,132807.0,ton,金属库存监控,,2026-08-22T00:05:37.469183,daily,B,from metal_inventory_monitor.csv
2026-04-29,shfe_inventory,132326.0,ton,金属库存监控,,2026-08-22T00:05:37.469188,daily,B,from metal_inventory_monitor.csv
2026-04-30,shfe_inventory,132215.0,ton,金属库存监控,,2026-08-22T00:05:37.469193,daily,B,from metal_inventory_monitor.csv
2026-05-01,shfe_inventory,121248.0,ton,金属库存监控,,2026-08-22T00:05:37.469215,daily,B,from metal_inventory_monitor.csv
2026-05-02,shfe_inventory,126557.0,ton,金属库存监控,,2026-08-22T00:05:37.469220,daily,B,from metal_inventory_monitor.csv
2026-05-03,shfe_inventory,126604.0,ton,金属库存监控,,2026-08-22T00:05:37.469224,daily,B,from metal_inventory_monitor.csv
2026-05-04,shfe_inventory,121364.0,ton,金属库存监控,,2026-08-22T00:05:37.469229,daily,B,from metal_inventory_monitor.csv
2026-05-05,shfe_inventory,117115.0,ton,金属库存监控,,2026-08-22T00:05:37.469234,daily,B,from metal_inventory_monitor.csv
2026-05-06,shfe_inventory,124771.0,ton,金属库存监控,,2026-08-22T00:05:37.469239,daily,B,from metal_inventory_monitor.csv
2026-05-07,shfe_inventory,124939.0,ton,金属库存监控,,2026-08-22T00:05:37.469243,daily,B,from metal_inventory_monitor.csv
2026-05-08,shfe_inventory,120026.0,ton,金属库存监控,,2026-08-22T00:05:37.469248,daily,B,from metal_inventory_monitor.csv
2026-05-09,shfe_inventory,125718.0,ton,金属库存监控,,2026-08-22T00:05:37.469252,daily,B,from metal_inventory_monitor.csv
2026-05-10,shfe_inventory,130512.0,ton,金属库存监控,,2026-08-22T00:05:37.469257,daily,B,from metal_inventory_monitor.csv
2026-05-11,shfe_inventory,127402.0,ton,金属库存监控,,2026-08-22T00:05:37.469262,daily,B,from metal_inventory_monitor.csv
2026-05-12,shfe_inventory,133703.0,ton,金属库存监控,,2026-08-22T00:05:37.469266,daily,B,from metal_inventory_monitor.csv
2026-05-13,shfe_inventory,133761.0,ton,金属库存监控,,2026-08-22T00:05:37.469271,daily,B,from metal_inventory_monitor.csv
2026-05-14,shfe_inventory,121513.0,ton,金属库存监控,,2026-08-22T00:05:37.469276,daily,B,from metal_inventory_monitor.csv
2026-05-15,shfe_inventory,132631.0,ton,金属库存监控,,2026-08-22T00:05:37.469281,daily,B,from metal_inventory_monitor.csv
2026-05-16,shfe_inventory,127456.0,ton,金属库存监控,,2026-08-22T00:05:37.469286,daily,B,from metal_inventory_monitor.csv
2026-05-17,shfe_inventory,131881.0,ton,金属库存监控,,2026-08-22T00:05:37.469290,daily,B,from metal_inventory_monitor.csv
2026-05-18,shfe_inventory,134670.0,ton,金属库存监控,,2026-08-22T00:05:37.469295,daily,B,from metal_inventory_monitor.csv
2026-05-19,shfe_inventory,127730.0,ton,金属库存监控,,2026-08-22T00:05:37.469299,daily,B,from metal_inventory_monitor.csv
2026-05-20,shfe_inventory,131853.0,ton,金属库存监控,,2026-08-22T00:05:37.469304,daily,B,from metal_inventory_monitor.csv
2026-05-21,shfe_inventory,130470.0,ton,金属库存监控,,2026-08-22T00:05:37.469309,daily,B,from metal_inventory_monitor.csv
2026-05-22,shfe_inventory,132459.0,ton,金属库存监控,,2026-08-22T00:05:37.469314,daily,B,from metal_inventory_monitor.csv
2026-05-23,shfe_inventory,129793.0,ton,金属库存监控,,2026-08-22T00:05:37.469318,daily,B,from metal_inventory_monitor.csv
2026-05-24,shfe_inventory,130447.0,ton,金属库存监控,,2026-08-22T00:05:37.469323,daily,B,from metal_inventory_monitor.csv
2026-05-25,shfe_inventory,138587.0,ton,金属库存监控,,2026-08-22T00:05:37.469328,daily,B,from metal_inventory_monitor.csv
2026-05-26,shfe_inventory,130829.0,ton,金属库存监控,,2026-08-22T00:05:37.469332,daily,B,from metal_inventory_monitor.csv
2026-05-27,shfe_inventory,130953.0,ton,金属库存监控,,2026-08-22T00:05:37.469337,daily,B,from metal_inventory_monitor.csv
2026-05-28,shfe_inventory,141559.0,ton,金属库存监控,,2026-08-22T00:05:37.469342,daily,B,from metal_inventory_monitor.csv
2026-05-29,shfe_inventory,141808.0,ton,金属库存监控,,2026-08-22T00:05:37.469346,daily,B,from metal_inventory_monitor.csv
2026-05-30,shfe_inventory,130331.0,ton,金属库存监控,,2026-08-22T00:05:37.469352,daily,B,from metal_inventory_monitor.csv
2026-05-31,shfe_inventory,132499.0,ton,金属库存监控,,2026-08-22T00:05:37.469357,daily,B,from metal_inventory_monitor.csv
2026-06-01,shfe_inventory,139324.0,ton,金属库存监控,,2026-08-22T00:05:37.469361,daily,B,from metal_inventory_monitor.csv
2026-06-02,shfe_inventory,143788.0,ton,金属库存监控,,2026-08-22T00:05:37.469366,daily,B,from metal_inventory_monitor.csv
2026-06-03,shfe_inventory,144891.0,ton,金属库存监控,,2026-08-22T00:05:37.469370,daily,B,from metal_inventory_monitor.csv
2026-06-04,shfe_inventory,147660.0,ton,金属库存监控,,2026-08-22T00:05:37.469375,daily,B,from metal_inventory_monitor.csv
2026-06-05,shfe_inventory,135995.0,ton,金属库存监控,,2026-08-22T00:05:37.469380,daily,B,from metal_inventory_monitor.csv
2026-06-06,shfe_inventory,138532.0,ton,金属库存监控,,2026-08-22T00:05:37.469384,daily,B,from metal_inventory_monitor.csv
2026-06-07,shfe_inventory,139682.0,ton,金属库存监控,,2026-08-22T00:05:37.469389,daily,B,from metal_inventory_monitor.csv
2026-06-08,shfe_inventory,141801.0,ton,金属库存监控,,2026-08-22T00:05:37.469394,daily,B,from metal_inventory_monitor.csv
2026-06-09,shfe_inventory,134027.0,ton,金属库存监控,,2026-08-22T00:05:37.469399,daily,B,from metal_inventory_monitor.csv
2026-06-10,shfe_inventory,146537.0,ton,金属库存监控,,2026-08-22T00:05:37.469404,daily,B,from metal_inventory_monitor.csv
2026-06-11,shfe_inventory,139815.0,ton,金属库存监控,,2026-08-22T00:05:37.469409,daily,B,from metal_inventory_monitor.csv
2026-06-12,shfe_inventory,146525.0,ton,金属库存监控,,2026-08-22T00:05:37.469414,daily,B,from metal_inventory_monitor.csv
2026-06-13,shfe_inventory,135349.0,ton,金属库存监控,,2026-08-22T00:05:37.469418,daily,B,from metal_inventory_monitor.csv
2026-06-14,shfe_inventory,137960.0,ton,金属库存监控,,2026-08-22T00:05:37.469423,daily,B,from metal_inventory_monitor.csv
2026-06-15,shfe_inventory,146284.0,ton,金属库存监控,,2026-08-22T00:05:37.469428,daily,B,from metal_inventory_monitor.csv
2026-06-16,shfe_inventory,142379.0,ton,金属库存监控,,2026-08-22T00:05:37.469432,daily,B,from metal_inventory_monitor.csv
2026-06-17,shfe_inventory,142225.0,ton,金属库存监控,,2026-08-22T00:05:37.469437,daily,B,from metal_inventory_monitor.csv
2026-06-18,shfe_inventory,136633.0,ton,金属库存监控,,2026-08-22T00:05:37.469441,daily,B,from metal_inventory_monitor.csv
2026-06-19,shfe_inventory,138676.0,ton,金属库存监控,,2026-08-22T00:05:37.469446,daily,B,from metal_inventory_monitor.csv
2026-06-20,shfe_inventory,146084.0,ton,金属库存监控,,2026-08-22T00:05:37.469450,daily,B,from metal_inventory_monitor.csv
2026-06-21,shfe_inventory,146082.0,ton,金属库存监控,,2026-08-22T00:05:37.469455,daily,B,from metal_inventory_monitor.csv
2026-06-22,shfe_inventory,135213.0,ton,金属库存监控,,2026-08-22T00:05:37.469459,daily,B,from metal_inventory_monitor.csv
2026-06-23,shfe_inventory,144578.0,ton,金属库存监控,,2026-08-22T00:05:37.469464,daily,B,from metal_inventory_monitor.csv
2026-06-24,shfe_inventory,146161.0,ton,金属库存监控,,2026-08-22T00:05:37.469469,daily,B,from metal_inventory_monitor.csv
2026-06-25,shfe_inventory,138195.0,ton,金属库存监控,,2026-08-22T00:05:37.469473,daily,B,from metal_inventory_monitor.csv
2026-06-26,shfe_inventory,146861.0,ton,金属库存监控,,2026-08-22T00:05:37.469478,daily,B,from metal_inventory_monitor.csv
2026-06-27,shfe_inventory,133310.0,ton,金属库存监控,,2026-08-22T00:05:37.469483,daily,B,from metal_inventory_monitor.csv
2026-06-28,shfe_inventory,140039.0,ton,金属库存监控,,2026-08-22T00:05:37.469488,daily,B,from metal_inventory_monitor.csv
2026-06-29,shfe_inventory,137102.0,ton,金属库存监控,,2026-08-22T00:05:37.469493,daily,B,from metal_inventory_monitor.csv
2026-06-30,shfe_inventory,137967.0,ton,金属库存监控,,2026-08-22T00:05:37.469498,daily,B,from metal_inventory_monitor.csv
2026-07-01,shfe_inventory,136393.0,ton,金属库存监控,,2026-08-22T00:05:37.469502,daily,B,from metal_inventory_monitor.csv
2026-07-02,shfe_inventory,140787.0,ton,金属库存监控,,2026-08-22T00:05:37.469507,daily,B,from metal_inventory_monitor.csv
2026-07-03,shfe_inventory,142297.0,ton,金属库存监控,,2026-08-22T00:05:37.469511,daily,B,from metal_inventory_monitor.csv
2026-07-04,shfe_inventory,132801.0,ton,金属库存监控,,2026-08-22T00:05:37.469516,daily,B,from metal_inventory_monitor.csv
2026-07-05,shfe_inventory,131910.0,ton,金属库存监控,,2026-08-22T00:05:37.469521,daily,B,from metal_inventory_monitor.csv
2026-07-06,shfe_inventory,127620.0,ton,金属库存监控,,2026-08-22T00:05:37.469625,daily,B,from metal_inventory_monitor.csv
2026-07-07,shfe_inventory,136050.0,ton,金属库存监控,,2026-08-22T00:05:37.469630,daily,B,from metal_inventory_monitor.csv
2026-07-08,shfe_inventory,130039.0,ton,金属库存监控,,2026-08-22T00:05:37.469647,daily,B,from metal_inventory_monitor.csv
2026-07-09,shfe_inventory,133346.0,ton,金属库存监控,,2026-08-22T00:05:37.469652,daily,B,from metal_inventory_monitor.csv
2026-07-10,shfe_inventory,128139.0,ton,金属库存监控,,2026-08-22T00:05:37.469658,daily,B,from metal_inventory_monitor.csv
2026-07-11,shfe_inventory,126735.0,ton,金属库存监控,,2026-08-22T00:05:37.469663,daily,B,from metal_inventory_monitor.csv
2026-07-12,shfe_inventory,124537.0,ton,金属库存监控,,2026-08-22T00:05:37.469668,daily,B,from metal_inventory_monitor.csv
2026-07-13,shfe_inventory,120479.0,ton,金属库存监控,,2026-08-22T00:05:37.469673,daily,B,from metal_inventory_monitor.csv
2025-05-28,social_financing,5923.0,CNY_bn,东方财富-社融,https://data.eastmoney.com/cjsj/xzxd.html,2026-07-02T02:41:12.620725,monthly,A,
2025-06-28,social_financing,23600.0,CNY_bn,东方财富-社融,https://data.eastmoney.com/cjsj/xzxd.html,2026-08-02T00:02:18.259927,monthly,A,
2025-07-28,social_financing,-4296.0,CNY_bn,东方财富-社融,https://data.eastmoney.com/cjsj/xzxd.html,2026-08-22T00:05:25.262611,monthly,A,
2025-08-28,social_financing,6253.0,CNY_bn,东方财富-社融,https://data.eastmoney.com/cjsj/xzxd.html,2026-08-22T00:05:25.262569,monthly,A,
2025-09-28,social_financing,16081.0,CNY_bn,东方财富-社融,https://data.eastmoney.com/cjsj/xzxd.html,2026-08-22T00:05:25.262528,monthly,A,
2025-10-28,social_financing,-154.0,CNY_bn,东方财富-社融,https://data.eastmoney.com/cjsj/xzxd.html,2026-08-22T00:05:25.262486,monthly,A,
2025-11-28,social_financing,4096.0,CNY_bn,东方财富-社融,https://data.eastmoney.com/cjsj/xzxd.html,2026-08-22T00:05:25.262444,monthly,A,
2025-12-28,social_financing,9804.0,CNY_bn,东方财富-社融,https://data.eastmoney.com/cjsj/xzxd.html,2026-08-22T00:05:25.262403,monthly,A,
2026-01-28,social_financing,49016.0,CNY_bn,东方财富-社融,https://data.eastmoney.com/cjsj/xzxd.html,2026-08-22T00:05:25.262361,monthly,A,
2026-02-28,social_financing,8458.0,CNY_bn,东方财富-社融,https://data.eastmoney.com/cjsj/xzxd.html,2026-08-22T00:05:25.262318,monthly,A,
2026-03-28,social_financing,31522.0,CNY_bn,东方财富-社融,https://data.eastmoney.com/cjsj/xzxd.html,2026-08-22T00:05:25.262274,monthly,A,
2026-04-28,social_financing,-4006.0,CNY_bn,东方财富-社融,https://data.eastmoney.com/cjsj/xzxd.html,2026-08-22T00:05:25.262229,monthly,A,
2026-05-28,social_financing,4965.0,CNY_bn,东方财富-社融,https://data.eastmoney.com/cjsj/xzxd.html,2026-08-22T00:05:25.262181,monthly,A,
2026-06-28,social_financing,17650.0,CNY_bn,东方财富-社融,https://data.eastmoney.com/cjsj/xzxd.html,2026-08-22T00:05:25.262128,monthly,A,
2026-07-28,social_financing,-5896.0,CNY_bn,东方财富-社融,https://data.eastmoney.com/cjsj/xzxd.html,2026-08-22T00:05:25.262048,monthly,A,
2025-05-27,spot_premium,1087.63,USD/ton,derived,,2026-07-01T10:03:05.434884,daily,C,
2025-05-28,spot_premium,1240.72,USD/ton,derived,,2026-07-02T02:41:23.846822,daily,C,
2025-05-29,spot_premium,1240.3,USD/ton,derived,,2026-07-03T00:05:23.839567,daily,C,
2025-05-30,spot_premium,1204.99,USD/ton,derived,,2026-07-04T00:03:59.798328,daily,C,
2025-06-03,spot_premium,838.19,USD/ton,derived,,2026-07-08T00:02:07.495663,daily,C,
2025-06-04,spot_premium,772.23,USD/ton,derived,,2026-07-09T00:04:17.148740,daily,C,
2025-06-05,spot_premium,690.8,USD/ton,derived,,2026-07-10T00:03:24.945007,daily,C,
2025-06-06,spot_premium,1016.15,USD/ton,derived,,2026-07-11T00:04:46.341101,daily,C,
2025-06-09,spot_premium,820.89,USD/ton,derived,,2026-07-14T00:02:42.790883,daily,C,
2025-06-10,spot_premium,867.7,USD/ton,derived,,2026-07-15T00:04:53.814400,daily,C,
2025-06-11,spot_premium,1127.57,USD/ton,derived,,2026-07-16T00:03:03.869128,daily,C,
2025-06-12,spot_premium,978.33,USD/ton,derived,,2026-07-17T09:02:26.426332,daily,C,
2025-06-13,spot_premium,938.01,USD/ton,derived,,2026-07-18T00:02:55.976727,daily,C,
2025-06-16,spot_premium,983.68,USD/ton,derived,,2026-07-21T00:04:14.814272,daily,C,
2025-06-17,spot_premium,1030.73,USD/ton,derived,,2026-07-22T00:04:44.836442,daily,C,
2025-06-18,spot_premium,974.63,USD/ton,derived,,2026-07-23T00:06:43.937790,daily,C,
2025-06-19,spot_premium,893.33,USD/ton,derived,,2026-07-23T00:06:43.937882,daily,C,
2025-06-20,spot_premium,878.05,USD/ton,derived,,2026-07-25T00:02:49.115501,daily,C,
2025-06-23,spot_premium,913.98,USD/ton,derived,,2026-07-28T00:02:50.982921,daily,C,
2025-06-24,spot_premium,900.83,USD/ton,derived,,2026-07-29T00:04:06.765534,daily,C,
2025-06-25,spot_premium,788.83,USD/ton,derived,,2026-07-30T00:05:36.771443,daily,C,
2025-06-26,spot_premium,535.84,USD/ton,derived,,2026-07-31T00:05:13.017188,daily,C,
2025-06-27,spot_premium,675.0,USD/ton,derived,,2026-08-01T00:06:55.649108,daily,C,
2025-06-30,spot_premium,740.19,USD/ton,derived,,2026-08-04T00:02:54.144194,daily,C,
2025-07-01,spot_premium,835.1,USD/ton,derived,,2026-08-05T00:04:40.260128,daily,C,
2025-07-02,spot_premium,581.66,USD/ton,derived,,2026-08-06T09:08:11.146560,daily,C,
2025-07-03,spot_premium,698.38,USD/ton,derived,,2026-08-07T00:05:20.448715,daily,C,
2025-07-04,spot_premium,748.48,USD/ton,derived,,2026-08-07T00:05:20.448805,daily,C,
2025-07-07,spot_premium,777.07,USD/ton,derived,,2026-08-11T00:07:00.393004,daily,C,
2025-07-08,spot_premium,-639.92,USD/ton,derived,,2026-08-12T00:01:14.177718,daily,C,
2025-07-09,spot_premium,-361.91,USD/ton,derived,,2026-08-13T00:01:57.204373,daily,C,
2025-07-10,spot_premium,-562.6,USD/ton,derived,,2026-08-14T00:03:11.871547,daily,C,
2025-07-11,spot_premium,-612.13,USD/ton,derived,,2026-08-15T00:03:31.874583,daily,C,
2025-07-14,spot_premium,-512.97,USD/ton,derived,,2026-08-17T00:05:46.073500,daily,C,
2025-07-15,spot_premium,-630.8,USD/ton,derived,,2026-08-19T00:05:38.532505,daily,C,
2025-07-16,spot_premium,-513.54,USD/ton,derived,,2026-08-20T00:03:08.281342,daily,C,
2025-07-17,spot_premium,-504.67,USD/ton,derived,,2026-08-21T00:03:31.943563,daily,C,
2025-07-18,spot_premium,-614.98,USD/ton,derived,,2026-08-22T00:05:37.455201,daily,C,SHFE CU0 vs COMEX HG=F after USDCNY conversion
2025-07-21,spot_premium,-494.43,USD/ton,derived,,2026-08-22T00:05:37.455294,daily,C,SHFE CU0 vs COMEX HG=F after USDCNY conversion
2025-07-22,spot_premium,-679.17,USD/ton,derived,,2026-08-22T00:05:37.455349,daily,C,SHFE CU0 vs COMEX HG=F after USDCNY conversion
2025-07-23,spot_premium,-917.57,USD/ton,derived,,2026-08-22T00:05:37.455398,daily,C,SHFE CU0 vs COMEX HG=F after USDCNY conversion
2025-07-24,spot_premium,-833.19,USD/ton,derived,,2026-08-22T00:05:37.455445,daily,C,SHFE CU0 vs COMEX HG=F after USDCNY conversion
2025-07-25,spot_premium,-898.78,USD/ton,derived,,2026-08-22T00:05:37.455493,daily,C,SHFE CU0 vs COMEX HG=F after USDCNY conversion
2025-07-28,spot_premium,-564.55,USD/ton,derived,,2026-08-22T00:05:37.455539,daily,C,SHFE CU0 vs COMEX HG=F after USDCNY conversion
2025-07-29,spot_premium,-607.13,USD/ton,derived,,2026-08-22T00:05:37.455583,daily,C,SHFE CU0 vs COMEX HG=F after USDCNY conversion
2025-07-30,spot_premium,-519.86,USD/ton,derived,,2026-08-22T00:05:37.455627,daily,C,SHFE CU0 vs COMEX HG=F after USDCNY conversion
2025-07-31,spot_premium,2080.16,USD/ton,derived,,2026-08-22T00:05:37.455670,daily,C,SHFE CU0 vs COMEX HG=F after USDCNY conversion
2025-08-01,spot_premium,1953.02,USD/ton,derived,,2026-08-22T00:05:37.455713,daily,C,SHFE CU0 vs COMEX HG=F after USDCNY conversion
2025-08-04,spot_premium,1937.08,USD/ton,derived,,2026-08-22T00:05:37.455757,daily,C,SHFE CU0 vs COMEX HG=F after USDCNY conversion
2025-08-05,spot_premium,2086.77,USD/ton,derived,,2026-08-22T00:05:37.455800,daily,C,SHFE CU0 vs COMEX HG=F after USDCNY conversion
2025-08-06,spot_premium,1982.54,USD/ton,derived,,2026-08-22T00:05:37.455843,daily,C,SHFE CU0 vs COMEX HG=F after USDCNY conversion
2025-08-07,spot_premium,2036.92,USD/ton,derived,,2026-08-22T00:05:37.455886,daily,C,SHFE CU0 vs COMEX HG=F after USDCNY conversion
2025-08-08,spot_premium,1871.63,USD/ton,derived,,2026-08-22T00:05:37.455928,daily,C,SHFE CU0 vs COMEX HG=F after USDCNY conversion
2025-08-11,spot_premium,2021.15,USD/ton,derived,,2026-08-22T00:05:37.455970,daily,C,SHFE CU0 vs COMEX HG=F after USDCNY conversion
2025-08-12,spot_premium,1833.75,USD/ton,derived,,2026-08-22T00:05:37.456011,daily,C,SHFE CU0 vs COMEX HG=F after USDCNY conversion
2025-08-13,spot_premium,1945.81,USD/ton,derived,,2026-08-22T00:05:37.456065,daily,C,SHFE CU0 vs COMEX HG=F after USDCNY conversion
2025-08-14,spot_premium,1920.33,USD/ton,derived,,2026-08-22T00:05:37.456108,daily,C,SHFE CU0 vs COMEX HG=F after USDCNY conversion
2025-08-15,spot_premium,1906.95,USD/ton,derived,,2026-08-22T00:05:37.456150,daily,C,SHFE CU0 vs COMEX HG=F after USDCNY conversion
2025-08-18,spot_premium,1936.86,USD/ton,derived,,2026-08-22T00:05:37.456192,daily,C,SHFE CU0 vs COMEX HG=F after USDCNY conversion
2025-08-19,spot_premium,2033.74,USD/ton,derived,,2026-08-22T00:05:37.456233,daily,C,SHFE CU0 vs COMEX HG=F after USDCNY conversion
2025-08-20,spot_premium,1959.02,USD/ton,derived,,2026-08-22T00:05:37.456275,daily,C,SHFE CU0 vs COMEX HG=F after USDCNY conversion
2025-08-21,spot_premium,1927.52,USD/ton,derived,,2026-08-22T00:05:37.456318,daily,C,SHFE CU0 vs COMEX HG=F after USDCNY conversion
2025-08-22,spot_premium,1913.11,USD/ton,derived,,2026-08-22T00:05:37.456361,daily,C,SHFE CU0 vs COMEX HG=F after USDCNY conversion
2025-08-25,spot_premium,2026.17,USD/ton,derived,,2026-08-22T00:05:37.456404,daily,C,SHFE CU0 vs COMEX HG=F after USDCNY conversion
2025-08-26,spot_premium,1986.95,USD/ton,derived,,2026-08-22T00:05:37.456445,daily,C,SHFE CU0 vs COMEX HG=F after USDCNY conversion
2025-08-27,spot_premium,2066.32,USD/ton,derived,,2026-08-22T00:05:37.456486,daily,C,SHFE CU0 vs COMEX HG=F after USDCNY conversion
2025-08-28,spot_premium,1919.55,USD/ton,derived,,2026-08-22T00:05:37.456528,daily,C,SHFE CU0 vs COMEX HG=F after USDCNY conversion
2025-08-29,spot_premium,1869.81,USD/ton,derived,,2026-08-22T00:05:37.456569,daily,C,SHFE CU0 vs COMEX HG=F after USDCNY conversion
2025-09-01,spot_premium,1924.94,USD/ton,derived,,2026-08-22T00:05:37.456610,daily,C,SHFE CU0 vs COMEX HG=F after USDCNY conversion
2025-09-02,spot_premium,1794.63,USD/ton,derived,,2026-08-22T00:05:37.456651,daily,C,SHFE CU0 vs COMEX HG=F after USDCNY conversion
2025-09-03,spot_premium,1885.92,USD/ton,derived,,2026-08-22T00:05:37.456693,daily,C,SHFE CU0 vs COMEX HG=F after USDCNY conversion
2025-09-04,spot_premium,1990.69,USD/ton,derived,,2026-08-22T00:05:37.456735,daily,C,SHFE CU0 vs COMEX HG=F after USDCNY conversion
2025-09-05,spot_premium,2057.94,USD/ton,derived,,2026-08-22T00:05:37.456776,daily,C,SHFE CU0 vs COMEX HG=F after USDCNY conversion
2025-09-08,spot_premium,1967.3,USD/ton,derived,,2026-08-22T00:05:37.456817,daily,C,SHFE CU0 vs COMEX HG=F after USDCNY conversion
2025-09-09,spot_premium,1944.15,USD/ton,derived,,2026-08-22T00:05:37.456859,daily,C,SHFE CU0 vs COMEX HG=F after USDCNY conversion
2025-09-10,spot_premium,1856.98,USD/ton,derived,,2026-08-22T00:05:37.456900,daily,C,SHFE CU0 vs COMEX HG=F after USDCNY conversion
2025-09-11,spot_premium,1818.36,USD/ton,derived,,2026-08-22T00:05:37.456941,daily,C,SHFE CU0 vs COMEX HG=F after USDCNY conversion
2025-09-12,spot_premium,1961.33,USD/ton,derived,,2026-08-22T00:05:37.456982,daily,C,SHFE CU0 vs COMEX HG=F after USDCNY conversion
2025-09-15,spot_premium,1795.74,USD/ton,derived,,2026-08-22T00:05:37.457024,daily,C,SHFE CU0 vs COMEX HG=F after USDCNY conversion
2025-09-16,spot_premium,1836.4,USD/ton,derived,,2026-08-22T00:05:37.457075,daily,C,SHFE CU0 vs COMEX HG=F after USDCNY conversion
2025-09-17,spot_premium,1925.41,USD/ton,derived,,2026-08-22T00:05:37.457117,daily,C,SHFE CU0 vs COMEX HG=F after USDCNY conversion
2025-09-18,spot_premium,1845.54,USD/ton,derived,,2026-08-22T00:05:37.457159,daily,C,SHFE CU0 vs COMEX HG=F after USDCNY conversion
2025-09-19,spot_premium,1824.04,USD/ton,derived,,2026-08-22T00:05:37.457200,daily,C,SHFE CU0 vs COMEX HG=F after USDCNY conversion
2025-09-22,spot_premium,1861.41,USD/ton,derived,,2026-08-22T00:05:37.457242,daily,C,SHFE CU0 vs COMEX HG=F after USDCNY conversion
2025-09-23,spot_premium,1800.29,USD/ton,derived,,2026-08-22T00:05:37.457283,daily,C,SHFE CU0 vs COMEX HG=F after USDCNY conversion
2025-09-24,spot_premium,1435.88,USD/ton,derived,,2026-08-22T00:05:37.457324,daily,C,SHFE CU0 vs COMEX HG=F after USDCNY conversion
2025-09-25,spot_premium,1961.35,USD/ton,derived,,2026-08-22T00:05:37.457365,daily,C,SHFE CU0 vs COMEX HG=F after USDCNY conversion
2025-09-26,spot_premium,1891.42,USD/ton,derived,,2026-08-22T00:05:37.457406,daily,C,SHFE CU0 vs COMEX HG=F after USDCNY conversion
2025-09-29,spot_premium,1599.84,USD/ton,derived,,2026-08-22T00:05:37.457447,daily,C,SHFE CU0 vs COMEX HG=F after USDCNY conversion
2025-09-30,spot_premium,1789.46,USD/ton,derived,,2026-08-22T00:05:37.457488,daily,C,SHFE CU0 vs COMEX HG=F after USDCNY conversion
2025-10-09,spot_premium,1735.44,USD/ton,derived,,2026-08-22T00:05:37.457530,daily,C,SHFE CU0 vs COMEX HG=F after USDCNY conversion
2025-10-10,spot_premium,2110.73,USD/ton,derived,,2026-08-22T00:05:37.457571,daily,C,SHFE CU0 vs COMEX HG=F after USDCNY conversion
2025-10-13,spot_premium,1437.46,USD/ton,derived,,2026-08-22T00:05:37.457611,daily,C,SHFE CU0 vs COMEX HG=F after USDCNY conversion
2025-10-14,spot_premium,1596.23,USD/ton,derived,,2026-08-22T00:05:37.457652,daily,C,SHFE CU0 vs COMEX HG=F after USDCNY conversion
2025-10-15,spot_premium,1829.52,USD/ton,derived,,2026-08-22T00:05:37.457693,daily,C,SHFE CU0 vs COMEX HG=F after USDCNY conversion
2025-10-16,spot_premium,1744.17,USD/ton,derived,,2026-08-22T00:05:37.457734,daily,C,SHFE CU0 vs COMEX HG=F after USDCNY conversion
2025-10-17,spot_premium,1701.28,USD/ton,derived,,2026-08-22T00:05:37.457775,daily,C,SHFE CU0 vs COMEX HG=F after USDCNY conversion
2025-10-20,spot_premium,1702.18,USD/ton,derived,,2026-08-22T00:05:37.457816,daily,C,SHFE CU0 vs COMEX HG=F after USDCNY conversion
2025-10-21,spot_premium,1855.07,USD/ton,derived,,2026-08-22T00:05:37.457857,daily,C,SHFE CU0 vs COMEX HG=F after USDCNY conversion
2025-10-22,spot_premium,1789.71,USD/ton,derived,,2026-08-22T00:05:37.457898,daily,C,SHFE CU0 vs COMEX HG=F after USDCNY conversion
2025-10-23,spot_premium,1619.79,USD/ton,derived,,2026-08-22T00:05:37.457938,daily,C,SHFE CU0 vs COMEX HG=F after USDCNY conversion
2025-10-24,spot_premium,1840.27,USD/ton,derived,,2026-08-22T00:05:37.457978,daily,C,SHFE CU0 vs COMEX HG=F after USDCNY conversion
2025-10-27,spot_premium,1833.5,USD/ton,derived,,2026-08-22T00:05:37.458019,daily,C,SHFE CU0 vs COMEX HG=F after USDCNY conversion
2025-10-28,spot_premium,1626.4,USD/ton,derived,,2026-08-22T00:05:37.458070,daily,C,SHFE CU0 vs COMEX HG=F after USDCNY conversion
2025-10-29,spot_premium,1679.13,USD/ton,derived,,2026-08-22T00:05:37.458117,daily,C,SHFE CU0 vs COMEX HG=F after USDCNY conversion
2025-10-30,spot_premium,1910.2,USD/ton,derived,,2026-08-22T00:05:37.458158,daily,C,SHFE CU0 vs COMEX HG=F after USDCNY conversion
2025-10-31,spot_premium,1796.22,USD/ton,derived,,2026-08-22T00:05:37.458198,daily,C,SHFE CU0 vs COMEX HG=F after USDCNY conversion
2025-11-03,spot_premium,1880.21,USD/ton,derived,,2026-08-22T00:05:37.458239,daily,C,SHFE CU0 vs COMEX HG=F after USDCNY conversion
2025-11-04,spot_premium,1914.55,USD/ton,derived,,2026-08-22T00:05:37.458280,daily,C,SHFE CU0 vs COMEX HG=F after USDCNY conversion
2025-11-05,spot_premium,1822.55,USD/ton,derived,,2026-08-22T00:05:37.458321,daily,C,SHFE CU0 vs COMEX HG=F after USDCNY conversion
2025-11-06,spot_premium,1957.97,USD/ton,derived,,2026-08-22T00:05:37.458363,daily,C,SHFE CU0 vs COMEX HG=F after USDCNY conversion
2025-11-07,spot_premium,1917.89,USD/ton,derived,,2026-08-22T00:05:37.458405,daily,C,SHFE CU0 vs COMEX HG=F after USDCNY conversion
2025-11-10,spot_premium,1669.85,USD/ton,derived,,2026-08-22T00:05:37.458446,daily,C,SHFE CU0 vs COMEX HG=F after USDCNY conversion
2025-11-11,spot_premium,1777.08,USD/ton,derived,,2026-08-22T00:05:37.458487,daily,C,SHFE CU0 vs COMEX HG=F after USDCNY conversion
2025-11-12,spot_premium,1717.98,USD/ton,derived,,2026-08-22T00:05:37.458530,daily,C,SHFE CU0 vs COMEX HG=F after USDCNY conversion
2025-11-13,spot_premium,1828.17,USD/ton,derived,,2026-08-22T00:05:37.458570,daily,C,SHFE CU0 vs COMEX HG=F after USDCNY conversion
2025-11-14,spot_premium,1815.1,USD/ton,derived,,2026-08-22T00:05:37.458612,daily,C,SHFE CU0 vs COMEX HG=F after USDCNY conversion
2025-11-17,spot_premium,1857.19,USD/ton,derived,,2026-08-22T00:05:37.458653,daily,C,SHFE CU0 vs COMEX HG=F after USDCNY conversion
2025-11-18,spot_premium,1820.67,USD/ton,derived,,2026-08-22T00:05:37.458694,daily,C,SHFE CU0 vs COMEX HG=F after USDCNY conversion
2025-11-19,spot_premium,1788.89,USD/ton,derived,,2026-08-22T00:05:37.458735,daily,C,SHFE CU0 vs COMEX HG=F after USDCNY conversion
2025-11-20,spot_premium,1898.8,USD/ton,derived,,2026-08-22T00:05:37.458776,daily,C,SHFE CU0 vs COMEX HG=F after USDCNY conversion
2025-11-21,spot_premium,1720.74,USD/ton,derived,,2026-08-22T00:05:37.458817,daily,C,SHFE CU0 vs COMEX HG=F after USDCNY conversion
2025-11-24,spot_premium,1885.84,USD/ton,derived,,2026-08-22T00:05:37.458858,daily,C,SHFE CU0 vs COMEX HG=F after USDCNY conversion
2025-11-25,spot_premium,1880.64,USD/ton,derived,,2026-08-22T00:05:37.458899,daily,C,SHFE CU0 vs COMEX HG=F after USDCNY conversion
2025-11-26,spot_premium,1647.66,USD/ton,derived,,2026-08-22T00:05:37.458940,daily,C,SHFE CU0 vs COMEX HG=F after USDCNY conversion
2025-11-27,spot_premium,1707.26,USD/ton,derived,,2026-08-22T00:05:37.458981,daily,C,SHFE CU0 vs COMEX HG=F after USDCNY conversion
2025-11-28,spot_premium,1594.24,USD/ton,derived,,2026-08-22T00:05:37.459022,daily,C,SHFE CU0 vs COMEX HG=F after USDCNY conversion
2025-12-01,spot_premium,1796.02,USD/ton,derived,,2026-08-22T00:05:37.459073,daily,C,SHFE CU0 vs COMEX HG=F after USDCNY conversion
2025-12-02,spot_premium,1870.25,USD/ton,derived,,2026-08-22T00:05:37.459114,daily,C,SHFE CU0 vs COMEX HG=F after USDCNY conversion
2025-12-03,spot_premium,1589.38,USD/ton,derived,,2026-08-22T00:05:37.459155,daily,C,SHFE CU0 vs COMEX HG=F after USDCNY conversion
2025-12-04,spot_premium,1889.47,USD/ton,derived,,2026-08-22T00:05:37.459211,daily,C,SHFE CU0 vs COMEX HG=F after USDCNY conversion
2025-12-05,spot_premium,1958.14,USD/ton,derived,,2026-08-22T00:05:37.459253,daily,C,SHFE CU0 vs COMEX HG=F after USDCNY conversion
2025-12-08,spot_premium,2025.03,USD/ton,derived,,2026-08-22T00:05:37.459294,daily,C,SHFE CU0 vs COMEX HG=F after USDCNY conversion
2025-12-09,spot_premium,2018.3,USD/ton,derived,,2026-08-22T00:05:37.459335,daily,C,SHFE CU0 vs COMEX HG=F after USDCNY conversion
2025-12-10,spot_premium,2054.37,USD/ton,derived,,2026-08-22T00:05:37.459375,daily,C,SHFE CU0 vs COMEX HG=F after USDCNY conversion
2025-12-11,spot_premium,1788.9,USD/ton,derived,,2026-08-22T00:05:37.459416,daily,C,SHFE CU0 vs COMEX HG=F after USDCNY conversion
2025-12-12,spot_premium,2382.39,USD/ton,derived,,2026-08-22T00:05:37.459458,daily,C,SHFE CU0 vs COMEX HG=F after USDCNY conversion
2025-12-15,spot_premium,2010.83,USD/ton,derived,,2026-08-22T00:05:37.459498,daily,C,SHFE CU0 vs COMEX HG=F after USDCNY conversion
2025-12-16,spot_premium,2039.44,USD/ton,derived,,2026-08-22T00:05:37.459539,daily,C,SHFE CU0 vs COMEX HG=F after USDCNY conversion
2025-12-17,spot_premium,2004.88,USD/ton,derived,,2026-08-22T00:05:37.459580,daily,C,SHFE CU0 vs COMEX HG=F after USDCNY conversion
2025-12-18,spot_premium,1965.49,USD/ton,derived,,2026-08-22T00:05:37.459620,daily,C,SHFE CU0 vs COMEX HG=F after USDCNY conversion
2025-12-19,spot_premium,1890.97,USD/ton,derived,,2026-08-22T00:05:37.459661,daily,C,SHFE CU0 vs COMEX HG=F after USDCNY conversion
2025-12-22,spot_premium,2065.23,USD/ton,derived,,2026-08-22T00:05:37.459702,daily,C,SHFE CU0 vs COMEX HG=F after USDCNY conversion
2025-12-23,spot_premium,1922.24,USD/ton,derived,,2026-08-22T00:05:37.459743,daily,C,SHFE CU0 vs COMEX HG=F after USDCNY conversion
2025-12-24,spot_premium,2195.95,USD/ton,derived,,2026-08-22T00:05:37.459784,daily,C,SHFE CU0 vs COMEX HG=F after USDCNY conversion
2025-12-25,spot_premium,2212.34,USD/ton,derived,,2026-08-22T00:05:37.459824,daily,C,SHFE CU0 vs COMEX HG=F after USDCNY conversion
2025-12-26,spot_premium,1995.47,USD/ton,derived,,2026-08-22T00:05:37.459867,daily,C,SHFE CU0 vs COMEX HG=F after USDCNY conversion
2025-12-29,spot_premium,2624.8,USD/ton,derived,,2026-08-22T00:05:37.459908,daily,C,SHFE CU0 vs COMEX HG=F after USDCNY conversion
2025-12-30,spot_premium,1987.58,USD/ton,derived,,2026-08-22T00:05:37.459949,daily,C,SHFE CU0 vs COMEX HG=F after USDCNY conversion
2025-12-31,spot_premium,2224.88,USD/ton,derived,,2026-08-22T00:05:37.459989,daily,C,SHFE CU0 vs COMEX HG=F after USDCNY conversion
2026-01-05,spot_premium,2038.98,USD/ton,derived,,2026-08-22T00:05:37.460030,daily,C,SHFE CU0 vs COMEX HG=F after USDCNY conversion
2026-01-06,spot_premium,2440.88,USD/ton,derived,,2026-08-22T00:05:37.460082,daily,C,SHFE CU0 vs COMEX HG=F after USDCNY conversion
2026-01-07,spot_premium,2600.54,USD/ton,derived,,2026-08-22T00:05:37.460123,daily,C,SHFE CU0 vs COMEX HG=F after USDCNY conversion
2026-01-08,spot_premium,2412.04,USD/ton,derived,,2026-08-22T00:05:37.460165,daily,C,SHFE CU0 vs COMEX HG=F after USDCNY conversion
2026-01-09,spot_premium,2225.37,USD/ton,derived,,2026-08-22T00:05:37.460206,daily,C,SHFE CU0 vs COMEX HG=F after USDCNY conversion
2026-01-12,spot_premium,2297.45,USD/ton,derived,,2026-08-22T00:05:37.460247,daily,C,SHFE CU0 vs COMEX HG=F after USDCNY conversion
2026-01-13,spot_premium,2107.03,USD/ton,derived,,2026-08-22T00:05:37.460288,daily,C,SHFE CU0 vs COMEX HG=F after USDCNY conversion
2026-01-14,spot_premium,2265.4,USD/ton,derived,,2026-08-22T00:05:37.460329,daily,C,SHFE CU0 vs COMEX HG=F after USDCNY conversion
2026-01-15,spot_premium,2204.7,USD/ton,derived,,2026-08-22T00:05:37.460370,daily,C,SHFE CU0 vs COMEX HG=F after USDCNY conversion
2026-01-16,spot_premium,2252.4,USD/ton,derived,,2026-08-22T00:05:37.460411,daily,C,SHFE CU0 vs COMEX HG=F after USDCNY conversion
2026-01-19,spot_premium,2313.48,USD/ton,derived,,2026-08-22T00:05:37.460452,daily,C,SHFE CU0 vs COMEX HG=F after USDCNY conversion
2026-01-20,spot_premium,2355.11,USD/ton,derived,,2026-08-22T00:05:37.460493,daily,C,SHFE CU0 vs COMEX HG=F after USDCNY conversion
2026-01-21,spot_premium,2458.46,USD/ton,derived,,2026-08-22T00:05:37.460533,daily,C,SHFE CU0 vs COMEX HG=F after USDCNY conversion
2026-01-22,spot_premium,2343.38,USD/ton,derived,,2026-08-22T00:05:37.460574,daily,C,SHFE CU0 vs COMEX HG=F after USDCNY conversion
2026-01-23,spot_premium,2067.26,USD/ton,derived,,2026-08-22T00:05:37.460615,daily,C,SHFE CU0 vs COMEX HG=F after USDCNY conversion
2026-01-26,spot_premium,1986.77,USD/ton,derived,,2026-08-22T00:05:37.460656,daily,C,SHFE CU0 vs COMEX HG=F after USDCNY conversion
2026-01-27,spot_premium,2436.87,USD/ton,derived,,2026-08-22T00:05:37.460699,daily,C,SHFE CU0 vs COMEX HG=F after USDCNY conversion
2026-01-28,spot_premium,2364.31,USD/ton,derived,,2026-08-22T00:05:37.460739,daily,C,SHFE CU0 vs COMEX HG=F after USDCNY conversion
2026-01-29,spot_premium,2641.8,USD/ton,derived,,2026-08-22T00:05:37.460781,daily,C,SHFE CU0 vs COMEX HG=F after USDCNY conversion
2026-01-30,spot_premium,2446.76,USD/ton,derived,,2026-08-22T00:05:37.460822,daily,C,SHFE CU0 vs COMEX HG=F after USDCNY conversion
2026-02-02,spot_premium,1897.45,USD/ton,derived,,2026-08-22T00:05:37.460863,daily,C,SHFE CU0 vs COMEX HG=F after USDCNY conversion
2026-02-03,spot_premium,2204.07,USD/ton,derived,,2026-08-22T00:05:37.460903,daily,C,SHFE CU0 vs COMEX HG=F after USDCNY conversion
2026-02-04,spot_premium,2823.8,USD/ton,derived,,2026-08-22T00:05:37.460944,daily,C,SHFE CU0 vs COMEX HG=F after USDCNY conversion
2026-02-05,spot_premium,2260.54,USD/ton,derived,,2026-08-22T00:05:37.460985,daily,C,SHFE CU0 vs COMEX HG=F after USDCNY conversion
2026-02-06,spot_premium,1987.23,USD/ton,derived,,2026-08-22T00:05:37.461026,daily,C,SHFE CU0 vs COMEX HG=F after USDCNY conversion
2026-02-09,spot_premium,2066.79,USD/ton,derived,,2026-08-22T00:05:37.461076,daily,C,SHFE CU0 vs COMEX HG=F after USDCNY conversion
2026-02-10,spot_premium,2133.1,USD/ton,derived,,2026-08-22T00:05:37.461117,daily,C,SHFE CU0 vs COMEX HG=F after USDCNY conversion
2026-02-11,spot_premium,2108.63,USD/ton,derived,,2026-08-22T00:05:37.461158,daily,C,SHFE CU0 vs COMEX HG=F after USDCNY conversion
2026-02-12,spot_premium,2523.41,USD/ton,derived,,2026-08-22T00:05:37.461201,daily,C,SHFE CU0 vs COMEX HG=F after USDCNY conversion
2026-02-13,spot_premium,2222.72,USD/ton,derived,,2026-08-22T00:05:37.461243,daily,C,SHFE CU0 vs COMEX HG=F after USDCNY conversion
2026-02-24,spot_premium,2110.83,USD/ton,derived,,2026-08-22T00:05:37.461284,daily,C,SHFE CU0 vs COMEX HG=F after USDCNY conversion
2026-02-25,spot_premium,2147.18,USD/ton,derived,,2026-08-22T00:05:37.461325,daily,C,SHFE CU0 vs COMEX HG=F after USDCNY conversion
2026-02-26,spot_premium,2186.05,USD/ton,derived,,2026-08-22T00:05:37.461367,daily,C,SHFE CU0 vs COMEX HG=F after USDCNY conversion
2026-02-27,spot_premium,2245.52,USD/ton,derived,,2026-08-22T00:05:37.461407,daily,C,SHFE CU0 vs COMEX HG=F after USDCNY conversion
2026-03-02,spot_premium,2477.6,USD/ton,derived,,2026-08-22T00:05:37.461449,daily,C,SHFE CU0 vs COMEX HG=F after USDCNY conversion
2026-03-03,spot_premium,2483.63,USD/ton,derived,,2026-08-22T00:05:37.461490,daily,C,SHFE CU0 vs COMEX HG=F after USDCNY conversion
2026-03-04,spot_premium,2238.39,USD/ton,derived,,2026-08-22T00:05:37.461533,daily,C,SHFE CU0 vs COMEX HG=F after USDCNY conversion
2026-03-05,spot_premium,2376.85,USD/ton,derived,,2026-08-22T00:05:37.461575,daily,C,SHFE CU0 vs COMEX HG=F after USDCNY conversion
2026-03-06,spot_premium,2363.56,USD/ton,derived,,2026-08-22T00:05:37.461617,daily,C,SHFE CU0 vs COMEX HG=F after USDCNY conversion
2026-03-09,spot_premium,2139.53,USD/ton,derived,,2026-08-22T00:05:37.461659,daily,C,SHFE CU0 vs COMEX HG=F after USDCNY conversion
2026-03-10,spot_premium,2109.51,USD/ton,derived,,2026-08-22T00:05:37.461700,daily,C,SHFE CU0 vs COMEX HG=F after USDCNY conversion
2026-03-11,spot_premium,2183.35,USD/ton,derived,,2026-08-22T00:05:37.461741,daily,C,SHFE CU0 vs COMEX HG=F after USDCNY conversion
2026-03-12,spot_premium,2208.79,USD/ton,derived,,2026-08-22T00:05:37.461782,daily,C,SHFE CU0 vs COMEX HG=F after USDCNY conversion
2026-03-13,spot_premium,2347.0,USD/ton,derived,,2026-08-22T00:05:37.461824,daily,C,SHFE CU0 vs COMEX HG=F after USDCNY conversion
2026-03-16,spot_premium,2091.55,USD/ton,derived,,2026-08-22T00:05:37.461865,daily,C,SHFE CU0 vs COMEX HG=F after USDCNY conversion
2026-03-17,spot_premium,2176.03,USD/ton,derived,,2026-08-22T00:05:37.461906,daily,C,SHFE CU0 vs COMEX HG=F after USDCNY conversion
2026-03-18,spot_premium,2447.56,USD/ton,derived,,2026-08-22T00:05:37.461947,daily,C,SHFE CU0 vs COMEX HG=F after USDCNY conversion
2026-03-19,spot_premium,2090.05,USD/ton,derived,,2026-08-22T00:05:37.461987,daily,C,SHFE CU0 vs COMEX HG=F after USDCNY conversion
2026-03-20,spot_premium,2337.24,USD/ton,derived,,2026-08-22T00:05:37.462028,daily,C,SHFE CU0 vs COMEX HG=F after USDCNY conversion
2026-03-23,spot_premium,1730.06,USD/ton,derived,,2026-08-22T00:05:37.462079,daily,C,SHFE CU0 vs COMEX HG=F after USDCNY conversion
2026-03-24,spot_premium,2055.09,USD/ton,derived,,2026-08-22T00:05:37.462120,daily,C,SHFE CU0 vs COMEX HG=F after USDCNY conversion
2026-03-25,spot_premium,2052.72,USD/ton,derived,,2026-08-22T00:05:37.462161,daily,C,SHFE CU0 vs COMEX HG=F after USDCNY conversion
2026-03-26,spot_premium,2198.85,USD/ton,derived,,2026-08-22T00:05:37.462203,daily,C,SHFE CU0 vs COMEX HG=F after USDCNY conversion
2026-03-27,spot_premium,2240.07,USD/ton,derived,,2026-08-22T00:05:37.462244,daily,C,SHFE CU0 vs COMEX HG=F after USDCNY conversion
2026-03-30,spot_premium,2194.9,USD/ton,derived,,2026-08-22T00:05:37.462285,daily,C,SHFE CU0 vs COMEX HG=F after USDCNY conversion
2026-03-31,spot_premium,1886.5,USD/ton,derived,,2026-08-22T00:05:37.462326,daily,C,SHFE CU0 vs COMEX HG=F after USDCNY conversion
2026-04-01,spot_premium,2057.83,USD/ton,derived,,2026-08-22T00:05:37.462366,daily,C,SHFE CU0 vs COMEX HG=F after USDCNY conversion
2026-04-02,spot_premium,2020.97,USD/ton,derived,,2026-08-22T00:05:37.462407,daily,C,SHFE CU0 vs COMEX HG=F after USDCNY conversion
2026-04-03,spot_premium,2076.1,USD/ton,derived,,2026-08-22T00:05:37.462447,daily,C,SHFE CU0 vs COMEX HG=F after USDCNY conversion
2026-04-07,spot_premium,2163.07,USD/ton,derived,,2026-08-22T00:05:37.462488,daily,C,SHFE CU0 vs COMEX HG=F after USDCNY conversion
2026-04-08,spot_premium,1936.4,USD/ton,derived,,2026-08-22T00:05:37.462531,daily,C,SHFE CU0 vs COMEX HG=F after USDCNY conversion
2026-04-09,spot_premium,1900.67,USD/ton,derived,,2026-08-22T00:05:37.462573,daily,C,SHFE CU0 vs COMEX HG=F after USDCNY conversion
2026-04-10,spot_premium,1724.47,USD/ton,derived,,2026-08-22T00:05:37.462615,daily,C,SHFE CU0 vs COMEX HG=F after USDCNY conversion
2026-04-13,spot_premium,1666.2,USD/ton,derived,,2026-08-22T00:05:37.462656,daily,C,SHFE CU0 vs COMEX HG=F after USDCNY conversion
2026-04-14,spot_premium,1693.27,USD/ton,derived,,2026-08-22T00:05:37.462697,daily,C,SHFE CU0 vs COMEX HG=F after USDCNY conversion
2026-04-15,spot_premium,1824.06,USD/ton,derived,,2026-08-22T00:05:37.462738,daily,C,SHFE CU0 vs COMEX HG=F after USDCNY conversion
2026-04-16,spot_premium,1930.05,USD/ton,derived,,2026-08-22T00:05:37.462780,daily,C,SHFE CU0 vs COMEX HG=F after USDCNY conversion
2026-04-17,spot_premium,1790.37,USD/ton,derived,,2026-08-22T00:05:37.462821,daily,C,SHFE CU0 vs COMEX HG=F after USDCNY conversion
2026-04-20,spot_premium,1982.39,USD/ton,derived,,2026-08-22T00:05:37.462862,daily,C,SHFE CU0 vs COMEX HG=F after USDCNY conversion
2026-04-21,spot_premium,1986.93,USD/ton,derived,,2026-08-22T00:05:37.462903,daily,C,SHFE CU0 vs COMEX HG=F after USDCNY conversion
2026-04-22,spot_premium,1800.18,USD/ton,derived,,2026-08-22T00:05:37.462944,daily,C,SHFE CU0 vs COMEX HG=F after USDCNY conversion
2026-04-23,spot_premium,1919.14,USD/ton,derived,,2026-08-22T00:05:37.462985,daily,C,SHFE CU0 vs COMEX HG=F after USDCNY conversion
2026-04-24,spot_premium,1986.11,USD/ton,derived,,2026-08-22T00:05:37.463026,daily,C,SHFE CU0 vs COMEX HG=F after USDCNY conversion
2026-04-27,spot_premium,2048.89,USD/ton,derived,,2026-08-22T00:05:37.463079,daily,C,SHFE CU0 vs COMEX HG=F after USDCNY conversion
2026-04-28,spot_premium,2196.61,USD/ton,derived,,2026-08-22T00:05:37.463120,daily,C,SHFE CU0 vs COMEX HG=F after USDCNY conversion
2026-04-29,spot_premium,2182.11,USD/ton,derived,,2026-08-22T00:05:37.463171,daily,C,SHFE CU0 vs COMEX HG=F after USDCNY conversion
2026-04-30,spot_premium,1988.0,USD/ton,derived,,2026-08-22T00:05:37.463216,daily,C,SHFE CU0 vs COMEX HG=F after USDCNY conversion
2026-05-06,spot_premium,1766.78,USD/ton,derived,,2026-08-22T00:05:37.463257,daily,C,SHFE CU0 vs COMEX HG=F after USDCNY conversion
2026-05-07,spot_premium,1837.28,USD/ton,derived,,2026-08-22T00:05:37.463299,daily,C,SHFE CU0 vs COMEX HG=F after USDCNY conversion
2026-05-08,spot_premium,1800.36,USD/ton,derived,,2026-08-22T00:05:37.463341,daily,C,SHFE CU0 vs COMEX HG=F after USDCNY conversion
2026-05-11,spot_premium,1448.13,USD/ton,derived,,2026-08-22T00:05:37.463382,daily,C,SHFE CU0 vs COMEX HG=F after USDCNY conversion
2026-05-12,spot_premium,1572.09,USD/ton,derived,,2026-08-22T00:05:37.463423,daily,C,SHFE CU0 vs COMEX HG=F after USDCNY conversion
2026-05-13,spot_premium,1538.28,USD/ton,derived,,2026-08-22T00:05:37.463464,daily,C,SHFE CU0 vs COMEX HG=F after USDCNY conversion
2026-05-14,spot_premium,1425.96,USD/ton,derived,,2026-08-22T00:05:37.463505,daily,C,SHFE CU0 vs COMEX HG=F after USDCNY conversion
2026-05-15,spot_premium,1818.68,USD/ton,derived,,2026-08-22T00:05:37.463546,daily,C,SHFE CU0 vs COMEX HG=F after USDCNY conversion
2026-05-18,spot_premium,1716.87,USD/ton,derived,,2026-08-22T00:05:37.463588,daily,C,SHFE CU0 vs COMEX HG=F after USDCNY conversion
2026-05-19,spot_premium,1982.56,USD/ton,derived,,2026-08-22T00:05:37.463629,daily,C,SHFE CU0 vs COMEX HG=F after USDCNY conversion
2026-05-20,spot_premium,1623.94,USD/ton,derived,,2026-08-22T00:05:37.463669,daily,C,SHFE CU0 vs COMEX HG=F after USDCNY conversion
2026-05-21,spot_premium,1706.73,USD/ton,derived,,2026-08-22T00:05:37.463713,daily,C,SHFE CU0 vs COMEX HG=F after USDCNY conversion
2026-05-22,spot_premium,1643.0,USD/ton,derived,,2026-08-22T00:05:37.463754,daily,C,SHFE CU0 vs COMEX HG=F after USDCNY conversion
2026-05-25,spot_premium,1759.22,USD/ton,derived,,2026-08-22T00:05:37.463796,daily,C,SHFE CU0 vs COMEX HG=F after USDCNY conversion
2026-05-26,spot_premium,1614.52,USD/ton,derived,,2026-08-22T00:05:37.463837,daily,C,SHFE CU0 vs COMEX HG=F after USDCNY conversion
2026-05-27,spot_premium,1696.27,USD/ton,derived,,2026-08-22T00:05:37.463878,daily,C,SHFE CU0 vs COMEX HG=F after USDCNY conversion
2026-05-28,spot_premium,1416.68,USD/ton,derived,,2026-08-22T00:05:37.463919,daily,C,SHFE CU0 vs COMEX HG=F after USDCNY conversion
2026-05-29,spot_premium,1623.79,USD/ton,derived,,2026-08-22T00:05:37.463961,daily,C,SHFE CU0 vs COMEX HG=F after USDCNY conversion
2026-06-01,spot_premium,1213.45,USD/ton,derived,,2026-08-22T00:05:37.464002,daily,C,SHFE CU0 vs COMEX HG=F after USDCNY conversion
2026-06-02,spot_premium,1225.82,USD/ton,derived,,2026-08-22T00:05:37.464051,daily,C,SHFE CU0 vs COMEX HG=F after USDCNY conversion
2026-06-03,spot_premium,1561.54,USD/ton,derived,,2026-08-22T00:05:37.464094,daily,C,SHFE CU0 vs COMEX HG=F after USDCNY conversion
2026-06-04,spot_premium,1312.14,USD/ton,derived,,2026-08-22T00:05:37.464136,daily,C,SHFE CU0 vs COMEX HG=F after USDCNY conversion
2026-06-05,spot_premium,1857.78,USD/ton,derived,,2026-08-22T00:05:37.464177,daily,C,SHFE CU0 vs COMEX HG=F after USDCNY conversion
2026-06-08,spot_premium,1558.82,USD/ton,derived,,2026-08-22T00:05:37.464218,daily,C,SHFE CU0 vs COMEX HG=F after USDCNY conversion
2026-06-09,spot_premium,1697.31,USD/ton,derived,,2026-08-22T00:05:37.464258,daily,C,SHFE CU0 vs COMEX HG=F after USDCNY conversion
2026-06-10,spot_premium,1734.8,USD/ton,derived,,2026-08-22T00:05:37.464299,daily,C,SHFE CU0 vs COMEX HG=F after USDCNY conversion
2026-06-11,spot_premium,1571.21,USD/ton,derived,,2026-08-22T00:05:37.464340,daily,C,SHFE CU0 vs COMEX HG=F after USDCNY conversion
2026-06-12,spot_premium,1416.61,USD/ton,derived,,2026-08-22T00:05:37.464381,daily,C,SHFE CU0 vs COMEX HG=F after USDCNY conversion
2026-06-15,spot_premium,1440.53,USD/ton,derived,,2026-08-22T00:05:37.464422,daily,C,SHFE CU0 vs COMEX HG=F after USDCNY conversion
2026-06-16,spot_premium,1280.19,USD/ton,derived,,2026-08-22T00:05:37.464463,daily,C,SHFE CU0 vs COMEX HG=F after USDCNY conversion
2026-06-17,spot_premium,1424.85,USD/ton,derived,,2026-08-22T00:05:37.464505,daily,C,SHFE CU0 vs COMEX HG=F after USDCNY conversion
2026-06-18,spot_premium,1569.86,USD/ton,derived,,2026-08-22T00:05:37.464546,daily,C,SHFE CU0 vs COMEX HG=F after USDCNY conversion
2026-06-22,spot_premium,1630.41,USD/ton,derived,,2026-08-22T00:05:37.464587,daily,C,SHFE CU0 vs COMEX HG=F after USDCNY conversion
2026-06-23,spot_premium,1893.93,USD/ton,derived,,2026-08-22T00:05:37.464629,daily,C,SHFE CU0 vs COMEX HG=F after USDCNY conversion
2026-06-24,spot_premium,2325.98,USD/ton,derived,,2026-08-22T00:05:37.464670,daily,C,SHFE CU0 vs COMEX HG=F after USDCNY conversion
2026-06-25,spot_premium,1697.74,USD/ton,derived,,2026-08-22T00:05:37.464711,daily,C,SHFE CU0 vs COMEX HG=F after USDCNY conversion
2026-06-26,spot_premium,1591.87,USD/ton,derived,,2026-08-22T00:05:37.464752,daily,C,SHFE CU0 vs COMEX HG=F after USDCNY conversion
2026-06-29,spot_premium,1927.26,USD/ton,derived,,2026-08-22T00:05:37.464794,daily,C,SHFE CU0 vs COMEX HG=F after USDCNY conversion
2026-06-30,spot_premium,1737.19,USD/ton,derived,,2026-08-22T00:05:37.464835,daily,C,SHFE CU0 vs COMEX HG=F after USDCNY conversion
2026-07-01,spot_premium,1685.19,USD/ton,derived,,2026-08-22T00:05:37.464876,daily,C,SHFE CU0 vs COMEX HG=F after USDCNY conversion
2026-07-02,spot_premium,1709.5,USD/ton,derived,,2026-08-22T00:05:37.464917,daily,C,SHFE CU0 vs COMEX HG=F after USDCNY conversion
2026-07-03,spot_premium,1862.96,USD/ton,derived,,2026-08-22T00:05:37.464959,daily,C,SHFE CU0 vs COMEX HG=F after USDCNY conversion
2026-07-06,spot_premium,1719.99,USD/ton,derived,,2026-08-22T00:05:37.465000,daily,C,SHFE CU0 vs COMEX HG=F after USDCNY conversion
2026-07-07,spot_premium,1735.81,USD/ton,derived,,2026-08-22T00:05:37.465051,daily,C,SHFE CU0 vs COMEX HG=F after USDCNY conversion
2026-07-08,spot_premium,1975.87,USD/ton,derived,,2026-08-22T00:05:37.465094,daily,C,SHFE CU0 vs COMEX HG=F after USDCNY conversion
2026-07-09,spot_premium,1668.22,USD/ton,derived,,2026-08-22T00:05:37.465136,daily,C,SHFE CU0 vs COMEX HG=F after USDCNY conversion
2026-07-10,spot_premium,1709.38,USD/ton,derived,,2026-08-22T00:05:37.465177,daily,C,SHFE CU0 vs COMEX HG=F after USDCNY conversion
2026-07-13,spot_premium,1613.63,USD/ton,derived,,2026-08-22T00:05:37.465218,daily,C,SHFE CU0 vs COMEX HG=F after USDCNY conversion
2026-07-14,spot_premium,1590.49,USD/ton,derived,,2026-08-22T00:05:37.465259,daily,C,SHFE CU0 vs COMEX HG=F after USDCNY conversion
2026-07-15,spot_premium,1641.16,USD/ton,derived,,2026-08-22T00:05:37.465301,daily,C,SHFE CU0 vs COMEX HG=F after USDCNY conversion
2026-07-16,spot_premium,1666.94,USD/ton,derived,,2026-08-22T00:05:37.465342,daily,C,SHFE CU0 vs COMEX HG=F after USDCNY conversion
2026-07-17,spot_premium,1688.48,USD/ton,derived,,2026-08-22T00:05:37.465383,daily,C,SHFE CU0 vs COMEX HG=F after USDCNY conversion
2026-07-20,spot_premium,1576.89,USD/ton,derived,,2026-08-22T00:05:37.465424,daily,C,SHFE CU0 vs COMEX HG=F after USDCNY conversion
2026-07-21,spot_premium,1358.33,USD/ton,derived,,2026-08-22T00:05:37.465465,daily,C,SHFE CU0 vs COMEX HG=F after USDCNY conversion
2026-07-22,spot_premium,1544.24,USD/ton,derived,,2026-08-22T00:05:37.465506,daily,C,SHFE CU0 vs COMEX HG=F after USDCNY conversion
2026-07-23,spot_premium,1876.55,USD/ton,derived,,2026-08-22T00:05:37.465547,daily,C,SHFE CU0 vs COMEX HG=F after USDCNY conversion
2026-07-24,spot_premium,1673.63,USD/ton,derived,,2026-08-22T00:05:37.465587,daily,C,SHFE CU0 vs COMEX HG=F after USDCNY conversion
2026-07-27,spot_premium,1676.44,USD/ton,derived,,2026-08-22T00:05:37.465629,daily,C,SHFE CU0 vs COMEX HG=F after USDCNY conversion
2026-07-28,spot_premium,1678.16,USD/ton,derived,,2026-08-22T00:05:37.465670,daily,C,SHFE CU0 vs COMEX HG=F after USDCNY conversion
2026-07-29,spot_premium,1797.0,USD/ton,derived,,2026-08-22T00:05:37.465711,daily,C,SHFE CU0 vs COMEX HG=F after USDCNY conversion
2026-07-30,spot_premium,1390.21,USD/ton,derived,,2026-08-22T00:05:37.465752,daily,C,SHFE CU0 vs COMEX HG=F after USDCNY conversion
2026-07-31,spot_premium,1523.67,USD/ton,derived,,2026-08-22T00:05:37.465793,daily,C,SHFE CU0 vs COMEX HG=F after USDCNY conversion
2026-08-03,spot_premium,1450.05,USD/ton,derived,,2026-08-22T00:05:37.465834,daily,C,SHFE CU0 vs COMEX HG=F after USDCNY conversion
2026-08-04,spot_premium,1298.63,USD/ton,derived,,2026-08-22T00:05:37.465875,daily,C,SHFE CU0 vs COMEX HG=F after USDCNY conversion
2026-08-05,spot_premium,1215.14,USD/ton,derived,,2026-08-22T00:05:37.465916,daily,C,SHFE CU0 vs COMEX HG=F after USDCNY conversion
2026-08-06,spot_premium,1248.93,USD/ton,derived,,2026-08-22T00:05:37.465957,daily,C,SHFE CU0 vs COMEX HG=F after USDCNY conversion
2026-08-07,spot_premium,1665.19,USD/ton,derived,,2026-08-22T00:05:37.465997,daily,C,SHFE CU0 vs COMEX HG=F after USDCNY conversion
2026-08-10,spot_premium,1530.33,USD/ton,derived,,2026-08-22T00:05:37.466049,daily,C,SHFE CU0 vs COMEX HG=F after USDCNY conversion
2026-08-11,spot_premium,1506.65,USD/ton,derived,,2026-08-22T00:05:37.466094,daily,C,SHFE CU0 vs COMEX HG=F after USDCNY conversion
2026-08-12,spot_premium,1605.27,USD/ton,derived,,2026-08-22T00:05:37.466136,daily,C,SHFE CU0 vs COMEX HG=F after USDCNY conversion
2026-08-13,spot_premium,1469.18,USD/ton,derived,,2026-08-22T00:05:37.466177,daily,C,SHFE CU0 vs COMEX HG=F after USDCNY conversion
2026-08-14,spot_premium,1495.47,USD/ton,derived,,2026-08-22T00:05:37.466219,daily,C,SHFE CU0 vs COMEX HG=F after USDCNY conversion
2026-08-17,spot_premium,1761.18,USD/ton,derived,,2026-08-22T00:05:37.466261,daily,C,SHFE CU0 vs COMEX HG=F after USDCNY conversion
2026-08-18,spot_premium,1789.17,USD/ton,derived,,2026-08-22T00:05:37.466302,daily,C,SHFE CU0 vs COMEX HG=F after USDCNY conversion
2026-08-19,spot_premium,1617.23,USD/ton,derived,,2026-08-22T00:05:37.466344,daily,C,SHFE CU0 vs COMEX HG=F after USDCNY conversion
2026-08-20,spot_premium,1730.01,USD/ton,derived,,2026-08-22T00:05:37.466385,daily,C,SHFE CU0 vs COMEX HG=F after USDCNY conversion
2026-08-21,spot_premium,1513.13,USD/ton,derived,,2026-08-22T00:05:37.466425,daily,C,SHFE CU0 vs COMEX HG=F after USDCNY conversion
2025-12-01,tc_rc,21.25,USD/ton,Antofagasta-Jiangxi,https://www.mining.com/,2026-08-22T00:05:37.469681,monthly,B,2025 annual TC/RC benchmark
2026-01-01,tc_rc,0.0,USD/ton,Antofagasta-Jiangxi,https://www.mining.com/,2026-08-22T00:05:37.469688,monthly,B,2026 annual TC/RC benchmark settlement
2026-05-01,tc_rc,-119.3,USD/ton,Argus,https://www.argusmedia.com/,2026-06-29T16:20:45.533274,monthly,B,
2026-06-01,tc_rc,-126.8,USD/ton,Argus,https://www.argusmedia.com/,2026-06-29T16:20:45.533274,monthly,B,
2026-05-01,tc_rc_spot,-119.3,USD/ton,Argus,https://www.argusmedia.com/,2026-08-22T00:05:37.469694,monthly,B,Spot TC CIF Asia approx late May 2026
2026-06-01,tc_rc_spot,-126.8,USD/ton,Argus,https://www.argusmedia.com/,2026-08-22T00:05:37.469702,monthly,B,Spot TC CIF Asia late June 2026
2025-05-27,term_structure,backwardation,label,derived,,2026-07-01T10:03:05.457335,daily,C,
2025-05-28,term_structure,backwardation,label,derived,,2026-07-02T02:41:23.858441,daily,C,
2025-05-29,term_structure,backwardation,label,derived,,2026-07-03T00:05:23.851977,daily,C,
2025-05-30,term_structure,backwardation,label,derived,,2026-07-04T00:03:59.811439,daily,C,
2025-06-03,term_structure,backwardation,label,derived,,2026-07-08T00:02:07.507462,daily,C,
2025-06-04,term_structure,backwardation,label,derived,,2026-07-09T00:04:17.162421,daily,C,
2025-06-05,term_structure,backwardation,label,derived,,2026-07-10T00:03:24.956554,daily,C,
2025-06-06,term_structure,backwardation,label,derived,,2026-07-11T00:04:46.353036,daily,C,
2025-06-09,term_structure,backwardation,label,derived,,2026-07-14T00:02:42.802686,daily,C,
2025-06-10,term_structure,backwardation,label,derived,,2026-07-15T00:04:53.827262,daily,C,
2025-06-11,term_structure,backwardation,label,derived,,2026-07-16T00:03:03.880794,daily,C,
2025-06-12,term_structure,backwardation,label,derived,,2026-07-17T09:02:26.450680,daily,C,
2025-06-13,term_structure,backwardation,label,derived,,2026-07-18T00:02:55.989005,daily,C,
2025-06-16,term_structure,backwardation,label,derived,,2026-07-21T00:04:14.827012,daily,C,
2025-06-17,term_structure,backwardation,label,derived,,2026-07-22T00:04:44.852649,daily,C,
2025-06-18,term_structure,backwardation,label,derived,,2026-07-23T00:06:43.949206,daily,C,
2025-06-19,term_structure,backwardation,label,derived,,2026-07-23T00:06:43.949210,daily,C,
2025-06-20,term_structure,backwardation,label,derived,,2026-07-25T00:02:49.127802,daily,C,
2025-06-23,term_structure,backwardation,label,derived,,2026-07-28T00:02:50.994527,daily,C,
2025-06-24,term_structure,backwardation,label,derived,,2026-07-29T00:04:06.777252,daily,C,
2025-06-25,term_structure,backwardation,label,derived,,2026-07-30T00:05:36.783409,daily,C,
2025-06-26,term_structure,backwardation,label,derived,,2026-07-31T00:05:13.030043,daily,C,
2025-06-27,term_structure,backwardation,label,derived,,2026-08-01T00:06:55.661559,daily,C,
2025-06-30,term_structure,backwardation,label,derived,,2026-08-04T00:02:54.156042,daily,C,
2025-07-01,term_structure,backwardation,label,derived,,2026-08-05T00:04:40.272105,daily,C,
2025-07-02,term_structure,backwardation,label,derived,,2026-08-06T09:08:11.170298,daily,C,
2025-07-03,term_structure,backwardation,label,derived,,2026-08-07T00:05:20.460518,daily,C,
2025-07-04,term_structure,backwardation,label,derived,,2026-08-07T00:05:20.460522,daily,C,
2025-07-07,term_structure,backwardation,label,derived,,2026-08-11T00:07:00.405128,daily,C,
2025-07-08,term_structure,contango,label,derived,,2026-08-12T00:01:14.189463,daily,C,
2025-07-09,term_structure,contango,label,derived,,2026-08-13T00:01:57.216504,daily,C,
2025-07-10,term_structure,contango,label,derived,,2026-08-14T00:03:11.884086,daily,C,
2025-07-11,term_structure,contango,label,derived,,2026-08-15T00:03:31.886371,daily,C,
2025-07-14,term_structure,contango,label,derived,,2026-08-17T00:05:46.084896,daily,C,
2025-07-15,term_structure,contango,label,derived,,2026-08-19T00:05:38.544242,daily,C,
2025-07-16,term_structure,contango,label,derived,,2026-08-20T00:03:08.292897,daily,C,
2025-07-17,term_structure,contango,label,derived,,2026-08-21T00:03:31.955275,daily,C,
2025-07-18,term_structure,contango,label,derived,,2026-08-22T00:05:37.466780,daily,C,Inferred from SHFE-LME premium sign
2025-07-21,term_structure,contango,label,derived,,2026-08-22T00:05:37.466783,daily,C,Inferred from SHFE-LME premium sign
2025-07-22,term_structure,contango,label,derived,,2026-08-22T00:05:37.466785,daily,C,Inferred from SHFE-LME premium sign
2025-07-23,term_structure,contango,label,derived,,2026-08-22T00:05:37.466786,daily,C,Inferred from SHFE-LME premium sign
2025-07-24,term_structure,contango,label,derived,,2026-08-22T00:05:37.466787,daily,C,Inferred from SHFE-LME premium sign
2025-07-25,term_structure,contango,label,derived,,2026-08-22T00:05:37.466789,daily,C,Inferred from SHFE-LME premium sign
2025-07-28,term_structure,contango,label,derived,,2026-08-22T00:05:37.466790,daily,C,Inferred from SHFE-LME premium sign
2025-07-29,term_structure,contango,label,derived,,2026-08-22T00:05:37.466791,daily,C,Inferred from SHFE-LME premium sign
2025-07-30,term_structure,contango,label,derived,,2026-08-22T00:05:37.466793,daily,C,Inferred from SHFE-LME premium sign
2025-07-31,term_structure,backwardation,label,derived,,2026-08-22T00:05:37.466794,daily,C,Inferred from SHFE-LME premium sign
2025-08-01,term_structure,backwardation,label,derived,,2026-08-22T00:05:37.466795,daily,C,Inferred from SHFE-LME premium sign
2025-08-04,term_structure,backwardation,label,derived,,2026-08-22T00:05:37.466796,daily,C,Inferred from SHFE-LME premium sign
2025-08-05,term_structure,backwardation,label,derived,,2026-08-22T00:05:37.466798,daily,C,Inferred from SHFE-LME premium sign
2025-08-06,term_structure,backwardation,label,derived,,2026-08-22T00:05:37.466799,daily,C,Inferred from SHFE-LME premium sign
2025-08-07,term_structure,backwardation,label,derived,,2026-08-22T00:05:37.466800,daily,C,Inferred from SHFE-LME premium sign
2025-08-08,term_structure,backwardation,label,derived,,2026-08-22T00:05:37.466801,daily,C,Inferred from SHFE-LME premium sign
2025-08-11,term_structure,backwardation,label,derived,,2026-08-22T00:05:37.466802,daily,C,Inferred from SHFE-LME premium sign
2025-08-12,term_structure,backwardation,label,derived,,2026-08-22T00:05:37.466803,daily,C,Inferred from SHFE-LME premium sign
2025-08-13,term_structure,backwardation,label,derived,,2026-08-22T00:05:37.466804,daily,C,Inferred from SHFE-LME premium sign
2025-08-14,term_structure,backwardation,label,derived,,2026-08-22T00:05:37.466806,daily,C,Inferred from SHFE-LME premium sign
2025-08-15,term_structure,backwardation,label,derived,,2026-08-22T00:05:37.466807,daily,C,Inferred from SHFE-LME premium sign
2025-08-18,term_structure,backwardation,label,derived,,2026-08-22T00:05:37.466808,daily,C,Inferred from SHFE-LME premium sign
2025-08-19,term_structure,backwardation,label,derived,,2026-08-22T00:05:37.466809,daily,C,Inferred from SHFE-LME premium sign
2025-08-20,term_structure,backwardation,label,derived,,2026-08-22T00:05:37.466810,daily,C,Inferred from SHFE-LME premium sign
2025-08-21,term_structure,backwardation,label,derived,,2026-08-22T00:05:37.466812,daily,C,Inferred from SHFE-LME premium sign
2025-08-22,term_structure,backwardation,label,derived,,2026-08-22T00:05:37.466813,daily,C,Inferred from SHFE-LME premium sign
2025-08-25,term_structure,backwardation,label,derived,,2026-08-22T00:05:37.466814,daily,C,Inferred from SHFE-LME premium sign
2025-08-26,term_structure,backwardation,label,derived,,2026-08-22T00:05:37.466815,daily,C,Inferred from SHFE-LME premium sign
2025-08-27,term_structure,backwardation,label,derived,,2026-08-22T00:05:37.466816,daily,C,Inferred from SHFE-LME premium sign
2025-08-28,term_structure,backwardation,label,derived,,2026-08-22T00:05:37.466817,daily,C,Inferred from SHFE-LME premium sign
2025-08-29,term_structure,backwardation,label,derived,,2026-08-22T00:05:37.466818,daily,C,Inferred from SHFE-LME premium sign
2025-09-01,term_structure,backwardation,label,derived,,2026-08-22T00:05:37.466820,daily,C,Inferred from SHFE-LME premium sign
2025-09-02,term_structure,backwardation,label,derived,,2026-08-22T00:05:37.466821,daily,C,Inferred from SHFE-LME premium sign
2025-09-03,term_structure,backwardation,label,derived,,2026-08-22T00:05:37.466822,daily,C,Inferred from SHFE-LME premium sign
2025-09-04,term_structure,backwardation,label,derived,,2026-08-22T00:05:37.466823,daily,C,Inferred from SHFE-LME premium sign
2025-09-05,term_structure,backwardation,label,derived,,2026-08-22T00:05:37.466824,daily,C,Inferred from SHFE-LME premium sign
2025-09-08,term_structure,backwardation,label,derived,,2026-08-22T00:05:37.466825,daily,C,Inferred from SHFE-LME premium sign
2025-09-09,term_structure,backwardation,label,derived,,2026-08-22T00:05:37.466826,daily,C,Inferred from SHFE-LME premium sign
2025-09-10,term_structure,backwardation,label,derived,,2026-08-22T00:05:37.466827,daily,C,Inferred from SHFE-LME premium sign
2025-09-11,term_structure,backwardation,label,derived,,2026-08-22T00:05:37.466829,daily,C,Inferred from SHFE-LME premium sign
2025-09-12,term_structure,backwardation,label,derived,,2026-08-22T00:05:37.466830,daily,C,Inferred from SHFE-LME premium sign
2025-09-15,term_structure,backwardation,label,derived,,2026-08-22T00:05:37.466831,daily,C,Inferred from SHFE-LME premium sign
2025-09-16,term_structure,backwardation,label,derived,,2026-08-22T00:05:37.466832,daily,C,Inferred from SHFE-LME premium sign
2025-09-17,term_structure,backwardation,label,derived,,2026-08-22T00:05:37.466833,daily,C,Inferred from SHFE-LME premium sign
2025-09-18,term_structure,backwardation,label,derived,,2026-08-22T00:05:37.466834,daily,C,Inferred from SHFE-LME premium sign
2025-09-19,term_structure,backwardation,label,derived,,2026-08-22T00:05:37.466835,daily,C,Inferred from SHFE-LME premium sign
2025-09-22,term_structure,backwardation,label,derived,,2026-08-22T00:05:37.466836,daily,C,Inferred from SHFE-LME premium sign
2025-09-23,term_structure,backwardation,label,derived,,2026-08-22T00:05:37.466838,daily,C,Inferred from SHFE-LME premium sign
2025-09-24,term_structure,backwardation,label,derived,,2026-08-22T00:05:37.466839,daily,C,Inferred from SHFE-LME premium sign
2025-09-25,term_structure,backwardation,label,derived,,2026-08-22T00:05:37.466840,daily,C,Inferred from SHFE-LME premium sign
2025-09-26,term_structure,backwardation,label,derived,,2026-08-22T00:05:37.466841,daily,C,Inferred from SHFE-LME premium sign
2025-09-29,term_structure,backwardation,label,derived,,2026-08-22T00:05:37.466842,daily,C,Inferred from SHFE-LME premium sign
2025-09-30,term_structure,backwardation,label,derived,,2026-08-22T00:05:37.466843,daily,C,Inferred from SHFE-LME premium sign
2025-10-09,term_structure,backwardation,label,derived,,2026-08-22T00:05:37.466845,daily,C,Inferred from SHFE-LME premium sign
2025-10-10,term_structure,backwardation,label,derived,,2026-08-22T00:05:37.466846,daily,C,Inferred from SHFE-LME premium sign
2025-10-13,term_structure,backwardation,label,derived,,2026-08-22T00:05:37.466847,daily,C,Inferred from SHFE-LME premium sign
2025-10-14,term_structure,backwardation,label,derived,,2026-08-22T00:05:37.466849,daily,C,Inferred from SHFE-LME premium sign
2025-10-15,term_structure,backwardation,label,derived,,2026-08-22T00:05:37.466850,daily,C,Inferred from SHFE-LME premium sign
2025-10-16,term_structure,backwardation,label,derived,,2026-08-22T00:05:37.466851,daily,C,Inferred from SHFE-LME premium sign
2025-10-17,term_structure,backwardation,label,derived,,2026-08-22T00:05:37.466852,daily,C,Inferred from SHFE-LME premium sign
2025-10-20,term_structure,backwardation,label,derived,,2026-08-22T00:05:37.466854,daily,C,Inferred from SHFE-LME premium sign
2025-10-21,term_structure,backwardation,label,derived,,2026-08-22T00:05:37.466855,daily,C,Inferred from SHFE-LME premium sign
2025-10-22,term_structure,backwardation,label,derived,,2026-08-22T00:05:37.466856,daily,C,Inferred from SHFE-LME premium sign
2025-10-23,term_structure,backwardation,label,derived,,2026-08-22T00:05:37.466857,daily,C,Inferred from SHFE-LME premium sign
2025-10-24,term_structure,backwardation,label,derived,,2026-08-22T00:05:37.466858,daily,C,Inferred from SHFE-LME premium sign
2025-10-27,term_structure,backwardation,label,derived,,2026-08-22T00:05:37.466859,daily,C,Inferred from SHFE-LME premium sign
2025-10-28,term_structure,backwardation,label,derived,,2026-08-22T00:05:37.466860,daily,C,Inferred from SHFE-LME premium sign
2025-10-29,term_structure,backwardation,label,derived,,2026-08-22T00:05:37.466862,daily,C,Inferred from SHFE-LME premium sign
2025-10-30,term_structure,backwardation,label,derived,,2026-08-22T00:05:37.466863,daily,C,Inferred from SHFE-LME premium sign
2025-10-31,term_structure,backwardation,label,derived,,2026-08-22T00:05:37.466864,daily,C,Inferred from SHFE-LME premium sign
2025-11-03,term_structure,backwardation,label,derived,,2026-08-22T00:05:37.466865,daily,C,Inferred from SHFE-LME premium sign
2025-11-04,term_structure,backwardation,label,derived,,2026-08-22T00:05:37.466866,daily,C,Inferred from SHFE-LME premium sign
2025-11-05,term_structure,backwardation,label,derived,,2026-08-22T00:05:37.466868,daily,C,Inferred from SHFE-LME premium sign
2025-11-06,term_structure,backwardation,label,derived,,2026-08-22T00:05:37.466869,daily,C,Inferred from SHFE-LME premium sign
2025-11-07,term_structure,backwardation,label,derived,,2026-08-22T00:05:37.466870,daily,C,Inferred from SHFE-LME premium sign
2025-11-10,term_structure,backwardation,label,derived,,2026-08-22T00:05:37.466871,daily,C,Inferred from SHFE-LME premium sign
2025-11-11,term_structure,backwardation,label,derived,,2026-08-22T00:05:37.466872,daily,C,Inferred from SHFE-LME premium sign
2025-11-12,term_structure,backwardation,label,derived,,2026-08-22T00:05:37.466873,daily,C,Inferred from SHFE-LME premium sign
2025-11-13,term_structure,backwardation,label,derived,,2026-08-22T00:05:37.466875,daily,C,Inferred from SHFE-LME premium sign
2025-11-14,term_structure,backwardation,label,derived,,2026-08-22T00:05:37.466876,daily,C,Inferred from SHFE-LME premium sign
2025-11-17,term_structure,backwardation,label,derived,,2026-08-22T00:05:37.466877,daily,C,Inferred from SHFE-LME premium sign
2025-11-18,term_structure,backwardation,label,derived,,2026-08-22T00:05:37.466878,daily,C,Inferred from SHFE-LME premium sign
2025-11-19,term_structure,backwardation,label,derived,,2026-08-22T00:05:37.466879,daily,C,Inferred from SHFE-LME premium sign
2025-11-20,term_structure,backwardation,label,derived,,2026-08-22T00:05:37.466880,daily,C,Inferred from SHFE-LME premium sign
2025-11-21,term_structure,backwardation,label,derived,,2026-08-22T00:05:37.466881,daily,C,Inferred from SHFE-LME premium sign
2025-11-24,term_structure,backwardation,label,derived,,2026-08-22T00:05:37.466882,daily,C,Inferred from SHFE-LME premium sign
2025-11-25,term_structure,backwardation,label,derived,,2026-08-22T00:05:37.466884,daily,C,Inferred from SHFE-LME premium sign
2025-11-26,term_structure,backwardation,label,derived,,2026-08-22T00:05:37.466885,daily,C,Inferred from SHFE-LME premium sign
2025-11-27,term_structure,backwardation,label,derived,,2026-08-22T00:05:37.466886,daily,C,Inferred from SHFE-LME premium sign
2025-11-28,term_structure,backwardation,label,derived,,2026-08-22T00:05:37.466887,daily,C,Inferred from SHFE-LME premium sign
2025-12-01,term_structure,backwardation,label,derived,,2026-08-22T00:05:37.466888,daily,C,Inferred from SHFE-LME premium sign
2025-12-02,term_structure,backwardation,label,derived,,2026-08-22T00:05:37.466889,daily,C,Inferred from SHFE-LME premium sign
2025-12-03,term_structure,backwardation,label,derived,,2026-08-22T00:05:37.466890,daily,C,Inferred from SHFE-LME premium sign
2025-12-04,term_structure,backwardation,label,derived,,2026-08-22T00:05:37.466892,daily,C,Inferred from SHFE-LME premium sign
2025-12-05,term_structure,backwardation,label,derived,,2026-08-22T00:05:37.466893,daily,C,Inferred from SHFE-LME premium sign
2025-12-08,term_structure,backwardation,label,derived,,2026-08-22T00:05:37.466895,daily,C,Inferred from SHFE-LME premium sign
2025-12-09,term_structure,backwardation,label,derived,,2026-08-22T00:05:37.466896,daily,C,Inferred from SHFE-LME premium sign
2025-12-10,term_structure,backwardation,label,derived,,2026-08-22T00:05:37.466897,daily,C,Inferred from SHFE-LME premium sign
2025-12-11,term_structure,backwardation,label,derived,,2026-08-22T00:05:37.466899,daily,C,Inferred from SHFE-LME premium sign
2025-12-12,term_structure,backwardation,label,derived,,2026-08-22T00:05:37.466900,daily,C,Inferred from SHFE-LME premium sign
2025-12-15,term_structure,backwardation,label,derived,,2026-08-22T00:05:37.466901,daily,C,Inferred from SHFE-LME premium sign
2025-12-16,term_structure,backwardation,label,derived,,2026-08-22T00:05:37.466902,daily,C,Inferred from SHFE-LME premium sign
2025-12-17,term_structure,backwardation,label,derived,,2026-08-22T00:05:37.466903,daily,C,Inferred from SHFE-LME premium sign
2025-12-18,term_structure,backwardation,label,derived,,2026-08-22T00:05:37.466905,daily,C,Inferred from SHFE-LME premium sign
2025-12-19,term_structure,backwardation,label,derived,,2026-08-22T00:05:37.466906,daily,C,Inferred from SHFE-LME premium sign
2025-12-22,term_structure,backwardation,label,derived,,2026-08-22T00:05:37.466907,daily,C,Inferred from SHFE-LME premium sign
2025-12-23,term_structure,backwardation,label,derived,,2026-08-22T00:05:37.466908,daily,C,Inferred from SHFE-LME premium sign
2025-12-24,term_structure,backwardation,label,derived,,2026-08-22T00:05:37.466909,daily,C,Inferred from SHFE-LME premium sign
2025-12-25,term_structure,backwardation,label,derived,,2026-08-22T00:05:37.466910,daily,C,Inferred from SHFE-LME premium sign
2025-12-26,term_structure,backwardation,label,derived,,2026-08-22T00:05:37.466912,daily,C,Inferred from SHFE-LME premium sign
2025-12-29,term_structure,backwardation,label,derived,,2026-08-22T00:05:37.466913,daily,C,Inferred from SHFE-LME premium sign
2025-12-30,term_structure,backwardation,label,derived,,2026-08-22T00:05:37.466914,daily,C,Inferred from SHFE-LME premium sign
2025-12-31,term_structure,backwardation,label,derived,,2026-08-22T00:05:37.466915,daily,C,Inferred from SHFE-LME premium sign
2026-01-05,term_structure,backwardation,label,derived,,2026-08-22T00:05:37.466916,daily,C,Inferred from SHFE-LME premium sign
2026-01-06,term_structure,backwardation,label,derived,,2026-08-22T00:05:37.466917,daily,C,Inferred from SHFE-LME premium sign
2026-01-07,term_structure,backwardation,label,derived,,2026-08-22T00:05:37.466919,daily,C,Inferred from SHFE-LME premium sign
2026-01-08,term_structure,backwardation,label,derived,,2026-08-22T00:05:37.466920,daily,C,Inferred from SHFE-LME premium sign
2026-01-09,term_structure,backwardation,label,derived,,2026-08-22T00:05:37.466921,daily,C,Inferred from SHFE-LME premium sign
2026-01-12,term_structure,backwardation,label,derived,,2026-08-22T00:05:37.466922,daily,C,Inferred from SHFE-LME premium sign
2026-01-13,term_structure,backwardation,label,derived,,2026-08-22T00:05:37.466923,daily,C,Inferred from SHFE-LME premium sign
2026-01-14,term_structure,backwardation,label,derived,,2026-08-22T00:05:37.466924,daily,C,Inferred from SHFE-LME premium sign
2026-01-15,term_structure,backwardation,label,derived,,2026-08-22T00:05:37.466925,daily,C,Inferred from SHFE-LME premium sign
2026-01-16,term_structure,backwardation,label,derived,,2026-08-22T00:05:37.466927,daily,C,Inferred from SHFE-LME premium sign
2026-01-19,term_structure,backwardation,label,derived,,2026-08-22T00:05:37.466928,daily,C,Inferred from SHFE-LME premium sign
2026-01-20,term_structure,backwardation,label,derived,,2026-08-22T00:05:37.466929,daily,C,Inferred from SHFE-LME premium sign
2026-01-21,term_structure,backwardation,label,derived,,2026-08-22T00:05:37.466930,daily,C,Inferred from SHFE-LME premium sign
2026-01-22,term_structure,backwardation,label,derived,,2026-08-22T00:05:37.466931,daily,C,Inferred from SHFE-LME premium sign
2026-01-23,term_structure,backwardation,label,derived,,2026-08-22T00:05:37.466932,daily,C,Inferred from SHFE-LME premium sign
2026-01-26,term_structure,backwardation,label,derived,,2026-08-22T00:05:37.466933,daily,C,Inferred from SHFE-LME premium sign
2026-01-27,term_structure,backwardation,label,derived,,2026-08-22T00:05:37.466935,daily,C,Inferred from SHFE-LME premium sign
2026-01-28,term_structure,backwardation,label,derived,,2026-08-22T00:05:37.466936,daily,C,Inferred from SHFE-LME premium sign
2026-01-29,term_structure,backwardation,label,derived,,2026-08-22T00:05:37.466937,daily,C,Inferred from SHFE-LME premium sign
2026-01-30,term_structure,backwardation,label,derived,,2026-08-22T00:05:37.466938,daily,C,Inferred from SHFE-LME premium sign
2026-02-02,term_structure,backwardation,label,derived,,2026-08-22T00:05:37.466939,daily,C,Inferred from SHFE-LME premium sign
2026-02-03,term_structure,backwardation,label,derived,,2026-08-22T00:05:37.466940,daily,C,Inferred from SHFE-LME premium sign
2026-02-04,term_structure,backwardation,label,derived,,2026-08-22T00:05:37.466941,daily,C,Inferred from SHFE-LME premium sign
2026-02-05,term_structure,backwardation,label,derived,,2026-08-22T00:05:37.466942,daily,C,Inferred from SHFE-LME premium sign
2026-02-06,term_structure,backwardation,label,derived,,2026-08-22T00:05:37.466944,daily,C,Inferred from SHFE-LME premium sign
2026-02-09,term_structure,backwardation,label,derived,,2026-08-22T00:05:37.466945,daily,C,Inferred from SHFE-LME premium sign
2026-02-10,term_structure,backwardation,label,derived,,2026-08-22T00:05:37.466946,daily,C,Inferred from SHFE-LME premium sign
2026-02-11,term_structure,backwardation,label,derived,,2026-08-22T00:05:37.466947,daily,C,Inferred from SHFE-LME premium sign
2026-02-12,term_structure,backwardation,label,derived,,2026-08-22T00:05:37.466948,daily,C,Inferred from SHFE-LME premium sign
2026-02-13,term_structure,backwardation,label,derived,,2026-08-22T00:05:37.466949,daily,C,Inferred from SHFE-LME premium sign
2026-02-24,term_structure,backwardation,label,derived,,2026-08-22T00:05:37.466951,daily,C,Inferred from SHFE-LME premium sign
2026-02-25,term_structure,backwardation,label,derived,,2026-08-22T00:05:37.466952,daily,C,Inferred from SHFE-LME premium sign
2026-02-26,term_structure,backwardation,label,derived,,2026-08-22T00:05:37.466953,daily,C,Inferred from SHFE-LME premium sign
2026-02-27,term_structure,backwardation,label,derived,,2026-08-22T00:05:37.466954,daily,C,Inferred from SHFE-LME premium sign
2026-03-02,term_structure,backwardation,label,derived,,2026-08-22T00:05:37.466955,daily,C,Inferred from SHFE-LME premium sign
2026-03-03,term_structure,backwardation,label,derived,,2026-08-22T00:05:37.466956,daily,C,Inferred from SHFE-LME premium sign
2026-03-04,term_structure,backwardation,label,derived,,2026-08-22T00:05:37.466958,daily,C,Inferred from SHFE-LME premium sign
2026-03-05,term_structure,backwardation,label,derived,,2026-08-22T00:05:37.466959,daily,C,Inferred from SHFE-LME premium sign
2026-03-06,term_structure,backwardation,label,derived,,2026-08-22T00:05:37.466960,daily,C,Inferred from SHFE-LME premium sign
2026-03-09,term_structure,backwardation,label,derived,,2026-08-22T00:05:37.466961,daily,C,Inferred from SHFE-LME premium sign
2026-03-10,term_structure,backwardation,label,derived,,2026-08-22T00:05:37.466962,daily,C,Inferred from SHFE-LME premium sign
2026-03-11,term_structure,backwardation,label,derived,,2026-08-22T00:05:37.466963,daily,C,Inferred from SHFE-LME premium sign
2026-03-12,term_structure,backwardation,label,derived,,2026-08-22T00:05:37.466964,daily,C,Inferred from SHFE-LME premium sign
2026-03-13,term_structure,backwardation,label,derived,,2026-08-22T00:05:37.466965,daily,C,Inferred from SHFE-LME premium sign
2026-03-16,term_structure,backwardation,label,derived,,2026-08-22T00:05:37.466966,daily,C,Inferred from SHFE-LME premium sign
2026-03-17,term_structure,backwardation,label,derived,,2026-08-22T00:05:37.466968,daily,C,Inferred from SHFE-LME premium sign
2026-03-18,term_structure,backwardation,label,derived,,2026-08-22T00:05:37.466969,daily,C,Inferred from SHFE-LME premium sign
2026-03-19,term_structure,backwardation,label,derived,,2026-08-22T00:05:37.466970,daily,C,Inferred from SHFE-LME premium sign
2026-03-20,term_structure,backwardation,label,derived,,2026-08-22T00:05:37.466971,daily,C,Inferred from SHFE-LME premium sign
2026-03-23,term_structure,backwardation,label,derived,,2026-08-22T00:05:37.466972,daily,C,Inferred from SHFE-LME premium sign
2026-03-24,term_structure,backwardation,label,derived,,2026-08-22T00:05:37.466973,daily,C,Inferred from SHFE-LME premium sign
2026-03-25,term_structure,backwardation,label,derived,,2026-08-22T00:05:37.466974,daily,C,Inferred from SHFE-LME premium sign
2026-03-26,term_structure,backwardation,label,derived,,2026-08-22T00:05:37.466975,daily,C,Inferred from SHFE-LME premium sign
2026-03-27,term_structure,backwardation,label,derived,,2026-08-22T00:05:37.466976,daily,C,Inferred from SHFE-LME premium sign
2026-03-30,term_structure,backwardation,label,derived,,2026-08-22T00:05:37.466977,daily,C,Inferred from SHFE-LME premium sign
2026-03-31,term_structure,backwardation,label,derived,,2026-08-22T00:05:37.466979,daily,C,Inferred from SHFE-LME premium sign
2026-04-01,term_structure,backwardation,label,derived,,2026-08-22T00:05:37.466980,daily,C,Inferred from SHFE-LME premium sign
2026-04-02,term_structure,backwardation,label,derived,,2026-08-22T00:05:37.466981,daily,C,Inferred from SHFE-LME premium sign
2026-04-03,term_structure,backwardation,label,derived,,2026-08-22T00:05:37.466982,daily,C,Inferred from SHFE-LME premium sign
2026-04-07,term_structure,backwardation,label,derived,,2026-08-22T00:05:37.466983,daily,C,Inferred from SHFE-LME premium sign
2026-04-08,term_structure,backwardation,label,derived,,2026-08-22T00:05:37.466984,daily,C,Inferred from SHFE-LME premium sign
2026-04-09,term_structure,backwardation,label,derived,,2026-08-22T00:05:37.466985,daily,C,Inferred from SHFE-LME premium sign
2026-04-10,term_structure,backwardation,label,derived,,2026-08-22T00:05:37.466987,daily,C,Inferred from SHFE-LME premium sign
2026-04-13,term_structure,backwardation,label,derived,,2026-08-22T00:05:37.466988,daily,C,Inferred from SHFE-LME premium sign
2026-04-14,term_structure,backwardation,label,derived,,2026-08-22T00:05:37.466989,daily,C,Inferred from SHFE-LME premium sign
2026-04-15,term_structure,backwardation,label,derived,,2026-08-22T00:05:37.466990,daily,C,Inferred from SHFE-LME premium sign
2026-04-16,term_structure,backwardation,label,derived,,2026-08-22T00:05:37.466992,daily,C,Inferred from SHFE-LME premium sign
2026-04-17,term_structure,backwardation,label,derived,,2026-08-22T00:05:37.466993,daily,C,Inferred from SHFE-LME premium sign
2026-04-20,term_structure,backwardation,label,derived,,2026-08-22T00:05:37.466994,daily,C,Inferred from SHFE-LME premium sign
2026-04-21,term_structure,backwardation,label,derived,,2026-08-22T00:05:37.466996,daily,C,Inferred from SHFE-LME premium sign
2026-04-22,term_structure,backwardation,label,derived,,2026-08-22T00:05:37.466997,daily,C,Inferred from SHFE-LME premium sign
2026-04-23,term_structure,backwardation,label,derived,,2026-08-22T00:05:37.466998,daily,C,Inferred from SHFE-LME premium sign
2026-04-24,term_structure,backwardation,label,derived,,2026-08-22T00:05:37.466999,daily,C,Inferred from SHFE-LME premium sign
2026-04-27,term_structure,backwardation,label,derived,,2026-08-22T00:05:37.467000,daily,C,Inferred from SHFE-LME premium sign
2026-04-28,term_structure,backwardation,label,derived,,2026-08-22T00:05:37.467001,daily,C,Inferred from SHFE-LME premium sign
2026-04-29,term_structure,backwardation,label,derived,,2026-08-22T00:05:37.467003,daily,C,Inferred from SHFE-LME premium sign
2026-04-30,term_structure,backwardation,label,derived,,2026-08-22T00:05:37.467004,daily,C,Inferred from SHFE-LME premium sign
2026-05-06,term_structure,backwardation,label,derived,,2026-08-22T00:05:37.467005,daily,C,Inferred from SHFE-LME premium sign
2026-05-07,term_structure,backwardation,label,derived,,2026-08-22T00:05:37.467006,daily,C,Inferred from SHFE-LME premium sign
2026-05-08,term_structure,backwardation,label,derived,,2026-08-22T00:05:37.467007,daily,C,Inferred from SHFE-LME premium sign
2026-05-11,term_structure,backwardation,label,derived,,2026-08-22T00:05:37.467008,daily,C,Inferred from SHFE-LME premium sign
2026-05-12,term_structure,backwardation,label,derived,,2026-08-22T00:05:37.467009,daily,C,Inferred from SHFE-LME premium sign
2026-05-13,term_structure,backwardation,label,derived,,2026-08-22T00:05:37.467010,daily,C,Inferred from SHFE-LME premium sign
2026-05-14,term_structure,backwardation,label,derived,,2026-08-22T00:05:37.467011,daily,C,Inferred from SHFE-LME premium sign
2026-05-15,term_structure,backwardation,label,derived,,2026-08-22T00:05:37.467013,daily,C,Inferred from SHFE-LME premium sign
2026-05-18,term_structure,backwardation,label,derived,,2026-08-22T00:05:37.467014,daily,C,Inferred from SHFE-LME premium sign
2026-05-19,term_structure,backwardation,label,derived,,2026-08-22T00:05:37.467015,daily,C,Inferred from SHFE-LME premium sign
2026-05-20,term_structure,backwardation,label,derived,,2026-08-22T00:05:37.467016,daily,C,Inferred from SHFE-LME premium sign
2026-05-21,term_structure,backwardation,label,derived,,2026-08-22T00:05:37.467017,daily,C,Inferred from SHFE-LME premium sign
2026-05-22,term_structure,backwardation,label,derived,,2026-08-22T00:05:37.467018,daily,C,Inferred from SHFE-LME premium sign
2026-05-25,term_structure,backwardation,label,derived,,2026-08-22T00:05:37.467020,daily,C,Inferred from SHFE-LME premium sign
2026-05-26,term_structure,backwardation,label,derived,,2026-08-22T00:05:37.467021,daily,C,Inferred from SHFE-LME premium sign
2026-05-27,term_structure,backwardation,label,derived,,2026-08-22T00:05:37.467022,daily,C,Inferred from SHFE-LME premium sign
2026-05-28,term_structure,backwardation,label,derived,,2026-08-22T00:05:37.467023,daily,C,Inferred from SHFE-LME premium sign
2026-05-29,term_structure,backwardation,label,derived,,2026-08-22T00:05:37.467024,daily,C,Inferred from SHFE-LME premium sign
2026-06-01,term_structure,backwardation,label,derived,,2026-08-22T00:05:37.467025,daily,C,Inferred from SHFE-LME premium sign
2026-06-02,term_structure,backwardation,label,derived,,2026-08-22T00:05:37.467026,daily,C,Inferred from SHFE-LME premium sign
2026-06-03,term_structure,backwardation,label,derived,,2026-08-22T00:05:37.467027,daily,C,Inferred from SHFE-LME premium sign
2026-06-04,term_structure,backwardation,label,derived,,2026-08-22T00:05:37.467028,daily,C,Inferred from SHFE-LME premium sign
2026-06-05,term_structure,backwardation,label,derived,,2026-08-22T00:05:37.467029,daily,C,Inferred from SHFE-LME premium sign
2026-06-08,term_structure,backwardation,label,derived,,2026-08-22T00:05:37.467031,daily,C,Inferred from SHFE-LME premium sign
2026-06-09,term_structure,backwardation,label,derived,,2026-08-22T00:05:37.467032,daily,C,Inferred from SHFE-LME premium sign
2026-06-10,term_structure,backwardation,label,derived,,2026-08-22T00:05:37.467043,daily,C,Inferred from SHFE-LME premium sign
2026-06-11,term_structure,backwardation,label,derived,,2026-08-22T00:05:37.467044,daily,C,Inferred from SHFE-LME premium sign
2026-06-12,term_structure,backwardation,label,derived,,2026-08-22T00:05:37.467045,daily,C,Inferred from SHFE-LME premium sign
2026-06-15,term_structure,backwardation,label,derived,,2026-08-22T00:05:37.467047,daily,C,Inferred from SHFE-LME premium sign
2026-06-16,term_structure,backwardation,label,derived,,2026-08-22T00:05:37.467048,daily,C,Inferred from SHFE-LME premium sign
2026-06-17,term_structure,backwardation,label,derived,,2026-08-22T00:05:37.467049,daily,C,Inferred from SHFE-LME premium sign
2026-06-18,term_structure,backwardation,label,derived,,2026-08-22T00:05:37.467050,daily,C,Inferred from SHFE-LME premium sign
2026-06-22,term_structure,backwardation,label,derived,,2026-08-22T00:05:37.467051,daily,C,Inferred from SHFE-LME premium sign
2026-06-23,term_structure,backwardation,label,derived,,2026-08-22T00:05:37.467053,daily,C,Inferred from SHFE-LME premium sign
2026-06-24,term_structure,backwardation,label,derived,,2026-08-22T00:05:37.467054,daily,C,Inferred from SHFE-LME premium sign
2026-06-25,term_structure,backwardation,label,derived,,2026-08-22T00:05:37.467055,daily,C,Inferred from SHFE-LME premium sign
2026-06-26,term_structure,backwardation,label,derived,,2026-08-22T00:05:37.467057,daily,C,Inferred from SHFE-LME premium sign
2026-06-29,term_structure,backwardation,label,derived,,2026-08-22T00:05:37.467058,daily,C,Inferred from SHFE-LME premium sign
2026-06-30,term_structure,backwardation,label,derived,,2026-08-22T00:05:37.467059,daily,C,Inferred from SHFE-LME premium sign
2026-07-01,term_structure,backwardation,label,derived,,2026-08-22T00:05:37.467060,daily,C,Inferred from SHFE-LME premium sign
2026-07-02,term_structure,backwardation,label,derived,,2026-08-22T00:05:37.467061,daily,C,Inferred from SHFE-LME premium sign
2026-07-03,term_structure,backwardation,label,derived,,2026-08-22T00:05:37.467062,daily,C,Inferred from SHFE-LME premium sign
2026-07-06,term_structure,backwardation,label,derived,,2026-08-22T00:05:37.467063,daily,C,Inferred from SHFE-LME premium sign
2026-07-07,term_structure,backwardation,label,derived,,2026-08-22T00:05:37.467065,daily,C,Inferred from SHFE-LME premium sign
2026-07-08,term_structure,backwardation,label,derived,,2026-08-22T00:05:37.467066,daily,C,Inferred from SHFE-LME premium sign
2026-07-09,term_structure,backwardation,label,derived,,2026-08-22T00:05:37.467067,daily,C,Inferred from SHFE-LME premium sign
2026-07-10,term_structure,backwardation,label,derived,,2026-08-22T00:05:37.467068,daily,C,Inferred from SHFE-LME premium sign
2026-07-13,term_structure,backwardation,label,derived,,2026-08-22T00:05:37.467069,daily,C,Inferred from SHFE-LME premium sign
2026-07-14,term_structure,backwardation,label,derived,,2026-08-22T00:05:37.467070,daily,C,Inferred from SHFE-LME premium sign
2026-07-15,term_structure,backwardation,label,derived,,2026-08-22T00:05:37.467071,daily,C,Inferred from SHFE-LME premium sign
2026-07-16,term_structure,backwardation,label,derived,,2026-08-22T00:05:37.467072,daily,C,Inferred from SHFE-LME premium sign
2026-07-17,term_structure,backwardation,label,derived,,2026-08-22T00:05:37.467073,daily,C,Inferred from SHFE-LME premium sign
2026-07-20,term_structure,backwardation,label,derived,,2026-08-22T00:05:37.467075,daily,C,Inferred from SHFE-LME premium sign
2026-07-21,term_structure,backwardation,label,derived,,2026-08-22T00:05:37.467076,daily,C,Inferred from SHFE-LME premium sign
2026-07-22,term_structure,backwardation,label,derived,,2026-08-22T00:05:37.467077,daily,C,Inferred from SHFE-LME premium sign
2026-07-23,term_structure,backwardation,label,derived,,2026-08-22T00:05:37.467078,daily,C,Inferred from SHFE-LME premium sign
2026-07-24,term_structure,backwardation,label,derived,,2026-08-22T00:05:37.467079,daily,C,Inferred from SHFE-LME premium sign
2026-07-27,term_structure,backwardation,label,derived,,2026-08-22T00:05:37.467080,daily,C,Inferred from SHFE-LME premium sign
2026-07-28,term_structure,backwardation,label,derived,,2026-08-22T00:05:37.467081,daily,C,Inferred from SHFE-LME premium sign
2026-07-29,term_structure,backwardation,label,derived,,2026-08-22T00:05:37.467082,daily,C,Inferred from SHFE-LME premium sign
2026-07-30,term_structure,backwardation,label,derived,,2026-08-22T00:05:37.467083,daily,C,Inferred from SHFE-LME premium sign
2026-07-31,term_structure,backwardation,label,derived,,2026-08-22T00:05:37.467085,daily,C,Inferred from SHFE-LME premium sign
2026-08-03,term_structure,backwardation,label,derived,,2026-08-22T00:05:37.467086,daily,C,Inferred from SHFE-LME premium sign
2026-08-04,term_structure,backwardation,label,derived,,2026-08-22T00:05:37.467087,daily,C,Inferred from SHFE-LME premium sign
2026-08-05,term_structure,backwardation,label,derived,,2026-08-22T00:05:37.467088,daily,C,Inferred from SHFE-LME premium sign
2026-08-06,term_structure,backwardation,label,derived,,2026-08-22T00:05:37.467089,daily,C,Inferred from SHFE-LME premium sign
2026-08-07,term_structure,backwardation,label,derived,,2026-08-22T00:05:37.467090,daily,C,Inferred from SHFE-LME premium sign
2026-08-10,term_structure,backwardation,label,derived,,2026-08-22T00:05:37.467091,daily,C,Inferred from SHFE-LME premium sign
2026-08-11,term_structure,backwardation,label,derived,,2026-08-22T00:05:37.467092,daily,C,Inferred from SHFE-LME premium sign
2026-08-12,term_structure,backwardation,label,derived,,2026-08-22T00:05:37.467093,daily,C,Inferred from SHFE-LME premium sign
2026-08-13,term_structure,backwardation,label,derived,,2026-08-22T00:05:37.467094,daily,C,Inferred from SHFE-LME premium sign
2026-08-14,term_structure,backwardation,label,derived,,2026-08-22T00:05:37.467096,daily,C,Inferred from SHFE-LME premium sign
2026-08-17,term_structure,backwardation,label,derived,,2026-08-22T00:05:37.467097,daily,C,Inferred from SHFE-LME premium sign
2026-08-18,term_structure,backwardation,label,derived,,2026-08-22T00:05:37.467098,daily,C,Inferred from SHFE-LME premium sign
2026-08-19,term_structure,backwardation,label,derived,,2026-08-22T00:05:37.467099,daily,C,Inferred from SHFE-LME premium sign
2026-08-20,term_structure,backwardation,label,derived,,2026-08-22T00:05:37.467100,daily,C,Inferred from SHFE-LME premium sign
2026-08-21,term_structure,backwardation,label,derived,,2026-08-22T00:05:37.467102,daily,C,Inferred from SHFE-LME premium sign
2026-06-29,transformer_tender_value,40.0,CNY_100m,国家电网,,2026-08-22T00:05:37.469707,batch,C,变压器类招标金额约40亿元; from data/raw/grid_indicators_2026.csv
2026-06-30,uhv_approved_projects,400.0,CNY_100m,发改委,,2026-08-22T00:05:37.469713,semiannual,B,特高压项目核准金额上半年下限; source value >400; from data/raw/grid_indicators_2026.csv
2025-05-27,us_10y_real_rate,2.11,pct,FRED,https://fred.stlouisfed.org/series/DFII10,2026-07-01T10:02:51.371450,daily,A,
2025-05-28,us_10y_real_rate,2.15,pct,FRED,https://fred.stlouisfed.org/series/DFII10,2026-07-02T02:41:03.063570,daily,A,
2025-05-29,us_10y_real_rate,2.11,pct,FRED,https://fred.stlouisfed.org/series/DFII10,2026-07-03T00:04:40.190302,daily,A,
2025-05-30,us_10y_real_rate,2.07,pct,FRED,https://fred.stlouisfed.org/series/DFII10,2026-07-04T00:03:16.767723,daily,A,
2025-06-02,us_10y_real_rate,2.13,pct,FRED,https://fred.stlouisfed.org/series/DFII10,2026-07-07T00:04:29.493408,daily,A,
2025-06-03,us_10y_real_rate,2.14,pct,FRED,https://fred.stlouisfed.org/series/DFII10,2026-07-08T00:01:44.370179,daily,A,
2025-06-04,us_10y_real_rate,2.06,pct,FRED,https://fred.stlouisfed.org/series/DFII10,2026-07-09T00:03:20.074760,daily,A,
2025-06-05,us_10y_real_rate,2.11,pct,FRED,https://fred.stlouisfed.org/series/DFII10,2026-07-10T00:03:03.244897,daily,A,
2025-06-06,us_10y_real_rate,2.2,pct,FRED,https://fred.stlouisfed.org/series/DFII10,2026-07-11T00:04:27.223498,daily,A,
2025-06-09,us_10y_real_rate,2.18,pct,FRED,https://fred.stlouisfed.org/series/DFII10,2026-07-14T00:02:10.331703,daily,A,
2025-06-10,us_10y_real_rate,2.18,pct,FRED,https://fred.stlouisfed.org/series/DFII10,2026-07-15T00:04:38.527259,daily,A,
2025-06-11,us_10y_real_rate,2.14,pct,FRED,https://fred.stlouisfed.org/series/DFII10,2026-07-16T00:02:40.327211,daily,A,
2025-06-12,us_10y_real_rate,2.11,pct,FRED,https://fred.stlouisfed.org/series/DFII10,2026-07-17T09:02:10.092863,daily,A,
2025-06-13,us_10y_real_rate,2.13,pct,FRED,https://fred.stlouisfed.org/series/DFII10,2026-07-18T00:02:29.478578,daily,A,
2025-06-16,us_10y_real_rate,2.16,pct,FRED,https://fred.stlouisfed.org/series/DFII10,2026-07-21T00:03:57.170768,daily,A,
2025-06-17,us_10y_real_rate,2.08,pct,FRED,https://fred.stlouisfed.org/series/DFII10,2026-07-22T00:04:26.909383,daily,A,
2025-06-18,us_10y_real_rate,2.07,pct,FRED,https://fred.stlouisfed.org/series/DFII10,2026-07-23T00:06:24.794562,daily,A,
2025-06-20,us_10y_real_rate,2.05,pct,FRED,https://fred.stlouisfed.org/series/DFII10,2026-07-25T00:02:21.115005,daily,A,
2025-06-23,us_10y_real_rate,2.04,pct,FRED,https://fred.stlouisfed.org/series/DFII10,2026-07-28T00:02:24.637624,daily,A,
2025-06-24,us_10y_real_rate,2.01,pct,FRED,https://fred.stlouisfed.org/series/DFII10,2026-07-29T00:03:49.546931,daily,A,
2025-06-25,us_10y_real_rate,2.01,pct,FRED,https://fred.stlouisfed.org/series/DFII10,2026-07-30T00:05:14.956433,daily,A,
2025-06-26,us_10y_real_rate,1.98,pct,FRED,https://fred.stlouisfed.org/series/DFII10,2026-07-31T00:04:44.974228,daily,A,
2025-06-27,us_10y_real_rate,2.0,pct,FRED,https://fred.stlouisfed.org/series/DFII10,2026-08-01T00:06:39.257648,daily,A,
2025-06-30,us_10y_real_rate,1.95,pct,FRED,https://fred.stlouisfed.org/series/DFII10,2026-08-04T10:01:24.987633,daily,A,
2025-07-01,us_10y_real_rate,1.97,pct,FRED,https://fred.stlouisfed.org/series/DFII10,2026-08-05T00:04:01.239804,daily,A,
2025-07-02,us_10y_real_rate,2.0,pct,FRED,https://fred.stlouisfed.org/series/DFII10,2026-08-06T09:07:56.166553,daily,A,
2025-07-03,us_10y_real_rate,2.02,pct,FRED,https://fred.stlouisfed.org/series/DFII10,2026-08-07T00:04:54.289457,daily,A,
2025-07-07,us_10y_real_rate,2.05,pct,FRED,https://fred.stlouisfed.org/series/DFII10,2026-08-11T00:06:37.808548,daily,A,
2025-07-08,us_10y_real_rate,2.07,pct,FRED,https://fred.stlouisfed.org/series/DFII10,2026-08-12T00:00:48.764096,daily,A,
2025-07-09,us_10y_real_rate,2.01,pct,FRED,https://fred.stlouisfed.org/series/DFII10,2026-08-13T00:01:34.956039,daily,A,
2025-07-10,us_10y_real_rate,2.01,pct,FRED,https://fred.stlouisfed.org/series/DFII10,2026-08-14T00:02:50.069791,daily,A,
2025-07-11,us_10y_real_rate,2.06,pct,FRED,https://fred.stlouisfed.org/series/DFII10,2026-08-15T00:02:53.784831,daily,A,
2025-07-14,us_10y_real_rate,2.04,pct,FRED,https://fred.stlouisfed.org/series/DFII10,2026-08-17T00:05:18.931836,daily,A,
2025-07-15,us_10y_real_rate,2.09,pct,FRED,https://fred.stlouisfed.org/series/DFII10,2026-08-19T00:04:51.967970,daily,A,
2025-07-16,us_10y_real_rate,2.05,pct,FRED,https://fred.stlouisfed.org/series/DFII10,2026-08-20T00:02:50.122915,daily,A,
2025-07-17,us_10y_real_rate,2.04,pct,FRED,https://fred.stlouisfed.org/series/DFII10,2026-08-21T00:03:13.500743,daily,A,
2025-07-18,us_10y_real_rate,2.03,pct,FRED,https://fred.stlouisfed.org/series/DFII10,2026-08-22T00:05:15.820803,daily,A,
2025-07-21,us_10y_real_rate,1.98,pct,FRED,https://fred.stlouisfed.org/series/DFII10,2026-08-22T00:05:15.820859,daily,A,
2025-07-22,us_10y_real_rate,1.96,pct,FRED,https://fred.stlouisfed.org/series/DFII10,2026-08-22T00:05:15.820904,daily,A,
2025-07-23,us_10y_real_rate,2.03,pct,FRED,https://fred.stlouisfed.org/series/DFII10,2026-08-22T00:05:15.820947,daily,A,
2025-07-24,us_10y_real_rate,1.98,pct,FRED,https://fred.stlouisfed.org/series/DFII10,2026-08-22T00:05:15.820990,daily,A,
2025-07-25,us_10y_real_rate,1.96,pct,FRED,https://fred.stlouisfed.org/series/DFII10,2026-08-22T00:05:15.821042,daily,A,
2025-07-28,us_10y_real_rate,1.98,pct,FRED,https://fred.stlouisfed.org/series/DFII10,2026-08-22T00:05:15.821086,daily,A,
2025-07-29,us_10y_real_rate,1.91,pct,FRED,https://fred.stlouisfed.org/series/DFII10,2026-08-22T00:05:15.821129,daily,A,
2025-07-30,us_10y_real_rate,1.96,pct,FRED,https://fred.stlouisfed.org/series/DFII10,2026-08-22T00:05:15.821171,daily,A,
2025-07-31,us_10y_real_rate,1.98,pct,FRED,https://fred.stlouisfed.org/series/DFII10,2026-08-22T00:05:15.821213,daily,A,
2025-08-01,us_10y_real_rate,1.9,pct,FRED,https://fred.stlouisfed.org/series/DFII10,2026-08-22T00:05:15.821255,daily,A,
2025-08-04,us_10y_real_rate,1.85,pct,FRED,https://fred.stlouisfed.org/series/DFII10,2026-08-22T00:05:15.821297,daily,A,
2025-08-05,us_10y_real_rate,1.86,pct,FRED,https://fred.stlouisfed.org/series/DFII10,2026-08-22T00:05:15.821338,daily,A,
2025-08-06,us_10y_real_rate,1.88,pct,FRED,https://fred.stlouisfed.org/series/DFII10,2026-08-22T00:05:15.821379,daily,A,
2025-08-07,us_10y_real_rate,1.88,pct,FRED,https://fred.stlouisfed.org/series/DFII10,2026-08-22T00:05:15.821419,daily,A,
2025-08-08,us_10y_real_rate,1.88,pct,FRED,https://fred.stlouisfed.org/series/DFII10,2026-08-22T00:05:15.821460,daily,A,
2025-08-11,us_10y_real_rate,1.87,pct,FRED,https://fred.stlouisfed.org/series/DFII10,2026-08-22T00:05:15.821501,daily,A,
2025-08-12,us_10y_real_rate,1.91,pct,FRED,https://fred.stlouisfed.org/series/DFII10,2026-08-22T00:05:15.821542,daily,A,
2025-08-13,us_10y_real_rate,1.87,pct,FRED,https://fred.stlouisfed.org/series/DFII10,2026-08-22T00:05:15.821583,daily,A,
2025-08-14,us_10y_real_rate,1.9,pct,FRED,https://fred.stlouisfed.org/series/DFII10,2026-08-22T00:05:15.821644,daily,A,
2025-08-15,us_10y_real_rate,1.95,pct,FRED,https://fred.stlouisfed.org/series/DFII10,2026-08-22T00:05:15.821687,daily,A,
2025-08-18,us_10y_real_rate,1.96,pct,FRED,https://fred.stlouisfed.org/series/DFII10,2026-08-22T00:05:15.821728,daily,A,
2025-08-19,us_10y_real_rate,1.95,pct,FRED,https://fred.stlouisfed.org/series/DFII10,2026-08-22T00:05:15.821769,daily,A,
2025-08-20,us_10y_real_rate,1.94,pct,FRED,https://fred.stlouisfed.org/series/DFII10,2026-08-22T00:05:15.821809,daily,A,
2025-08-21,us_10y_real_rate,1.94,pct,FRED,https://fred.stlouisfed.org/series/DFII10,2026-08-22T00:05:15.821850,daily,A,
2025-08-22,us_10y_real_rate,1.85,pct,FRED,https://fred.stlouisfed.org/series/DFII10,2026-08-22T00:05:15.821891,daily,A,
2025-08-25,us_10y_real_rate,1.87,pct,FRED,https://fred.stlouisfed.org/series/DFII10,2026-08-22T00:05:15.821932,daily,A,
2025-08-26,us_10y_real_rate,1.84,pct,FRED,https://fred.stlouisfed.org/series/DFII10,2026-08-22T00:05:15.821973,daily,A,
2025-08-27,us_10y_real_rate,1.81,pct,FRED,https://fred.stlouisfed.org/series/DFII10,2026-08-22T00:05:15.822014,daily,A,
2025-08-28,us_10y_real_rate,1.81,pct,FRED,https://fred.stlouisfed.org/series/DFII10,2026-08-22T00:05:15.822066,daily,A,
2025-08-29,us_10y_real_rate,1.82,pct,FRED,https://fred.stlouisfed.org/series/DFII10,2026-08-22T00:05:15.822108,daily,A,
2025-09-02,us_10y_real_rate,1.87,pct,FRED,https://fred.stlouisfed.org/series/DFII10,2026-08-22T00:05:15.822149,daily,A,
2025-09-03,us_10y_real_rate,1.82,pct,FRED,https://fred.stlouisfed.org/series/DFII10,2026-08-22T00:05:15.822190,daily,A,
2025-09-04,us_10y_real_rate,1.79,pct,FRED,https://fred.stlouisfed.org/series/DFII10,2026-08-22T00:05:15.822231,daily,A,
2025-09-05,us_10y_real_rate,1.73,pct,FRED,https://fred.stlouisfed.org/series/DFII10,2026-08-22T00:05:15.822272,daily,A,
2025-09-08,us_10y_real_rate,1.7,pct,FRED,https://fred.stlouisfed.org/series/DFII10,2026-08-22T00:05:15.822313,daily,A,
2025-09-09,us_10y_real_rate,1.72,pct,FRED,https://fred.stlouisfed.org/series/DFII10,2026-08-22T00:05:15.822354,daily,A,
2025-09-10,us_10y_real_rate,1.69,pct,FRED,https://fred.stlouisfed.org/series/DFII10,2026-08-22T00:05:15.822395,daily,A,
2025-09-11,us_10y_real_rate,1.67,pct,FRED,https://fred.stlouisfed.org/series/DFII10,2026-08-22T00:05:15.822435,daily,A,
2025-09-12,us_10y_real_rate,1.7,pct,FRED,https://fred.stlouisfed.org/series/DFII10,2026-08-22T00:05:15.822476,daily,A,
2025-09-15,us_10y_real_rate,1.68,pct,FRED,https://fred.stlouisfed.org/series/DFII10,2026-08-22T00:05:15.822516,daily,A,
2025-09-16,us_10y_real_rate,1.67,pct,FRED,https://fred.stlouisfed.org/series/DFII10,2026-08-22T00:05:15.822556,daily,A,
2025-09-17,us_10y_real_rate,1.68,pct,FRED,https://fred.stlouisfed.org/series/DFII10,2026-08-22T00:05:15.822597,daily,A,
2025-09-18,us_10y_real_rate,1.73,pct,FRED,https://fred.stlouisfed.org/series/DFII10,2026-08-22T00:05:15.822637,daily,A,
2025-09-19,us_10y_real_rate,1.75,pct,FRED,https://fred.stlouisfed.org/series/DFII10,2026-08-22T00:05:15.822679,daily,A,
2025-09-22,us_10y_real_rate,1.78,pct,FRED,https://fred.stlouisfed.org/series/DFII10,2026-08-22T00:05:15.822720,daily,A,
2025-09-23,us_10y_real_rate,1.75,pct,FRED,https://fred.stlouisfed.org/series/DFII10,2026-08-22T00:05:15.822760,daily,A,
2025-09-24,us_10y_real_rate,1.78,pct,FRED,https://fred.stlouisfed.org/series/DFII10,2026-08-22T00:05:15.822800,daily,A,
2025-09-25,us_10y_real_rate,1.8,pct,FRED,https://fred.stlouisfed.org/series/DFII10,2026-08-22T00:05:15.822841,daily,A,
2025-09-26,us_10y_real_rate,1.82,pct,FRED,https://fred.stlouisfed.org/series/DFII10,2026-08-22T00:05:15.822882,daily,A,
2025-09-29,us_10y_real_rate,1.8,pct,FRED,https://fred.stlouisfed.org/series/DFII10,2026-08-22T00:05:15.822923,daily,A,
2025-09-30,us_10y_real_rate,1.8,pct,FRED,https://fred.stlouisfed.org/series/DFII10,2026-08-22T00:05:15.822963,daily,A,
2025-10-01,us_10y_real_rate,1.77,pct,FRED,https://fred.stlouisfed.org/series/DFII10,2026-08-22T00:05:15.823003,daily,A,
2025-10-02,us_10y_real_rate,1.76,pct,FRED,https://fred.stlouisfed.org/series/DFII10,2026-08-22T00:05:15.823054,daily,A,
2025-10-03,us_10y_real_rate,1.8,pct,FRED,https://fred.stlouisfed.org/series/DFII10,2026-08-22T00:05:15.823096,daily,A,
2025-10-06,us_10y_real_rate,1.84,pct,FRED,https://fred.stlouisfed.org/series/DFII10,2026-08-22T00:05:15.823137,daily,A,
2025-10-07,us_10y_real_rate,1.79,pct,FRED,https://fred.stlouisfed.org/series/DFII10,2026-08-22T00:05:15.823198,daily,A,
2025-10-08,us_10y_real_rate,1.78,pct,FRED,https://fred.stlouisfed.org/series/DFII10,2026-08-22T00:05:15.823241,daily,A,
2025-10-09,us_10y_real_rate,1.8,pct,FRED,https://fred.stlouisfed.org/series/DFII10,2026-08-22T00:05:15.823283,daily,A,
2025-10-10,us_10y_real_rate,1.75,pct,FRED,https://fred.stlouisfed.org/series/DFII10,2026-08-22T00:05:15.823324,daily,A,
2025-10-14,us_10y_real_rate,1.73,pct,FRED,https://fred.stlouisfed.org/series/DFII10,2026-08-22T00:05:15.823364,daily,A,
2025-10-15,us_10y_real_rate,1.76,pct,FRED,https://fred.stlouisfed.org/series/DFII10,2026-08-22T00:05:15.823405,daily,A,
2025-10-16,us_10y_real_rate,1.71,pct,FRED,https://fred.stlouisfed.org/series/DFII10,2026-08-22T00:05:15.823446,daily,A,
2025-10-17,us_10y_real_rate,1.75,pct,FRED,https://fred.stlouisfed.org/series/DFII10,2026-08-22T00:05:15.823486,daily,A,
2025-10-20,us_10y_real_rate,1.74,pct,FRED,https://fred.stlouisfed.org/series/DFII10,2026-08-22T00:05:15.823526,daily,A,
2025-10-21,us_10y_real_rate,1.7,pct,FRED,https://fred.stlouisfed.org/series/DFII10,2026-08-22T00:05:15.823567,daily,A,
2025-10-22,us_10y_real_rate,1.68,pct,FRED,https://fred.stlouisfed.org/series/DFII10,2026-08-22T00:05:15.823608,daily,A,
2025-10-23,us_10y_real_rate,1.71,pct,FRED,https://fred.stlouisfed.org/series/DFII10,2026-08-22T00:05:15.823648,daily,A,
2025-10-24,us_10y_real_rate,1.73,pct,FRED,https://fred.stlouisfed.org/series/DFII10,2026-08-22T00:05:15.823689,daily,A,
2025-10-27,us_10y_real_rate,1.73,pct,FRED,https://fred.stlouisfed.org/series/DFII10,2026-08-22T00:05:15.823730,daily,A,
2025-10-28,us_10y_real_rate,1.71,pct,FRED,https://fred.stlouisfed.org/series/DFII10,2026-08-22T00:05:15.823770,daily,A,
2025-10-29,us_10y_real_rate,1.78,pct,FRED,https://fred.stlouisfed.org/series/DFII10,2026-08-22T00:05:15.823810,daily,A,
2025-10-30,us_10y_real_rate,1.82,pct,FRED,https://fred.stlouisfed.org/series/DFII10,2026-08-22T00:05:15.823851,daily,A,
2025-10-31,us_10y_real_rate,1.81,pct,FRED,https://fred.stlouisfed.org/series/DFII10,2026-08-22T00:05:15.823891,daily,A,
2025-11-03,us_10y_real_rate,1.82,pct,FRED,https://fred.stlouisfed.org/series/DFII10,2026-08-22T00:05:15.823931,daily,A,
2025-11-04,us_10y_real_rate,1.81,pct,FRED,https://fred.stlouisfed.org/series/DFII10,2026-08-22T00:05:15.823972,daily,A,
2025-11-05,us_10y_real_rate,1.87,pct,FRED,https://fred.stlouisfed.org/series/DFII10,2026-08-22T00:05:15.824012,daily,A,
2025-11-06,us_10y_real_rate,1.83,pct,FRED,https://fred.stlouisfed.org/series/DFII10,2026-08-22T00:05:15.824065,daily,A,
2025-11-07,us_10y_real_rate,1.83,pct,FRED,https://fred.stlouisfed.org/series/DFII10,2026-08-22T00:05:15.824107,daily,A,
2025-11-10,us_10y_real_rate,1.84,pct,FRED,https://fred.stlouisfed.org/series/DFII10,2026-08-22T00:05:15.824148,daily,A,
2025-11-12,us_10y_real_rate,1.81,pct,FRED,https://fred.stlouisfed.org/series/DFII10,2026-08-22T00:05:15.824188,daily,A,
2025-11-13,us_10y_real_rate,1.83,pct,FRED,https://fred.stlouisfed.org/series/DFII10,2026-08-22T00:05:15.824228,daily,A,
2025-11-14,us_10y_real_rate,1.86,pct,FRED,https://fred.stlouisfed.org/series/DFII10,2026-08-22T00:05:15.824269,daily,A,
2025-11-17,us_10y_real_rate,1.85,pct,FRED,https://fred.stlouisfed.org/series/DFII10,2026-08-22T00:05:15.824310,daily,A,
2025-11-18,us_10y_real_rate,1.85,pct,FRED,https://fred.stlouisfed.org/series/DFII10,2026-08-22T00:05:15.824350,daily,A,
2025-11-19,us_10y_real_rate,1.86,pct,FRED,https://fred.stlouisfed.org/series/DFII10,2026-08-22T00:05:15.824391,daily,A,
2025-11-20,us_10y_real_rate,1.86,pct,FRED,https://fred.stlouisfed.org/series/DFII10,2026-08-22T00:05:15.824432,daily,A,
2025-11-21,us_10y_real_rate,1.82,pct,FRED,https://fred.stlouisfed.org/series/DFII10,2026-08-22T00:05:15.824472,daily,A,
2025-11-24,us_10y_real_rate,1.81,pct,FRED,https://fred.stlouisfed.org/series/DFII10,2026-08-22T00:05:15.824512,daily,A,
2025-11-25,us_10y_real_rate,1.79,pct,FRED,https://fred.stlouisfed.org/series/DFII10,2026-08-22T00:05:15.824552,daily,A,
2025-11-26,us_10y_real_rate,1.77,pct,FRED,https://fred.stlouisfed.org/series/DFII10,2026-08-22T00:05:15.824593,daily,A,
2025-11-28,us_10y_real_rate,1.79,pct,FRED,https://fred.stlouisfed.org/series/DFII10,2026-08-22T00:05:15.824633,daily,A,
2025-12-01,us_10y_real_rate,1.85,pct,FRED,https://fred.stlouisfed.org/series/DFII10,2026-08-22T00:05:15.824675,daily,A,
2025-12-02,us_10y_real_rate,1.85,pct,FRED,https://fred.stlouisfed.org/series/DFII10,2026-08-22T00:05:15.824717,daily,A,
2025-12-03,us_10y_real_rate,1.82,pct,FRED,https://fred.stlouisfed.org/series/DFII10,2026-08-22T00:05:15.824758,daily,A,
2025-12-04,us_10y_real_rate,1.85,pct,FRED,https://fred.stlouisfed.org/series/DFII10,2026-08-22T00:05:15.824799,daily,A,
2025-12-05,us_10y_real_rate,1.88,pct,FRED,https://fred.stlouisfed.org/series/DFII10,2026-08-22T00:05:15.824840,daily,A,
2025-12-08,us_10y_real_rate,1.91,pct,FRED,https://fred.stlouisfed.org/series/DFII10,2026-08-22T00:05:15.824881,daily,A,
2025-12-09,us_10y_real_rate,1.92,pct,FRED,https://fred.stlouisfed.org/series/DFII10,2026-08-22T00:05:15.824921,daily,A,
2025-12-10,us_10y_real_rate,1.88,pct,FRED,https://fred.stlouisfed.org/series/DFII10,2026-08-22T00:05:15.824962,daily,A,
2025-12-11,us_10y_real_rate,1.89,pct,FRED,https://fred.stlouisfed.org/series/DFII10,2026-08-22T00:05:15.825003,daily,A,
2025-12-12,us_10y_real_rate,1.93,pct,FRED,https://fred.stlouisfed.org/series/DFII10,2026-08-22T00:05:15.825059,daily,A,
2025-12-15,us_10y_real_rate,1.93,pct,FRED,https://fred.stlouisfed.org/series/DFII10,2026-08-22T00:05:15.825101,daily,A,
2025-12-16,us_10y_real_rate,1.92,pct,FRED,https://fred.stlouisfed.org/series/DFII10,2026-08-22T00:05:15.825141,daily,A,
2025-12-17,us_10y_real_rate,1.92,pct,FRED,https://fred.stlouisfed.org/series/DFII10,2026-08-22T00:05:15.825182,daily,A,
2025-12-18,us_10y_real_rate,1.88,pct,FRED,https://fred.stlouisfed.org/series/DFII10,2026-08-22T00:05:15.825222,daily,A,
2025-12-19,us_10y_real_rate,1.92,pct,FRED,https://fred.stlouisfed.org/series/DFII10,2026-08-22T00:05:15.825263,daily,A,
2025-12-22,us_10y_real_rate,1.94,pct,FRED,https://fred.stlouisfed.org/series/DFII10,2026-08-22T00:05:15.825303,daily,A,
2025-12-23,us_10y_real_rate,1.94,pct,FRED,https://fred.stlouisfed.org/series/DFII10,2026-08-22T00:05:15.825344,daily,A,
2025-12-24,us_10y_real_rate,1.91,pct,FRED,https://fred.stlouisfed.org/series/DFII10,2026-08-22T00:05:15.825386,daily,A,
2025-12-26,us_10y_real_rate,1.91,pct,FRED,https://fred.stlouisfed.org/series/DFII10,2026-08-22T00:05:15.825427,daily,A,
2025-12-29,us_10y_real_rate,1.9,pct,FRED,https://fred.stlouisfed.org/series/DFII10,2026-08-22T00:05:15.825468,daily,A,
2025-12-30,us_10y_real_rate,1.9,pct,FRED,https://fred.stlouisfed.org/series/DFII10,2026-08-22T00:05:15.825509,daily,A,
2025-12-31,us_10y_real_rate,1.93,pct,FRED,https://fred.stlouisfed.org/series/DFII10,2026-08-22T00:05:15.825549,daily,A,
2026-01-02,us_10y_real_rate,1.94,pct,FRED,https://fred.stlouisfed.org/series/DFII10,2026-08-22T00:05:15.825590,daily,A,
2026-01-05,us_10y_real_rate,1.91,pct,FRED,https://fred.stlouisfed.org/series/DFII10,2026-08-22T00:05:15.825633,daily,A,
2026-01-06,us_10y_real_rate,1.91,pct,FRED,https://fred.stlouisfed.org/series/DFII10,2026-08-22T00:05:15.825698,daily,A,
2026-01-07,us_10y_real_rate,1.88,pct,FRED,https://fred.stlouisfed.org/series/DFII10,2026-08-22T00:05:15.825769,daily,A,
2026-01-08,us_10y_real_rate,1.92,pct,FRED,https://fred.stlouisfed.org/series/DFII10,2026-08-22T00:05:15.825843,daily,A,
2026-01-09,us_10y_real_rate,1.9,pct,FRED,https://fred.stlouisfed.org/series/DFII10,2026-08-22T00:05:15.825921,daily,A,
2026-01-12,us_10y_real_rate,1.9,pct,FRED,https://fred.stlouisfed.org/series/DFII10,2026-08-22T00:05:15.825992,daily,A,
2026-01-13,us_10y_real_rate,1.88,pct,FRED,https://fred.stlouisfed.org/series/DFII10,2026-08-22T00:05:15.826082,daily,A,
2026-01-14,us_10y_real_rate,1.86,pct,FRED,https://fred.stlouisfed.org/series/DFII10,2026-08-22T00:05:15.826152,daily,A,
2026-01-15,us_10y_real_rate,1.88,pct,FRED,https://fred.stlouisfed.org/series/DFII10,2026-08-22T00:05:15.826223,daily,A,
2026-01-16,us_10y_real_rate,1.91,pct,FRED,https://fred.stlouisfed.org/series/DFII10,2026-08-22T00:05:15.826300,daily,A,
2026-01-20,us_10y_real_rate,1.97,pct,FRED,https://fred.stlouisfed.org/series/DFII10,2026-08-22T00:05:15.826375,daily,A,
2026-01-21,us_10y_real_rate,1.92,pct,FRED,https://fred.stlouisfed.org/series/DFII10,2026-08-22T00:05:15.826439,daily,A,
2026-01-22,us_10y_real_rate,1.95,pct,FRED,https://fred.stlouisfed.org/series/DFII10,2026-08-22T00:05:15.826484,daily,A,
2026-01-23,us_10y_real_rate,1.92,pct,FRED,https://fred.stlouisfed.org/series/DFII10,2026-08-22T00:05:15.826526,daily,A,
2026-01-26,us_10y_real_rate,1.9,pct,FRED,https://fred.stlouisfed.org/series/DFII10,2026-08-22T00:05:15.826569,daily,A,
2026-01-27,us_10y_real_rate,1.9,pct,FRED,https://fred.stlouisfed.org/series/DFII10,2026-08-22T00:05:15.826611,daily,A,
2026-01-28,us_10y_real_rate,1.9,pct,FRED,https://fred.stlouisfed.org/series/DFII10,2026-08-22T00:05:15.826652,daily,A,
2026-01-29,us_10y_real_rate,1.89,pct,FRED,https://fred.stlouisfed.org/series/DFII10,2026-08-22T00:05:15.826693,daily,A,
2026-01-30,us_10y_real_rate,1.9,pct,FRED,https://fred.stlouisfed.org/series/DFII10,2026-08-22T00:05:15.826734,daily,A,
2026-02-02,us_10y_real_rate,1.94,pct,FRED,https://fred.stlouisfed.org/series/DFII10,2026-08-22T00:05:15.826775,daily,A,
2026-02-03,us_10y_real_rate,1.92,pct,FRED,https://fred.stlouisfed.org/series/DFII10,2026-08-22T00:05:15.826816,daily,A,
2026-02-04,us_10y_real_rate,1.94,pct,FRED,https://fred.stlouisfed.org/series/DFII10,2026-08-22T00:05:15.826856,daily,A,
2026-02-05,us_10y_real_rate,1.89,pct,FRED,https://fred.stlouisfed.org/series/DFII10,2026-08-22T00:05:15.826897,daily,A,
2026-02-06,us_10y_real_rate,1.88,pct,FRED,https://fred.stlouisfed.org/series/DFII10,2026-08-22T00:05:15.826937,daily,A,
2026-02-09,us_10y_real_rate,1.87,pct,FRED,https://fred.stlouisfed.org/series/DFII10,2026-08-22T00:05:15.826978,daily,A,
2026-02-10,us_10y_real_rate,1.84,pct,FRED,https://fred.stlouisfed.org/series/DFII10,2026-08-22T00:05:15.827018,daily,A,
2026-02-11,us_10y_real_rate,1.86,pct,FRED,https://fred.stlouisfed.org/series/DFII10,2026-08-22T00:05:15.827070,daily,A,
2026-02-12,us_10y_real_rate,1.8,pct,FRED,https://fred.stlouisfed.org/series/DFII10,2026-08-22T00:05:15.827117,daily,A,
2026-02-13,us_10y_real_rate,1.77,pct,FRED,https://fred.stlouisfed.org/series/DFII10,2026-08-22T00:05:15.827207,daily,A,
2026-02-17,us_10y_real_rate,1.79,pct,FRED,https://fred.stlouisfed.org/series/DFII10,2026-08-22T00:05:15.827271,daily,A,
2026-02-18,us_10y_real_rate,1.8,pct,FRED,https://fred.stlouisfed.org/series/DFII10,2026-08-22T00:05:15.827313,daily,A,
2026-02-19,us_10y_real_rate,1.79,pct,FRED,https://fred.stlouisfed.org/series/DFII10,2026-08-22T00:05:15.827355,daily,A,
2026-02-20,us_10y_real_rate,1.8,pct,FRED,https://fred.stlouisfed.org/series/DFII10,2026-08-22T00:05:15.827396,daily,A,
2026-02-23,us_10y_real_rate,1.77,pct,FRED,https://fred.stlouisfed.org/series/DFII10,2026-08-22T00:05:15.827438,daily,A,
2026-02-24,us_10y_real_rate,1.78,pct,FRED,https://fred.stlouisfed.org/series/DFII10,2026-08-22T00:05:15.827482,daily,A,
2026-02-25,us_10y_real_rate,1.77,pct,FRED,https://fred.stlouisfed.org/series/DFII10,2026-08-22T00:05:15.827523,daily,A,
2026-02-26,us_10y_real_rate,1.74,pct,FRED,https://fred.stlouisfed.org/series/DFII10,2026-08-22T00:05:15.827564,daily,A,
2026-02-27,us_10y_real_rate,1.72,pct,FRED,https://fred.stlouisfed.org/series/DFII10,2026-08-22T00:05:15.827605,daily,A,
2026-03-02,us_10y_real_rate,1.76,pct,FRED,https://fred.stlouisfed.org/series/DFII10,2026-08-22T00:05:15.827647,daily,A,
2026-03-03,us_10y_real_rate,1.77,pct,FRED,https://fred.stlouisfed.org/series/DFII10,2026-08-22T00:05:15.827688,daily,A,
2026-03-04,us_10y_real_rate,1.8,pct,FRED,https://fred.stlouisfed.org/series/DFII10,2026-08-22T00:05:15.827729,daily,A,
2026-03-05,us_10y_real_rate,1.82,pct,FRED,https://fred.stlouisfed.org/series/DFII10,2026-08-22T00:05:15.827793,daily,A,
2026-03-06,us_10y_real_rate,1.8,pct,FRED,https://fred.stlouisfed.org/series/DFII10,2026-08-22T00:05:15.827860,daily,A,
2026-03-09,us_10y_real_rate,1.78,pct,FRED,https://fred.stlouisfed.org/series/DFII10,2026-08-22T00:05:15.827923,daily,A,
2026-03-10,us_10y_real_rate,1.82,pct,FRED,https://fred.stlouisfed.org/series/DFII10,2026-08-22T00:05:15.827992,daily,A,
2026-03-11,us_10y_real_rate,1.85,pct,FRED,https://fred.stlouisfed.org/series/DFII10,2026-08-22T00:05:15.828075,daily,A,
2026-03-12,us_10y_real_rate,1.89,pct,FRED,https://fred.stlouisfed.org/series/DFII10,2026-08-22T00:05:15.828141,daily,A,
2026-03-13,us_10y_real_rate,1.92,pct,FRED,https://fred.stlouisfed.org/series/DFII10,2026-08-22T00:05:15.828212,daily,A,
2026-03-16,us_10y_real_rate,1.87,pct,FRED,https://fred.stlouisfed.org/series/DFII10,2026-08-22T00:05:15.828279,daily,A,
2026-03-17,us_10y_real_rate,1.83,pct,FRED,https://fred.stlouisfed.org/series/DFII10,2026-08-22T00:05:15.828340,daily,A,
2026-03-18,us_10y_real_rate,1.86,pct,FRED,https://fred.stlouisfed.org/series/DFII10,2026-08-22T00:05:15.828408,daily,A,
2026-03-19,us_10y_real_rate,1.88,pct,FRED,https://fred.stlouisfed.org/series/DFII10,2026-08-22T00:05:15.828479,daily,A,
2026-03-20,us_10y_real_rate,2.01,pct,FRED,https://fred.stlouisfed.org/series/DFII10,2026-08-22T00:05:15.828550,daily,A,
2026-03-23,us_10y_real_rate,2.01,pct,FRED,https://fred.stlouisfed.org/series/DFII10,2026-08-22T00:05:15.828619,daily,A,
2026-03-24,us_10y_real_rate,2.06,pct,FRED,https://fred.stlouisfed.org/series/DFII10,2026-08-22T00:05:15.828689,daily,A,
2026-03-25,us_10y_real_rate,2.02,pct,FRED,https://fred.stlouisfed.org/series/DFII10,2026-08-22T00:05:15.828759,daily,A,
2026-03-26,us_10y_real_rate,2.08,pct,FRED,https://fred.stlouisfed.org/series/DFII10,2026-08-22T00:05:15.828829,daily,A,
2026-03-27,us_10y_real_rate,2.13,pct,FRED,https://fred.stlouisfed.org/series/DFII10,2026-08-22T00:05:15.828900,daily,A,
2026-03-30,us_10y_real_rate,2.04,pct,FRED,https://fred.stlouisfed.org/series/DFII10,2026-08-22T00:05:15.828974,daily,A,
2026-03-31,us_10y_real_rate,2.0,pct,FRED,https://fred.stlouisfed.org/series/DFII10,2026-08-22T00:05:15.829065,daily,A,
2026-04-01,us_10y_real_rate,2.02,pct,FRED,https://fred.stlouisfed.org/series/DFII10,2026-08-22T00:05:15.829137,daily,A,
2026-04-02,us_10y_real_rate,1.97,pct,FRED,https://fred.stlouisfed.org/series/DFII10,2026-08-22T00:05:15.829208,daily,A,
2026-04-03,us_10y_real_rate,1.99,pct,FRED,https://fred.stlouisfed.org/series/DFII10,2026-08-22T00:05:15.829277,daily,A,
2026-04-06,us_10y_real_rate,1.98,pct,FRED,https://fred.stlouisfed.org/series/DFII10,2026-08-22T00:05:15.829345,daily,A,
2026-04-07,us_10y_real_rate,1.96,pct,FRED,https://fred.stlouisfed.org/series/DFII10,2026-08-22T00:05:15.829416,daily,A,
2026-04-08,us_10y_real_rate,1.96,pct,FRED,https://fred.stlouisfed.org/series/DFII10,2026-08-22T00:05:15.829480,daily,A,
2026-04-09,us_10y_real_rate,1.95,pct,FRED,https://fred.stlouisfed.org/series/DFII10,2026-08-22T00:05:15.829549,daily,A,
2026-04-10,us_10y_real_rate,1.95,pct,FRED,https://fred.stlouisfed.org/series/DFII10,2026-08-22T00:05:15.829615,daily,A,
2026-04-13,us_10y_real_rate,1.92,pct,FRED,https://fred.stlouisfed.org/series/DFII10,2026-08-22T00:05:15.829683,daily,A,
2026-04-14,us_10y_real_rate,1.89,pct,FRED,https://fred.stlouisfed.org/series/DFII10,2026-08-22T00:05:15.829747,daily,A,
2026-04-15,us_10y_real_rate,1.9,pct,FRED,https://fred.stlouisfed.org/series/DFII10,2026-08-22T00:05:15.829813,daily,A,
2026-04-16,us_10y_real_rate,1.93,pct,FRED,https://fred.stlouisfed.org/series/DFII10,2026-08-22T00:05:15.829884,daily,A,
2026-04-17,us_10y_real_rate,1.9,pct,FRED,https://fred.stlouisfed.org/series/DFII10,2026-08-22T00:05:15.829954,daily,A,
2026-04-20,us_10y_real_rate,1.91,pct,FRED,https://fred.stlouisfed.org/series/DFII10,2026-08-22T00:05:15.830036,daily,A,
2026-04-21,us_10y_real_rate,1.92,pct,FRED,https://fred.stlouisfed.org/series/DFII10,2026-08-22T00:05:15.830121,daily,A,
2026-04-22,us_10y_real_rate,1.92,pct,FRED,https://fred.stlouisfed.org/series/DFII10,2026-08-22T00:05:15.830191,daily,A,
2026-04-23,us_10y_real_rate,1.92,pct,FRED,https://fred.stlouisfed.org/series/DFII10,2026-08-22T00:05:15.830257,daily,A,
2026-04-24,us_10y_real_rate,1.89,pct,FRED,https://fred.stlouisfed.org/series/DFII10,2026-08-22T00:05:15.830327,daily,A,
2026-04-27,us_10y_real_rate,1.91,pct,FRED,https://fred.stlouisfed.org/series/DFII10,2026-08-22T00:05:15.830399,daily,A,
2026-04-28,us_10y_real_rate,1.92,pct,FRED,https://fred.stlouisfed.org/series/DFII10,2026-08-22T00:05:15.830470,daily,A,
2026-04-29,us_10y_real_rate,1.96,pct,FRED,https://fred.stlouisfed.org/series/DFII10,2026-08-22T00:05:15.830541,daily,A,
2026-04-30,us_10y_real_rate,1.94,pct,FRED,https://fred.stlouisfed.org/series/DFII10,2026-08-22T00:05:15.830614,daily,A,
2026-05-01,us_10y_real_rate,1.91,pct,FRED,https://fred.stlouisfed.org/series/DFII10,2026-08-22T00:05:15.830671,daily,A,
2026-05-04,us_10y_real_rate,1.95,pct,FRED,https://fred.stlouisfed.org/series/DFII10,2026-08-22T00:05:15.830724,daily,A,
2026-05-05,us_10y_real_rate,1.96,pct,FRED,https://fred.stlouisfed.org/series/DFII10,2026-08-22T00:05:15.830777,daily,A,
2026-05-06,us_10y_real_rate,1.94,pct,FRED,https://fred.stlouisfed.org/series/DFII10,2026-08-22T00:05:15.830831,daily,A,
2026-05-07,us_10y_real_rate,1.96,pct,FRED,https://fred.stlouisfed.org/series/DFII10,2026-08-22T00:05:15.830886,daily,A,
2026-05-08,us_10y_real_rate,1.93,pct,FRED,https://fred.stlouisfed.org/series/DFII10,2026-08-22T00:05:15.830940,daily,A,
2026-05-11,us_10y_real_rate,1.95,pct,FRED,https://fred.stlouisfed.org/series/DFII10,2026-08-22T00:05:15.831005,daily,A,
2026-05-12,us_10y_real_rate,1.99,pct,FRED,https://fred.stlouisfed.org/series/DFII10,2026-08-22T00:05:15.831101,daily,A,
2026-05-13,us_10y_real_rate,1.99,pct,FRED,https://fred.stlouisfed.org/series/DFII10,2026-08-22T00:05:15.831198,daily,A,
2026-05-14,us_10y_real_rate,2.0,pct,FRED,https://fred.stlouisfed.org/series/DFII10,2026-08-22T00:05:15.831275,daily,A,
2026-05-15,us_10y_real_rate,2.1,pct,FRED,https://fred.stlouisfed.org/series/DFII10,2026-08-22T00:05:15.831341,daily,A,
2026-05-18,us_10y_real_rate,2.13,pct,FRED,https://fred.stlouisfed.org/series/DFII10,2026-08-22T00:05:15.831424,daily,A,
2026-05-19,us_10y_real_rate,2.18,pct,FRED,https://fred.stlouisfed.org/series/DFII10,2026-08-22T00:05:15.831506,daily,A,
2026-05-20,us_10y_real_rate,2.13,pct,FRED,https://fred.stlouisfed.org/series/DFII10,2026-08-22T00:05:15.831585,daily,A,
2026-05-21,us_10y_real_rate,2.18,pct,FRED,https://fred.stlouisfed.org/series/DFII10,2026-08-22T00:05:15.831665,daily,A,
2026-05-22,us_10y_real_rate,2.16,pct,FRED,https://fred.stlouisfed.org/series/DFII10,2026-08-22T00:05:15.831745,daily,A,
2026-05-26,us_10y_real_rate,2.1,pct,FRED,https://fred.stlouisfed.org/series/DFII10,2026-08-22T00:05:15.831826,daily,A,
2026-05-27,us_10y_real_rate,2.09,pct,FRED,https://fred.stlouisfed.org/series/DFII10,2026-08-22T00:05:15.831908,daily,A,
2026-05-28,us_10y_real_rate,2.06,pct,FRED,https://fred.stlouisfed.org/series/DFII10,2026-08-22T00:05:15.831988,daily,A,
2026-05-29,us_10y_real_rate,2.07,pct,FRED,https://fred.stlouisfed.org/series/DFII10,2026-08-22T00:05:15.832086,daily,A,
2026-06-01,us_10y_real_rate,2.07,pct,FRED,https://fred.stlouisfed.org/series/DFII10,2026-08-22T00:05:15.832174,daily,A,
2026-06-02,us_10y_real_rate,2.07,pct,FRED,https://fred.stlouisfed.org/series/DFII10,2026-08-22T00:05:15.832255,daily,A,
2026-06-03,us_10y_real_rate,2.11,pct,FRED,https://fred.stlouisfed.org/series/DFII10,2026-08-22T00:05:15.832337,daily,A,
2026-06-04,us_10y_real_rate,2.11,pct,FRED,https://fred.stlouisfed.org/series/DFII10,2026-08-22T00:05:15.832418,daily,A,
2026-06-05,us_10y_real_rate,2.19,pct,FRED,https://fred.stlouisfed.org/series/DFII10,2026-08-22T00:05:15.832498,daily,A,
2026-06-08,us_10y_real_rate,2.21,pct,FRED,https://fred.stlouisfed.org/series/DFII10,2026-08-22T00:05:15.832578,daily,A,
2026-06-09,us_10y_real_rate,2.2,pct,FRED,https://fred.stlouisfed.org/series/DFII10,2026-08-22T00:05:15.832659,daily,A,
2026-06-10,us_10y_real_rate,2.21,pct,FRED,https://fred.stlouisfed.org/series/DFII10,2026-08-22T00:05:15.832737,daily,A,
2026-06-11,us_10y_real_rate,2.16,pct,FRED,https://fred.stlouisfed.org/series/DFII10,2026-08-22T00:05:15.832816,daily,A,
2026-06-12,us_10y_real_rate,2.17,pct,FRED,https://fred.stlouisfed.org/series/DFII10,2026-08-22T00:05:15.832896,daily,A,
2026-06-15,us_10y_real_rate,2.15,pct,FRED,https://fred.stlouisfed.org/series/DFII10,2026-08-22T00:05:15.832977,daily,A,
2026-06-16,us_10y_real_rate,2.14,pct,FRED,https://fred.stlouisfed.org/series/DFII10,2026-08-22T00:05:15.833070,daily,A,
2026-06-17,us_10y_real_rate,2.23,pct,FRED,https://fred.stlouisfed.org/series/DFII10,2026-08-22T00:05:15.833154,daily,A,
2026-06-18,us_10y_real_rate,2.21,pct,FRED,https://fred.stlouisfed.org/series/DFII10,2026-08-22T00:05:15.833235,daily,A,
2026-06-22,us_10y_real_rate,2.28,pct,FRED,https://fred.stlouisfed.org/series/DFII10,2026-08-22T00:05:15.833314,daily,A,
2026-06-23,us_10y_real_rate,2.29,pct,FRED,https://fred.stlouisfed.org/series/DFII10,2026-08-22T00:05:15.833395,daily,A,
2026-06-24,us_10y_real_rate,2.23,pct,FRED,https://fred.stlouisfed.org/series/DFII10,2026-08-22T00:05:15.833484,daily,A,
2026-06-25,us_10y_real_rate,2.19,pct,FRED,https://fred.stlouisfed.org/series/DFII10,2026-08-22T00:05:15.833563,daily,A,
2026-06-26,us_10y_real_rate,2.18,pct,FRED,https://fred.stlouisfed.org/series/DFII10,2026-08-22T00:05:15.833642,daily,A,
2026-06-29,us_10y_real_rate,2.16,pct,FRED,https://fred.stlouisfed.org/series/DFII10,2026-08-22T00:05:15.833722,daily,A,
2026-06-30,us_10y_real_rate,2.2,pct,FRED,https://fred.stlouisfed.org/series/DFII10,2026-08-22T00:05:15.833803,daily,A,
2026-07-01,us_10y_real_rate,2.25,pct,FRED,https://fred.stlouisfed.org/series/DFII10,2026-08-22T00:05:15.833883,daily,A,
2026-07-02,us_10y_real_rate,2.26,pct,FRED,https://fred.stlouisfed.org/series/DFII10,2026-08-22T00:05:15.833964,daily,A,
2026-07-06,us_10y_real_rate,2.24,pct,FRED,https://fred.stlouisfed.org/series/DFII10,2026-08-22T00:05:15.834058,daily,A,
2026-07-07,us_10y_real_rate,2.3,pct,FRED,https://fred.stlouisfed.org/series/DFII10,2026-08-22T00:05:15.834144,daily,A,
2026-07-08,us_10y_real_rate,2.31,pct,FRED,https://fred.stlouisfed.org/series/DFII10,2026-08-22T00:05:15.834225,daily,A,
2026-07-09,us_10y_real_rate,2.31,pct,FRED,https://fred.stlouisfed.org/series/DFII10,2026-08-22T00:05:15.834305,daily,A,
2026-07-10,us_10y_real_rate,2.32,pct,FRED,https://fred.stlouisfed.org/series/DFII10,2026-08-22T00:05:15.834386,daily,A,
2026-07-13,us_10y_real_rate,2.36,pct,FRED,https://fred.stlouisfed.org/series/DFII10,2026-08-22T00:05:15.834464,daily,A,
2026-07-14,us_10y_real_rate,2.33,pct,FRED,https://fred.stlouisfed.org/series/DFII10,2026-08-22T00:05:15.834544,daily,A,
2026-07-15,us_10y_real_rate,2.32,pct,FRED,https://fred.stlouisfed.org/series/DFII10,2026-08-22T00:05:15.834625,daily,A,
2026-07-16,us_10y_real_rate,2.35,pct,FRED,https://fred.stlouisfed.org/series/DFII10,2026-08-22T00:05:15.834706,daily,A,
2026-07-17,us_10y_real_rate,2.31,pct,FRED,https://fred.stlouisfed.org/series/DFII10,2026-08-22T00:05:15.834785,daily,A,
2026-07-20,us_10y_real_rate,2.35,pct,FRED,https://fred.stlouisfed.org/series/DFII10,2026-08-22T00:05:15.834865,daily,A,
2026-07-21,us_10y_real_rate,2.37,pct,FRED,https://fred.stlouisfed.org/series/DFII10,2026-08-22T00:05:15.834946,daily,A,
2026-07-22,us_10y_real_rate,2.39,pct,FRED,https://fred.stlouisfed.org/series/DFII10,2026-08-22T00:05:15.835039,daily,A,
2026-07-23,us_10y_real_rate,2.43,pct,FRED,https://fred.stlouisfed.org/series/DFII10,2026-08-22T00:05:15.835127,daily,A,
2026-07-24,us_10y_real_rate,2.43,pct,FRED,https://fred.stlouisfed.org/series/DFII10,2026-08-22T00:05:15.835228,daily,A,
2026-07-27,us_10y_real_rate,2.44,pct,FRED,https://fred.stlouisfed.org/series/DFII10,2026-08-22T00:05:15.835313,daily,A,
2026-07-28,us_10y_real_rate,2.41,pct,FRED,https://fred.stlouisfed.org/series/DFII10,2026-08-22T00:05:15.835393,daily,A,
2026-07-29,us_10y_real_rate,2.41,pct,FRED,https://fred.stlouisfed.org/series/DFII10,2026-08-22T00:05:15.835473,daily,A,
2026-07-30,us_10y_real_rate,2.41,pct,FRED,https://fred.stlouisfed.org/series/DFII10,2026-08-22T00:05:15.835552,daily,A,
2026-07-31,us_10y_real_rate,2.47,pct,FRED,https://fred.stlouisfed.org/series/DFII10,2026-08-22T00:05:15.835632,daily,A,
2026-08-03,us_10y_real_rate,2.43,pct,FRED,https://fred.stlouisfed.org/series/DFII10,2026-08-22T00:05:15.835712,daily,A,
2026-08-04,us_10y_real_rate,2.4,pct,FRED,https://fred.stlouisfed.org/series/DFII10,2026-08-22T00:05:15.835793,daily,A,
2026-08-05,us_10y_real_rate,2.41,pct,FRED,https://fred.stlouisfed.org/series/DFII10,2026-08-22T00:05:15.835872,daily,A,
2026-08-06,us_10y_real_rate,2.43,pct,FRED,https://fred.stlouisfed.org/series/DFII10,2026-08-22T00:05:15.835952,daily,A,
2026-08-07,us_10y_real_rate,2.4,pct,FRED,https://fred.stlouisfed.org/series/DFII10,2026-08-22T00:05:15.836042,daily,A,
2026-08-10,us_10y_real_rate,2.43,pct,FRED,https://fred.stlouisfed.org/series/DFII10,2026-08-22T00:05:15.836129,daily,A,
2026-08-11,us_10y_real_rate,2.43,pct,FRED,https://fred.stlouisfed.org/series/DFII10,2026-08-22T00:05:15.836210,daily,A,
2026-08-12,us_10y_real_rate,2.42,pct,FRED,https://fred.stlouisfed.org/series/DFII10,2026-08-22T00:05:15.836290,daily,A,
2026-08-13,us_10y_real_rate,2.39,pct,FRED,https://fred.stlouisfed.org/series/DFII10,2026-08-22T00:05:15.836371,daily,A,
2026-08-14,us_10y_real_rate,2.41,pct,FRED,https://fred.stlouisfed.org/series/DFII10,2026-08-22T00:05:15.836454,daily,A,
2026-08-17,us_10y_real_rate,2.44,pct,FRED,https://fred.stlouisfed.org/series/DFII10,2026-08-22T00:05:15.836532,daily,A,
2026-08-18,us_10y_real_rate,2.41,pct,FRED,https://fred.stlouisfed.org/series/DFII10,2026-08-22T00:05:15.836622,daily,A,
2026-08-19,us_10y_real_rate,2.35,pct,FRED,https://fred.stlouisfed.org/series/DFII10,2026-08-22T00:05:15.836701,daily,A,
2026-08-20,us_10y_real_rate,2.35,pct,FRED,https://fred.stlouisfed.org/series/DFII10,2026-08-22T00:05:15.836781,daily,A,
2026-05-01,us_ism_manufacturing,54.0,index,ISM,https://www.ismworld.org/,2026-08-22T00:05:37.469719,monthly,A,May 2026 official release (was 48.5 erroneous)
2026-06-01,us_ism_manufacturing,53.3,index,ISM,https://www.ismworld.org/,2026-08-22T00:05:37.469724,monthly,A,June 2026 official release; PMI 53.3 (-0.7 vs May 54.0)
2026-07-01,us_ism_manufacturing,55.6,index,ISM,https://www.prnewswire.com/news-releases/manufacturing-pmi-at-55-6-july-2026-ism-manufacturing-pmi-report-302840669.html,2026-08-22T00:05:37.469730,monthly,A,July 2026 official release; PMI 55.6 (+2.3 vs June 53.3; highest since May 2022)
2026-01-01,wire_cable_output_yoy,5.5,pct,国家统计局,,2026-08-22T00:05:37.469735,monthly,B,from 电网指标监控数据_2026-06-29.csv
2026-02-01,wire_cable_output_yoy,4.3,pct,国家统计局,,2026-08-22T00:05:37.469740,monthly,B,from 电网指标监控数据_2026-06-29.csv
2026-03-01,wire_cable_output_yoy,3.3,pct,国家统计局,,2026-08-22T00:05:37.469745,monthly,B,from 电网指标监控数据_2026-06-29.csv
2026-04-01,wire_cable_output_yoy,8.7,pct,国家统计局,,2026-08-22T00:05:37.469750,monthly,B,from 电网指标监控数据_2026-06-29.csv
2026-05-01,wire_cable_output_yoy,5.0,pct,国家统计局,,2026-08-22T00:05:37.469754,monthly,B,from 电网指标监控数据_2026-06-29.csv
