date,indicator,value,unit,source,source_url,updated_at,frequency,confidence,note
2025-05-31,china_new_orders_pmi,48.3,index,财新网,https://www.caixin.com/,2026-07-05T00:03:11.629924,monthly,C,
2025-06-30,china_new_orders_pmi,50.4,index,财新网,https://www.caixin.com/,2026-08-03T00:06:36.277050,monthly,C,Historical fallback; recent months overridden by NBS new-orders sub-index in manual_indicators.csv
2025-07-31,china_new_orders_pmi,49.5,index,财新网,https://www.caixin.com/,2026-08-03T00:06:36.277174,monthly,C,Historical fallback; recent months overridden by NBS new-orders sub-index in manual_indicators.csv
2025-08-31,china_new_orders_pmi,50.5,index,财新网,https://www.caixin.com/,2026-08-03T00:06:36.277287,monthly,C,Historical fallback; recent months overridden by NBS new-orders sub-index in manual_indicators.csv
2025-09-30,china_new_orders_pmi,51.2,index,财新网,https://www.caixin.com/,2026-08-03T00:06:36.277398,monthly,C,Historical fallback; recent months overridden by NBS new-orders sub-index in manual_indicators.csv
2025-10-31,china_new_orders_pmi,50.6,index,财新网,https://www.caixin.com/,2026-08-03T00:06:36.277509,monthly,C,Historical fallback; recent months overridden by NBS new-orders sub-index in manual_indicators.csv
2025-11-30,china_new_orders_pmi,49.9,index,财新网,https://www.caixin.com/,2026-08-03T00:06:36.277632,monthly,C,Historical fallback; recent months overridden by NBS new-orders sub-index in manual_indicators.csv
2025-12-31,china_new_orders_pmi,50.1,index,财新网,https://www.caixin.com/,2026-08-03T00:06:36.277759,monthly,C,Historical fallback; recent months overridden by NBS new-orders sub-index in manual_indicators.csv
2026-01-31,china_new_orders_pmi,50.3,index,财新网,https://www.caixin.com/,2026-08-03T00:06:36.277870,monthly,C,Historical fallback; recent months overridden by NBS new-orders sub-index in manual_indicators.csv
2026-02-28,china_new_orders_pmi,52.1,index,财新网,https://www.caixin.com/,2026-08-03T00:06:36.277977,monthly,C,Historical fallback; recent months overridden by NBS new-orders sub-index in manual_indicators.csv
2026-03-31,china_new_orders_pmi,50.8,index,财新网,https://www.caixin.com/,2026-08-03T00:06:36.278085,monthly,C,Historical fallback; recent months overridden by NBS new-orders sub-index in manual_indicators.csv
2026-04-30,china_new_orders_pmi,52.2,index,财新网,https://www.caixin.com/,2026-08-03T00:06:36.278192,monthly,C,Historical fallback; recent months overridden by NBS new-orders sub-index in manual_indicators.csv
2026-05-01,china_new_orders_pmi,49.9,index,国家统计局,https://www.stats.gov.cn/,2026-08-03T00:06:55.754625,monthly,A,NBS manufacturing new orders sub-index May 2026
2026-06-01,china_new_orders_pmi,51.2,index,国家统计局,https://www.stats.gov.cn/,2026-08-03T00:06:55.754637,monthly,A,NBS manufacturing new orders sub-index June 2026
2025-06-01,china_pmi,49.7,index,东方财富-国家统计局,https://data.eastmoney.com/cjsj/pmi.html,2026-07-06T10:42:43.343443,monthly,A,
2025-07-01,china_pmi,49.3,index,东方财富-国家统计局,https://data.eastmoney.com/cjsj/pmi.html,2026-08-03T00:06:31.759911,monthly,A,
2025-08-01,china_pmi,49.4,index,东方财富-国家统计局,https://data.eastmoney.com/cjsj/pmi.html,2026-08-03T00:06:31.759843,monthly,A,
2025-09-01,china_pmi,49.8,index,东方财富-国家统计局,https://data.eastmoney.com/cjsj/pmi.html,2026-08-03T00:06:31.759779,monthly,A,
2025-10-01,china_pmi,49.0,index,东方财富-国家统计局,https://data.eastmoney.com/cjsj/pmi.html,2026-08-03T00:06:31.759711,monthly,A,
2025-11-01,china_pmi,49.2,index,东方财富-国家统计局,https://data.eastmoney.com/cjsj/pmi.html,2026-08-03T00:06:31.759635,monthly,A,
2025-12-01,china_pmi,50.1,index,东方财富-国家统计局,https://data.eastmoney.com/cjsj/pmi.html,2026-08-03T00:06:31.759570,monthly,A,
2026-01-01,china_pmi,49.3,index,东方财富-国家统计局,https://data.eastmoney.com/cjsj/pmi.html,2026-08-03T00:06:31.759505,monthly,A,
2026-02-01,china_pmi,49.0,index,东方财富-国家统计局,https://data.eastmoney.com/cjsj/pmi.html,2026-08-03T00:06:31.759439,monthly,A,
2026-03-01,china_pmi,50.4,index,东方财富-国家统计局,https://data.eastmoney.com/cjsj/pmi.html,2026-08-03T00:06:31.759369,monthly,A,
2026-04-01,china_pmi,50.3,index,东方财富-国家统计局,https://data.eastmoney.com/cjsj/pmi.html,2026-08-03T00:06:31.759301,monthly,A,
2026-05-01,china_pmi,50.0,index,东方财富-国家统计局,https://data.eastmoney.com/cjsj/pmi.html,2026-08-03T00:06:31.759228,monthly,A,
2026-06-01,china_pmi,50.3,index,东方财富-国家统计局,https://data.eastmoney.com/cjsj/pmi.html,2026-08-03T00:06:31.759152,monthly,A,
2026-07-01,china_pmi,49.2,index,东方财富-国家统计局,https://data.eastmoney.com/cjsj/pmi.html,2026-08-03T00:06:31.759055,monthly,A,
2026-03-16,comex_inventory,171455.0,ton,金属库存监控,,2026-08-03T00:06:55.754645,daily,B,from metal_inventory_monitor.csv
2026-03-17,comex_inventory,172689.0,ton,金属库存监控,,2026-08-03T00:06:55.754652,daily,B,from metal_inventory_monitor.csv
2026-03-18,comex_inventory,173237.0,ton,金属库存监控,,2026-08-03T00:06:55.754669,daily,B,from metal_inventory_monitor.csv
2026-03-19,comex_inventory,169777.0,ton,金属库存监控,,2026-08-03T00:06:55.754676,daily,B,from metal_inventory_monitor.csv
2026-03-20,comex_inventory,173668.0,ton,金属库存监控,,2026-08-03T00:06:55.754681,daily,B,from metal_inventory_monitor.csv
2026-03-21,comex_inventory,171872.0,ton,金属库存监控,,2026-08-03T00:06:55.754687,daily,B,from metal_inventory_monitor.csv
2026-03-22,comex_inventory,172740.0,ton,金属库存监控,,2026-08-03T00:06:55.754692,daily,B,from metal_inventory_monitor.csv
2026-03-23,comex_inventory,170267.0,ton,金属库存监控,,2026-08-03T00:06:55.754697,daily,B,from metal_inventory_monitor.csv
2026-03-24,comex_inventory,177452.0,ton,金属库存监控,,2026-08-03T00:06:55.754703,daily,B,from metal_inventory_monitor.csv
2026-03-25,comex_inventory,172511.0,ton,金属库存监控,,2026-08-03T00:06:55.754708,daily,B,from metal_inventory_monitor.csv
2026-03-26,comex_inventory,174412.0,ton,金属库存监控,,2026-08-03T00:06:55.754714,daily,B,from metal_inventory_monitor.csv
2026-03-27,comex_inventory,177969.0,ton,金属库存监控,,2026-08-03T00:06:55.754719,daily,B,from metal_inventory_monitor.csv
2026-03-28,comex_inventory,177600.0,ton,金属库存监控,,2026-08-03T00:06:55.754724,daily,B,from metal_inventory_monitor.csv
2026-03-29,comex_inventory,172154.0,ton,金属库存监控,,2026-08-03T00:06:55.754729,daily,B,from metal_inventory_monitor.csv
2026-03-30,comex_inventory,175046.0,ton,金属库存监控,,2026-08-03T00:06:55.754733,daily,B,from metal_inventory_monitor.csv
2026-03-31,comex_inventory,173141.0,ton,金属库存监控,,2026-08-03T00:06:55.754739,daily,B,from metal_inventory_monitor.csv
2026-04-01,comex_inventory,176490.0,ton,金属库存监控,,2026-08-03T00:06:55.754744,daily,B,from metal_inventory_monitor.csv
2026-04-02,comex_inventory,175812.0,ton,金属库存监控,,2026-08-03T00:06:55.754749,daily,B,from metal_inventory_monitor.csv
2026-04-03,comex_inventory,175124.0,ton,金属库存监控,,2026-08-03T00:06:55.754754,daily,B,from metal_inventory_monitor.csv
2026-04-04,comex_inventory,180320.0,ton,金属库存监控,,2026-08-03T00:06:55.754759,daily,B,from metal_inventory_monitor.csv
2026-04-05,comex_inventory,174780.0,ton,金属库存监控,,2026-08-03T00:06:55.754765,daily,B,from metal_inventory_monitor.csv
2026-04-06,comex_inventory,173819.0,ton,金属库存监控,,2026-08-03T00:06:55.754770,daily,B,from metal_inventory_monitor.csv
2026-04-07,comex_inventory,176136.0,ton,金属库存监控,,2026-08-03T00:06:55.754776,daily,B,from metal_inventory_monitor.csv
2026-04-08,comex_inventory,180578.0,ton,金属库存监控,,2026-08-03T00:06:55.754781,daily,B,from metal_inventory_monitor.csv
2026-04-09,comex_inventory,179677.0,ton,金属库存监控,,2026-08-03T00:06:55.754787,daily,B,from metal_inventory_monitor.csv
2026-04-10,comex_inventory,180308.0,ton,金属库存监控,,2026-08-03T00:06:55.754792,daily,B,from metal_inventory_monitor.csv
2026-04-11,comex_inventory,175257.0,ton,金属库存监控,,2026-08-03T00:06:55.754797,daily,B,from metal_inventory_monitor.csv
2026-04-12,comex_inventory,175989.0,ton,金属库存监控,,2026-08-03T00:06:55.754802,daily,B,from metal_inventory_monitor.csv
2026-04-13,comex_inventory,179738.0,ton,金属库存监控,,2026-08-03T00:06:55.754807,daily,B,from metal_inventory_monitor.csv
2026-04-14,comex_inventory,174349.0,ton,金属库存监控,,2026-08-03T00:06:55.754812,daily,B,from metal_inventory_monitor.csv
2026-04-15,comex_inventory,177505.0,ton,金属库存监控,,2026-08-03T00:06:55.754817,daily,B,from metal_inventory_monitor.csv
2026-04-16,comex_inventory,177270.0,ton,金属库存监控,,2026-08-03T00:06:55.754822,daily,B,from metal_inventory_monitor.csv
2026-04-17,comex_inventory,176154.0,ton,金属库存监控,,2026-08-03T00:06:55.754827,daily,B,from metal_inventory_monitor.csv
2026-04-18,comex_inventory,176314.0,ton,金属库存监控,,2026-08-03T00:06:55.754832,daily,B,from metal_inventory_monitor.csv
2026-04-19,comex_inventory,174998.0,ton,金属库存监控,,2026-08-03T00:06:55.754837,daily,B,from metal_inventory_monitor.csv
2026-04-20,comex_inventory,177513.0,ton,金属库存监控,,2026-08-03T00:06:55.754841,daily,B,from metal_inventory_monitor.csv
2026-04-21,comex_inventory,176513.0,ton,金属库存监控,,2026-08-03T00:06:55.754846,daily,B,from metal_inventory_monitor.csv
2026-04-22,comex_inventory,180318.0,ton,金属库存监控,,2026-08-03T00:06:55.754851,daily,B,from metal_inventory_monitor.csv
2026-04-23,comex_inventory,181247.0,ton,金属库存监控,,2026-08-03T00:06:55.754856,daily,B,from metal_inventory_monitor.csv
2026-04-24,comex_inventory,176920.0,ton,金属库存监控,,2026-08-03T00:06:55.754861,daily,B,from metal_inventory_monitor.csv
2026-04-25,comex_inventory,177425.0,ton,金属库存监控,,2026-08-03T00:06:55.754866,daily,B,from metal_inventory_monitor.csv
2026-04-26,comex_inventory,179202.0,ton,金属库存监控,,2026-08-03T00:06:55.754872,daily,B,from metal_inventory_monitor.csv
2026-04-27,comex_inventory,176217.0,ton,金属库存监控,,2026-08-03T00:06:55.754877,daily,B,from metal_inventory_monitor.csv
2026-04-28,comex_inventory,180969.0,ton,金属库存监控,,2026-08-03T00:06:55.754883,daily,B,from metal_inventory_monitor.csv
2026-04-29,comex_inventory,180346.0,ton,金属库存监控,,2026-08-03T00:06:55.754887,daily,B,from metal_inventory_monitor.csv
2026-04-30,comex_inventory,180491.0,ton,金属库存监控,,2026-08-03T00:06:55.754892,daily,B,from metal_inventory_monitor.csv
2026-05-01,comex_inventory,179637.0,ton,金属库存监控,,2026-08-03T00:06:55.754898,daily,B,from metal_inventory_monitor.csv
2026-05-02,comex_inventory,178060.0,ton,金属库存监控,,2026-08-03T00:06:55.754903,daily,B,from metal_inventory_monitor.csv
2026-05-03,comex_inventory,177253.0,ton,金属库存监控,,2026-08-03T00:06:55.754908,daily,B,from metal_inventory_monitor.csv
2026-05-04,comex_inventory,179490.0,ton,金属库存监控,,2026-08-03T00:06:55.754913,daily,B,from metal_inventory_monitor.csv
2026-05-05,comex_inventory,173889.0,ton,金属库存监控,,2026-08-03T00:06:55.754918,daily,B,from metal_inventory_monitor.csv
2026-05-06,comex_inventory,179366.0,ton,金属库存监控,,2026-08-03T00:06:55.754923,daily,B,from metal_inventory_monitor.csv
2026-05-07,comex_inventory,179618.0,ton,金属库存监控,,2026-08-03T00:06:55.754928,daily,B,from metal_inventory_monitor.csv
2026-05-08,comex_inventory,179660.0,ton,金属库存监控,,2026-08-03T00:06:55.754934,daily,B,from metal_inventory_monitor.csv
2026-05-09,comex_inventory,173624.0,ton,金属库存监控,,2026-08-03T00:06:55.754938,daily,B,from metal_inventory_monitor.csv
2026-05-10,comex_inventory,173840.0,ton,金属库存监控,,2026-08-03T00:06:55.754944,daily,B,from metal_inventory_monitor.csv
2026-05-11,comex_inventory,176282.0,ton,金属库存监控,,2026-08-03T00:06:55.754949,daily,B,from metal_inventory_monitor.csv
2026-05-12,comex_inventory,177423.0,ton,金属库存监控,,2026-08-03T00:06:55.754954,daily,B,from metal_inventory_monitor.csv
2026-05-13,comex_inventory,174297.0,ton,金属库存监控,,2026-08-03T00:06:55.754960,daily,B,from metal_inventory_monitor.csv
2026-05-14,comex_inventory,179082.0,ton,金属库存监控,,2026-08-03T00:06:55.754965,daily,B,from metal_inventory_monitor.csv
2026-05-15,comex_inventory,177253.0,ton,金属库存监控,,2026-08-03T00:06:55.754969,daily,B,from metal_inventory_monitor.csv
2026-05-16,comex_inventory,178009.0,ton,金属库存监控,,2026-08-03T00:06:55.754974,daily,B,from metal_inventory_monitor.csv
2026-05-17,comex_inventory,175112.0,ton,金属库存监控,,2026-08-03T00:06:55.754979,daily,B,from metal_inventory_monitor.csv
2026-05-18,comex_inventory,175709.0,ton,金属库存监控,,2026-08-03T00:06:55.755007,daily,B,from metal_inventory_monitor.csv
2026-05-19,comex_inventory,174036.0,ton,金属库存监控,,2026-08-03T00:06:55.755013,daily,B,from metal_inventory_monitor.csv
2026-05-20,comex_inventory,175971.0,ton,金属库存监控,,2026-08-03T00:06:55.755018,daily,B,from metal_inventory_monitor.csv
2026-05-21,comex_inventory,174542.0,ton,金属库存监控,,2026-08-03T00:06:55.755023,daily,B,from metal_inventory_monitor.csv
2026-05-22,comex_inventory,177366.0,ton,金属库存监控,,2026-08-03T00:06:55.755028,daily,B,from metal_inventory_monitor.csv
2026-05-23,comex_inventory,172018.0,ton,金属库存监控,,2026-08-03T00:06:55.755033,daily,B,from metal_inventory_monitor.csv
2026-05-24,comex_inventory,177114.0,ton,金属库存监控,,2026-08-03T00:06:55.755038,daily,B,from metal_inventory_monitor.csv
2026-05-25,comex_inventory,172635.0,ton,金属库存监控,,2026-08-03T00:06:55.755044,daily,B,from metal_inventory_monitor.csv
2026-05-26,comex_inventory,170896.0,ton,金属库存监控,,2026-08-03T00:06:55.755049,daily,B,from metal_inventory_monitor.csv
2026-05-27,comex_inventory,175921.0,ton,金属库存监控,,2026-08-03T00:06:55.755054,daily,B,from metal_inventory_monitor.csv
2026-05-28,comex_inventory,170965.0,ton,金属库存监控,,2026-08-03T00:06:55.755059,daily,B,from metal_inventory_monitor.csv
2026-05-29,comex_inventory,169612.0,ton,金属库存监控,,2026-08-03T00:06:55.755064,daily,B,from metal_inventory_monitor.csv
2026-05-30,comex_inventory,172706.0,ton,金属库存监控,,2026-08-03T00:06:55.755070,daily,B,from metal_inventory_monitor.csv
2026-05-31,comex_inventory,174252.0,ton,金属库存监控,,2026-08-03T00:06:55.755075,daily,B,from metal_inventory_monitor.csv
2026-06-01,comex_inventory,173906.0,ton,金属库存监控,,2026-08-03T00:06:55.755080,daily,B,from metal_inventory_monitor.csv
2026-06-02,comex_inventory,170653.0,ton,金属库存监控,,2026-08-03T00:06:55.755085,daily,B,from metal_inventory_monitor.csv
2026-06-03,comex_inventory,168914.0,ton,金属库存监控,,2026-08-03T00:06:55.755090,daily,B,from metal_inventory_monitor.csv
2026-06-04,comex_inventory,170968.0,ton,金属库存监控,,2026-08-03T00:06:55.755095,daily,B,from metal_inventory_monitor.csv
2026-06-05,comex_inventory,171463.0,ton,金属库存监控,,2026-08-03T00:06:55.755100,daily,B,from metal_inventory_monitor.csv
2026-06-06,comex_inventory,171188.0,ton,金属库存监控,,2026-08-03T00:06:55.755105,daily,B,from metal_inventory_monitor.csv
2026-06-07,comex_inventory,167925.0,ton,金属库存监控,,2026-08-03T00:06:55.755110,daily,B,from metal_inventory_monitor.csv
2026-06-08,comex_inventory,171591.0,ton,金属库存监控,,2026-08-03T00:06:55.755115,daily,B,from metal_inventory_monitor.csv
2026-06-09,comex_inventory,167277.0,ton,金属库存监控,,2026-08-03T00:06:55.755120,daily,B,from metal_inventory_monitor.csv
2026-06-10,comex_inventory,169817.0,ton,金属库存监控,,2026-08-03T00:06:55.755126,daily,B,from metal_inventory_monitor.csv
2026-06-11,comex_inventory,169333.0,ton,金属库存监控,,2026-08-03T00:06:55.755131,daily,B,from metal_inventory_monitor.csv
2026-06-12,comex_inventory,165460.0,ton,金属库存监控,,2026-08-03T00:06:55.755136,daily,B,from metal_inventory_monitor.csv
2026-06-13,comex_inventory,172406.0,ton,金属库存监控,,2026-08-03T00:06:55.755142,daily,B,from metal_inventory_monitor.csv
2026-06-14,comex_inventory,168006.0,ton,金属库存监控,,2026-08-03T00:06:55.755147,daily,B,from metal_inventory_monitor.csv
2026-06-15,comex_inventory,167199.0,ton,金属库存监控,,2026-08-03T00:06:55.755153,daily,B,from metal_inventory_monitor.csv
2026-06-16,comex_inventory,170060.0,ton,金属库存监控,,2026-08-03T00:06:55.755158,daily,B,from metal_inventory_monitor.csv
2026-06-17,comex_inventory,164400.0,ton,金属库存监控,,2026-08-03T00:06:55.755163,daily,B,from metal_inventory_monitor.csv
2026-06-18,comex_inventory,166344.0,ton,金属库存监控,,2026-08-03T00:06:55.755168,daily,B,from metal_inventory_monitor.csv
2026-06-19,comex_inventory,169975.0,ton,金属库存监控,,2026-08-03T00:06:55.755173,daily,B,from metal_inventory_monitor.csv
2026-06-20,comex_inventory,166815.0,ton,金属库存监控,,2026-08-03T00:06:55.755178,daily,B,from metal_inventory_monitor.csv
2026-06-21,comex_inventory,169737.0,ton,金属库存监控,,2026-08-03T00:06:55.755184,daily,B,from metal_inventory_monitor.csv
2026-06-22,comex_inventory,168572.0,ton,金属库存监控,,2026-08-03T00:06:55.755189,daily,B,from metal_inventory_monitor.csv
2026-06-23,comex_inventory,167918.0,ton,金属库存监控,,2026-08-03T00:06:55.755194,daily,B,from metal_inventory_monitor.csv
2026-06-24,comex_inventory,167158.0,ton,金属库存监控,,2026-08-03T00:06:55.755199,daily,B,from metal_inventory_monitor.csv
2026-06-25,comex_inventory,166155.0,ton,金属库存监控,,2026-08-03T00:06:55.755204,daily,B,from metal_inventory_monitor.csv
2026-06-26,comex_inventory,166435.0,ton,金属库存监控,,2026-08-03T00:06:55.755209,daily,B,from metal_inventory_monitor.csv
2026-06-27,comex_inventory,166917.0,ton,金属库存监控,,2026-08-03T00:06:55.755214,daily,B,from metal_inventory_monitor.csv
2026-06-28,comex_inventory,164017.0,ton,金属库存监控,,2026-08-03T00:06:55.755219,daily,B,from metal_inventory_monitor.csv
2026-06-29,comex_inventory,168806.0,ton,金属库存监控,,2026-08-03T00:06:55.755224,daily,B,from metal_inventory_monitor.csv
2026-06-30,comex_inventory,167028.0,ton,金属库存监控,,2026-08-03T00:06:55.755229,daily,B,from metal_inventory_monitor.csv
2026-07-01,comex_inventory,163086.0,ton,金属库存监控,,2026-08-03T00:06:55.755235,daily,B,from metal_inventory_monitor.csv
2026-07-02,comex_inventory,168600.0,ton,金属库存监控,,2026-08-03T00:06:55.755240,daily,B,from metal_inventory_monitor.csv
2026-07-03,comex_inventory,169830.0,ton,金属库存监控,,2026-08-03T00:06:55.755246,daily,B,from metal_inventory_monitor.csv
2026-07-04,comex_inventory,167375.0,ton,金属库存监控,,2026-08-03T00:06:55.755251,daily,B,from metal_inventory_monitor.csv
2026-07-05,comex_inventory,164187.0,ton,金属库存监控,,2026-08-03T00:06:55.755256,daily,B,from metal_inventory_monitor.csv
2026-07-06,comex_inventory,167813.0,ton,金属库存监控,,2026-08-03T00:06:55.755260,daily,B,from metal_inventory_monitor.csv
2026-07-07,comex_inventory,166915.0,ton,金属库存监控,,2026-08-03T00:06:55.755265,daily,B,from metal_inventory_monitor.csv
2026-07-08,comex_inventory,164490.0,ton,金属库存监控,,2026-08-03T00:06:55.755270,daily,B,from metal_inventory_monitor.csv
2026-07-09,comex_inventory,169022.0,ton,金属库存监控,,2026-08-03T00:06:55.755275,daily,B,from metal_inventory_monitor.csv
2026-07-10,comex_inventory,168572.0,ton,金属库存监控,,2026-08-03T00:06:55.755280,daily,B,from metal_inventory_monitor.csv
2026-07-11,comex_inventory,168379.0,ton,金属库存监控,,2026-08-03T00:06:55.755285,daily,B,from metal_inventory_monitor.csv
2026-07-12,comex_inventory,164415.0,ton,金属库存监控,,2026-08-03T00:06:55.755290,daily,B,from metal_inventory_monitor.csv
2026-07-13,comex_inventory,167775.0,ton,金属库存监控,,2026-08-03T00:06:55.755295,daily,B,from metal_inventory_monitor.csv
2026-06-29,copper_rod_operating_rate,65.87,pct,SMM,,2026-08-03T00:06:55.755301,weekly,B,精铜杆开工率; from data/raw/grid_indicators_2026.csv
2025-05-26,dxy,98.93,index,Yahoo Finance,https://finance.yahoo.com/quote/DX-Y.NYB,2026-06-30T17:11:38.171898,daily,B,
2025-05-27,dxy,99.52,index,Yahoo Finance,https://finance.yahoo.com/quote/DX-Y.NYB,2026-07-01T10:02:49.117595,daily,B,
2025-05-28,dxy,99.88,index,Yahoo Finance,https://finance.yahoo.com/quote/DX-Y.NYB,2026-07-02T02:41:00.904516,daily,B,
2025-05-29,dxy,99.28,index,Yahoo Finance,https://finance.yahoo.com/quote/DX-Y.NYB,2026-07-03T00:04:36.791686,daily,B,
2025-05-30,dxy,99.33,index,Yahoo Finance,https://finance.yahoo.com/quote/DX-Y.NYB,2026-07-04T00:03:13.724338,daily,B,
2025-06-02,dxy,98.7,index,Yahoo Finance,https://finance.yahoo.com/quote/DX-Y.NYB,2026-07-07T00:04:26.957896,daily,B,
2025-06-03,dxy,99.25,index,Yahoo Finance,https://finance.yahoo.com/quote/DX-Y.NYB,2026-07-08T00:01:39.651309,daily,B,
2025-06-04,dxy,98.79,index,Yahoo Finance,https://finance.yahoo.com/quote/DX-Y.NYB,2026-07-09T00:03:13.568452,daily,B,
2025-06-05,dxy,98.74,index,Yahoo Finance,https://finance.yahoo.com/quote/DX-Y.NYB,2026-07-10T00:02:59.915031,daily,B,
2025-06-06,dxy,99.19,index,Yahoo Finance,https://finance.yahoo.com/quote/DX-Y.NYB,2026-07-11T00:04:21.914398,daily,B,
2025-06-09,dxy,98.94,index,Yahoo Finance,https://finance.yahoo.com/quote/DX-Y.NYB,2026-07-14T00:02:06.953682,daily,B,
2025-06-10,dxy,99.05,index,Yahoo Finance,https://finance.yahoo.com/quote/DX-Y.NYB,2026-07-15T00:04:36.800378,daily,B,
2025-06-11,dxy,98.63,index,Yahoo Finance,https://finance.yahoo.com/quote/DX-Y.NYB,2026-07-16T00:02:37.465705,daily,B,
2025-06-12,dxy,97.92,index,Yahoo Finance,https://finance.yahoo.com/quote/DX-Y.NYB,2026-07-17T09:02:08.513904,daily,B,
2025-06-13,dxy,98.18,index,Yahoo Finance,https://finance.yahoo.com/quote/DX-Y.NYB,2026-07-18T00:02:24.548161,daily,B,
2025-06-16,dxy,98.0,index,Yahoo Finance,https://finance.yahoo.com/quote/DX-Y.NYB,2026-07-21T00:03:54.033373,daily,B,
2025-06-17,dxy,98.82,index,Yahoo Finance,https://finance.yahoo.com/quote/DX-Y.NYB,2026-07-22T00:04:21.506042,daily,B,
2025-06-18,dxy,98.91,index,Yahoo Finance,https://finance.yahoo.com/quote/DX-Y.NYB,2026-07-23T00:06:22.175176,daily,B,
2025-06-20,dxy,98.71,index,Yahoo Finance,https://finance.yahoo.com/quote/DX-Y.NYB,2026-07-25T00:02:18.491194,daily,B,
2025-06-23,dxy,98.42,index,Yahoo Finance,https://finance.yahoo.com/quote/DX-Y.NYB,2026-07-28T00:02:20.227450,daily,B,
2025-06-24,dxy,97.86,index,Yahoo Finance,https://finance.yahoo.com/quote/DX-Y.NYB,2026-07-29T00:03:46.903727,daily,B,
2025-06-25,dxy,97.68,index,Yahoo Finance,https://finance.yahoo.com/quote/DX-Y.NYB,2026-07-30T00:05:12.444185,daily,B,
2025-06-26,dxy,97.15,index,Yahoo Finance,https://finance.yahoo.com/quote/DX-Y.NYB,2026-07-31T00:04:43.613768,daily,B,
2025-06-27,dxy,97.4,index,Yahoo Finance,https://finance.yahoo.com/quote/DX-Y.NYB,2026-08-01T00:06:37.056229,daily,B,
2025-06-30,dxy,96.88,index,Yahoo Finance,https://finance.yahoo.com/quote/DX-Y.NYB,2026-08-03T00:06:24.411134,daily,B,
2025-07-01,dxy,96.82,index,Yahoo Finance,https://finance.yahoo.com/quote/DX-Y.NYB,2026-08-03T00:06:24.411184,daily,B,
2025-07-02,dxy,96.78,index,Yahoo Finance,https://finance.yahoo.com/quote/DX-Y.NYB,2026-08-03T00:06:24.411229,daily,B,
2025-07-03,dxy,97.18,index,Yahoo Finance,https://finance.yahoo.com/quote/DX-Y.NYB,2026-08-03T00:06:24.411274,daily,B,
2025-07-07,dxy,97.48,index,Yahoo Finance,https://finance.yahoo.com/quote/DX-Y.NYB,2026-08-03T00:06:24.411319,daily,B,
2025-07-08,dxy,97.51,index,Yahoo Finance,https://finance.yahoo.com/quote/DX-Y.NYB,2026-08-03T00:06:24.411362,daily,B,
2025-07-09,dxy,97.47,index,Yahoo Finance,https://finance.yahoo.com/quote/DX-Y.NYB,2026-08-03T00:06:24.411405,daily,B,
2025-07-10,dxy,97.65,index,Yahoo Finance,https://finance.yahoo.com/quote/DX-Y.NYB,2026-08-03T00:06:24.411449,daily,B,
2025-07-11,dxy,97.85,index,Yahoo Finance,https://finance.yahoo.com/quote/DX-Y.NYB,2026-08-03T00:06:24.411491,daily,B,
2025-07-14,dxy,98.08,index,Yahoo Finance,https://finance.yahoo.com/quote/DX-Y.NYB,2026-08-03T00:06:24.411534,daily,B,
2025-07-15,dxy,98.62,index,Yahoo Finance,https://finance.yahoo.com/quote/DX-Y.NYB,2026-08-03T00:06:24.411578,daily,B,
2025-07-16,dxy,98.39,index,Yahoo Finance,https://finance.yahoo.com/quote/DX-Y.NYB,2026-08-03T00:06:24.411620,daily,B,
2025-07-17,dxy,98.73,index,Yahoo Finance,https://finance.yahoo.com/quote/DX-Y.NYB,2026-08-03T00:06:24.411672,daily,B,
2025-07-18,dxy,98.48,index,Yahoo Finance,https://finance.yahoo.com/quote/DX-Y.NYB,2026-08-03T00:06:24.411717,daily,B,
2025-07-21,dxy,97.85,index,Yahoo Finance,https://finance.yahoo.com/quote/DX-Y.NYB,2026-08-03T00:06:24.411760,daily,B,
2025-07-22,dxy,97.39,index,Yahoo Finance,https://finance.yahoo.com/quote/DX-Y.NYB,2026-08-03T00:06:24.411803,daily,B,
2025-07-23,dxy,97.21,index,Yahoo Finance,https://finance.yahoo.com/quote/DX-Y.NYB,2026-08-03T00:06:24.411845,daily,B,
2025-07-24,dxy,97.38,index,Yahoo Finance,https://finance.yahoo.com/quote/DX-Y.NYB,2026-08-03T00:06:24.411888,daily,B,
2025-07-25,dxy,97.65,index,Yahoo Finance,https://finance.yahoo.com/quote/DX-Y.NYB,2026-08-03T00:06:24.411930,daily,B,
2025-07-28,dxy,98.66,index,Yahoo Finance,https://finance.yahoo.com/quote/DX-Y.NYB,2026-08-03T00:06:24.411973,daily,B,
2025-07-29,dxy,98.91,index,Yahoo Finance,https://finance.yahoo.com/quote/DX-Y.NYB,2026-08-03T00:06:24.412026,daily,B,
2025-07-30,dxy,99.94,index,Yahoo Finance,https://finance.yahoo.com/quote/DX-Y.NYB,2026-08-03T00:06:24.412070,daily,B,
2025-07-31,dxy,100.03,index,Yahoo Finance,https://finance.yahoo.com/quote/DX-Y.NYB,2026-08-03T00:06:24.412113,daily,B,
2025-08-01,dxy,98.69,index,Yahoo Finance,https://finance.yahoo.com/quote/DX-Y.NYB,2026-08-03T00:06:24.412156,daily,B,
2025-08-04,dxy,98.78,index,Yahoo Finance,https://finance.yahoo.com/quote/DX-Y.NYB,2026-08-03T00:06:24.412199,daily,B,
2025-08-05,dxy,98.78,index,Yahoo Finance,https://finance.yahoo.com/quote/DX-Y.NYB,2026-08-03T00:06:24.412242,daily,B,
2025-08-06,dxy,98.18,index,Yahoo Finance,https://finance.yahoo.com/quote/DX-Y.NYB,2026-08-03T00:06:24.412284,daily,B,
2025-08-07,dxy,98.4,index,Yahoo Finance,https://finance.yahoo.com/quote/DX-Y.NYB,2026-08-03T00:06:24.412327,daily,B,
2025-08-08,dxy,98.18,index,Yahoo Finance,https://finance.yahoo.com/quote/DX-Y.NYB,2026-08-03T00:06:24.412370,daily,B,
2025-08-11,dxy,98.52,index,Yahoo Finance,https://finance.yahoo.com/quote/DX-Y.NYB,2026-08-03T00:06:24.412414,daily,B,
2025-08-12,dxy,98.1,index,Yahoo Finance,https://finance.yahoo.com/quote/DX-Y.NYB,2026-08-03T00:06:24.412457,daily,B,
2025-08-13,dxy,97.84,index,Yahoo Finance,https://finance.yahoo.com/quote/DX-Y.NYB,2026-08-03T00:06:24.412500,daily,B,
2025-08-14,dxy,98.25,index,Yahoo Finance,https://finance.yahoo.com/quote/DX-Y.NYB,2026-08-03T00:06:24.412559,daily,B,
2025-08-15,dxy,97.85,index,Yahoo Finance,https://finance.yahoo.com/quote/DX-Y.NYB,2026-08-03T00:06:24.412604,daily,B,
2025-08-18,dxy,98.17,index,Yahoo Finance,https://finance.yahoo.com/quote/DX-Y.NYB,2026-08-03T00:06:24.412647,daily,B,
2025-08-19,dxy,98.27,index,Yahoo Finance,https://finance.yahoo.com/quote/DX-Y.NYB,2026-08-03T00:06:24.412700,daily,B,
2025-08-20,dxy,98.22,index,Yahoo Finance,https://finance.yahoo.com/quote/DX-Y.NYB,2026-08-03T00:06:24.412744,daily,B,
2025-08-21,dxy,98.62,index,Yahoo Finance,https://finance.yahoo.com/quote/DX-Y.NYB,2026-08-03T00:06:24.412787,daily,B,
2025-08-22,dxy,97.72,index,Yahoo Finance,https://finance.yahoo.com/quote/DX-Y.NYB,2026-08-03T00:06:24.412831,daily,B,
2025-08-25,dxy,98.43,index,Yahoo Finance,https://finance.yahoo.com/quote/DX-Y.NYB,2026-08-03T00:06:24.412873,daily,B,
2025-08-26,dxy,98.23,index,Yahoo Finance,https://finance.yahoo.com/quote/DX-Y.NYB,2026-08-03T00:06:24.412916,daily,B,
2025-08-27,dxy,98.23,index,Yahoo Finance,https://finance.yahoo.com/quote/DX-Y.NYB,2026-08-03T00:06:24.412959,daily,B,
2025-08-28,dxy,97.81,index,Yahoo Finance,https://finance.yahoo.com/quote/DX-Y.NYB,2026-08-03T00:06:24.413002,daily,B,
2025-08-29,dxy,97.77,index,Yahoo Finance,https://finance.yahoo.com/quote/DX-Y.NYB,2026-08-03T00:06:24.413044,daily,B,
2025-09-02,dxy,98.4,index,Yahoo Finance,https://finance.yahoo.com/quote/DX-Y.NYB,2026-08-03T00:06:24.413087,daily,B,
2025-09-03,dxy,98.14,index,Yahoo Finance,https://finance.yahoo.com/quote/DX-Y.NYB,2026-08-03T00:06:24.413129,daily,B,
2025-09-04,dxy,98.35,index,Yahoo Finance,https://finance.yahoo.com/quote/DX-Y.NYB,2026-08-03T00:06:24.413171,daily,B,
2025-09-05,dxy,97.77,index,Yahoo Finance,https://finance.yahoo.com/quote/DX-Y.NYB,2026-08-03T00:06:24.413214,daily,B,
2025-09-08,dxy,97.45,index,Yahoo Finance,https://finance.yahoo.com/quote/DX-Y.NYB,2026-08-03T00:06:24.413256,daily,B,
2025-09-09,dxy,97.79,index,Yahoo Finance,https://finance.yahoo.com/quote/DX-Y.NYB,2026-08-03T00:06:24.413298,daily,B,
2025-09-10,dxy,97.78,index,Yahoo Finance,https://finance.yahoo.com/quote/DX-Y.NYB,2026-08-03T00:06:24.413341,daily,B,
2025-09-11,dxy,97.54,index,Yahoo Finance,https://finance.yahoo.com/quote/DX-Y.NYB,2026-08-03T00:06:24.413383,daily,B,
2025-09-12,dxy,97.55,index,Yahoo Finance,https://finance.yahoo.com/quote/DX-Y.NYB,2026-08-03T00:06:24.413426,daily,B,
2025-09-15,dxy,97.3,index,Yahoo Finance,https://finance.yahoo.com/quote/DX-Y.NYB,2026-08-03T00:06:24.413468,daily,B,
2025-09-16,dxy,96.63,index,Yahoo Finance,https://finance.yahoo.com/quote/DX-Y.NYB,2026-08-03T00:06:24.413511,daily,B,
2025-09-17,dxy,96.87,index,Yahoo Finance,https://finance.yahoo.com/quote/DX-Y.NYB,2026-08-03T00:06:24.413554,daily,B,
2025-09-18,dxy,97.35,index,Yahoo Finance,https://finance.yahoo.com/quote/DX-Y.NYB,2026-08-03T00:06:24.413603,daily,B,
2025-09-19,dxy,97.64,index,Yahoo Finance,https://finance.yahoo.com/quote/DX-Y.NYB,2026-08-03T00:06:24.413646,daily,B,
2025-09-22,dxy,97.33,index,Yahoo Finance,https://finance.yahoo.com/quote/DX-Y.NYB,2026-08-03T00:06:24.413700,daily,B,
2025-09-23,dxy,97.26,index,Yahoo Finance,https://finance.yahoo.com/quote/DX-Y.NYB,2026-08-03T00:06:24.413743,daily,B,
2025-09-24,dxy,97.87,index,Yahoo Finance,https://finance.yahoo.com/quote/DX-Y.NYB,2026-08-03T00:06:24.413786,daily,B,
2025-09-25,dxy,98.55,index,Yahoo Finance,https://finance.yahoo.com/quote/DX-Y.NYB,2026-08-03T00:06:24.413828,daily,B,
2025-09-26,dxy,98.15,index,Yahoo Finance,https://finance.yahoo.com/quote/DX-Y.NYB,2026-08-03T00:06:24.413870,daily,B,
2025-09-29,dxy,97.91,index,Yahoo Finance,https://finance.yahoo.com/quote/DX-Y.NYB,2026-08-03T00:06:24.413913,daily,B,
2025-09-30,dxy,97.77,index,Yahoo Finance,https://finance.yahoo.com/quote/DX-Y.NYB,2026-08-03T00:06:24.413955,daily,B,
2025-10-01,dxy,97.71,index,Yahoo Finance,https://finance.yahoo.com/quote/DX-Y.NYB,2026-08-03T00:06:24.413998,daily,B,
2025-10-02,dxy,97.85,index,Yahoo Finance,https://finance.yahoo.com/quote/DX-Y.NYB,2026-08-03T00:06:24.414040,daily,B,
2025-10-03,dxy,97.72,index,Yahoo Finance,https://finance.yahoo.com/quote/DX-Y.NYB,2026-08-03T00:06:24.414082,daily,B,
2025-10-06,dxy,98.11,index,Yahoo Finance,https://finance.yahoo.com/quote/DX-Y.NYB,2026-08-03T00:06:24.414125,daily,B,
2025-10-07,dxy,98.58,index,Yahoo Finance,https://finance.yahoo.com/quote/DX-Y.NYB,2026-08-03T00:06:24.414167,daily,B,
2025-10-08,dxy,98.85,index,Yahoo Finance,https://finance.yahoo.com/quote/DX-Y.NYB,2026-08-03T00:06:24.414209,daily,B,
2025-10-09,dxy,99.54,index,Yahoo Finance,https://finance.yahoo.com/quote/DX-Y.NYB,2026-08-03T00:06:24.414251,daily,B,
2025-10-10,dxy,98.98,index,Yahoo Finance,https://finance.yahoo.com/quote/DX-Y.NYB,2026-08-03T00:06:24.414294,daily,B,
2025-10-13,dxy,99.27,index,Yahoo Finance,https://finance.yahoo.com/quote/DX-Y.NYB,2026-08-03T00:06:24.414336,daily,B,
2025-10-14,dxy,99.05,index,Yahoo Finance,https://finance.yahoo.com/quote/DX-Y.NYB,2026-08-03T00:06:24.414378,daily,B,
2025-10-15,dxy,98.79,index,Yahoo Finance,https://finance.yahoo.com/quote/DX-Y.NYB,2026-08-03T00:06:24.414420,daily,B,
2025-10-16,dxy,98.39,index,Yahoo Finance,https://finance.yahoo.com/quote/DX-Y.NYB,2026-08-03T00:06:24.414462,daily,B,
2025-10-17,dxy,98.43,index,Yahoo Finance,https://finance.yahoo.com/quote/DX-Y.NYB,2026-08-03T00:06:24.414505,daily,B,
2025-10-20,dxy,98.59,index,Yahoo Finance,https://finance.yahoo.com/quote/DX-Y.NYB,2026-08-03T00:06:24.414546,daily,B,
2025-10-21,dxy,98.93,index,Yahoo Finance,https://finance.yahoo.com/quote/DX-Y.NYB,2026-08-03T00:06:24.414589,daily,B,
2025-10-22,dxy,98.9,index,Yahoo Finance,https://finance.yahoo.com/quote/DX-Y.NYB,2026-08-03T00:06:24.414631,daily,B,
2025-10-23,dxy,98.94,index,Yahoo Finance,https://finance.yahoo.com/quote/DX-Y.NYB,2026-08-03T00:06:24.414708,daily,B,
2025-10-24,dxy,98.95,index,Yahoo Finance,https://finance.yahoo.com/quote/DX-Y.NYB,2026-08-03T00:06:24.414756,daily,B,
2025-10-27,dxy,98.78,index,Yahoo Finance,https://finance.yahoo.com/quote/DX-Y.NYB,2026-08-03T00:06:24.414799,daily,B,
2025-10-28,dxy,98.69,index,Yahoo Finance,https://finance.yahoo.com/quote/DX-Y.NYB,2026-08-03T00:06:24.414842,daily,B,
2025-10-29,dxy,99.22,index,Yahoo Finance,https://finance.yahoo.com/quote/DX-Y.NYB,2026-08-03T00:06:24.414885,daily,B,
2025-10-30,dxy,99.53,index,Yahoo Finance,https://finance.yahoo.com/quote/DX-Y.NYB,2026-08-03T00:06:24.414928,daily,B,
2025-10-31,dxy,99.8,index,Yahoo Finance,https://finance.yahoo.com/quote/DX-Y.NYB,2026-08-03T00:06:24.414971,daily,B,
2025-11-03,dxy,99.87,index,Yahoo Finance,https://finance.yahoo.com/quote/DX-Y.NYB,2026-08-03T00:06:24.415013,daily,B,
2025-11-04,dxy,100.22,index,Yahoo Finance,https://finance.yahoo.com/quote/DX-Y.NYB,2026-08-03T00:06:24.415055,daily,B,
2025-11-05,dxy,100.2,index,Yahoo Finance,https://finance.yahoo.com/quote/DX-Y.NYB,2026-08-03T00:06:24.415098,daily,B,
2025-11-06,dxy,99.73,index,Yahoo Finance,https://finance.yahoo.com/quote/DX-Y.NYB,2026-08-03T00:06:24.415141,daily,B,
2025-11-07,dxy,99.6,index,Yahoo Finance,https://finance.yahoo.com/quote/DX-Y.NYB,2026-08-03T00:06:24.415190,daily,B,
2025-11-10,dxy,99.62,index,Yahoo Finance,https://finance.yahoo.com/quote/DX-Y.NYB,2026-08-03T00:06:24.415235,daily,B,
2025-11-11,dxy,99.46,index,Yahoo Finance,https://finance.yahoo.com/quote/DX-Y.NYB,2026-08-03T00:06:24.415278,daily,B,
2025-11-12,dxy,99.48,index,Yahoo Finance,https://finance.yahoo.com/quote/DX-Y.NYB,2026-08-03T00:06:24.415320,daily,B,
2025-11-13,dxy,99.18,index,Yahoo Finance,https://finance.yahoo.com/quote/DX-Y.NYB,2026-08-03T00:06:24.415363,daily,B,
2025-11-14,dxy,99.27,index,Yahoo Finance,https://finance.yahoo.com/quote/DX-Y.NYB,2026-08-03T00:06:24.415405,daily,B,
2025-11-17,dxy,99.59,index,Yahoo Finance,https://finance.yahoo.com/quote/DX-Y.NYB,2026-08-03T00:06:24.415448,daily,B,
2025-11-18,dxy,99.55,index,Yahoo Finance,https://finance.yahoo.com/quote/DX-Y.NYB,2026-08-03T00:06:24.415491,daily,B,
2025-11-19,dxy,100.23,index,Yahoo Finance,https://finance.yahoo.com/quote/DX-Y.NYB,2026-08-03T00:06:24.415534,daily,B,
2025-11-20,dxy,100.16,index,Yahoo Finance,https://finance.yahoo.com/quote/DX-Y.NYB,2026-08-03T00:06:24.415576,daily,B,
2025-11-21,dxy,100.18,index,Yahoo Finance,https://finance.yahoo.com/quote/DX-Y.NYB,2026-08-03T00:06:24.415619,daily,B,
2025-11-24,dxy,100.14,index,Yahoo Finance,https://finance.yahoo.com/quote/DX-Y.NYB,2026-08-03T00:06:24.415671,daily,B,
2025-11-25,dxy,99.66,index,Yahoo Finance,https://finance.yahoo.com/quote/DX-Y.NYB,2026-08-03T00:06:24.415715,daily,B,
2025-11-26,dxy,99.6,index,Yahoo Finance,https://finance.yahoo.com/quote/DX-Y.NYB,2026-08-03T00:06:24.415758,daily,B,
2025-11-28,dxy,99.46,index,Yahoo Finance,https://finance.yahoo.com/quote/DX-Y.NYB,2026-08-03T00:06:24.415801,daily,B,
2025-12-01,dxy,99.41,index,Yahoo Finance,https://finance.yahoo.com/quote/DX-Y.NYB,2026-08-03T00:06:24.415843,daily,B,
2025-12-02,dxy,99.36,index,Yahoo Finance,https://finance.yahoo.com/quote/DX-Y.NYB,2026-08-03T00:06:24.415886,daily,B,
2025-12-03,dxy,98.85,index,Yahoo Finance,https://finance.yahoo.com/quote/DX-Y.NYB,2026-08-03T00:06:24.415929,daily,B,
2025-12-04,dxy,98.99,index,Yahoo Finance,https://finance.yahoo.com/quote/DX-Y.NYB,2026-08-03T00:06:24.415972,daily,B,
2025-12-05,dxy,98.99,index,Yahoo Finance,https://finance.yahoo.com/quote/DX-Y.NYB,2026-08-03T00:06:24.416015,daily,B,
2025-12-08,dxy,99.09,index,Yahoo Finance,https://finance.yahoo.com/quote/DX-Y.NYB,2026-08-03T00:06:24.416057,daily,B,
2025-12-09,dxy,99.22,index,Yahoo Finance,https://finance.yahoo.com/quote/DX-Y.NYB,2026-08-03T00:06:24.416100,daily,B,
2025-12-10,dxy,98.79,index,Yahoo Finance,https://finance.yahoo.com/quote/DX-Y.NYB,2026-08-03T00:06:24.416142,daily,B,
2025-12-11,dxy,98.35,index,Yahoo Finance,https://finance.yahoo.com/quote/DX-Y.NYB,2026-08-03T00:06:24.416185,daily,B,
2025-12-12,dxy,98.4,index,Yahoo Finance,https://finance.yahoo.com/quote/DX-Y.NYB,2026-08-03T00:06:24.416227,daily,B,
2025-12-15,dxy,98.15,index,Yahoo Finance,https://finance.yahoo.com/quote/DX-Y.NYB,2026-08-03T00:06:24.416269,daily,B,
2025-12-16,dxy,98.15,index,Yahoo Finance,https://finance.yahoo.com/quote/DX-Y.NYB,2026-08-03T00:06:24.416312,daily,B,
2025-12-17,dxy,98.37,index,Yahoo Finance,https://finance.yahoo.com/quote/DX-Y.NYB,2026-08-03T00:06:24.416354,daily,B,
2025-12-18,dxy,98.43,index,Yahoo Finance,https://finance.yahoo.com/quote/DX-Y.NYB,2026-08-03T00:06:24.416397,daily,B,
2025-12-19,dxy,98.6,index,Yahoo Finance,https://finance.yahoo.com/quote/DX-Y.NYB,2026-08-03T00:06:24.416440,daily,B,
2025-12-22,dxy,98.29,index,Yahoo Finance,https://finance.yahoo.com/quote/DX-Y.NYB,2026-08-03T00:06:24.416483,daily,B,
2025-12-23,dxy,97.94,index,Yahoo Finance,https://finance.yahoo.com/quote/DX-Y.NYB,2026-08-03T00:06:24.416539,daily,B,
2025-12-24,dxy,97.98,index,Yahoo Finance,https://finance.yahoo.com/quote/DX-Y.NYB,2026-08-03T00:06:24.416584,daily,B,
2025-12-26,dxy,98.02,index,Yahoo Finance,https://finance.yahoo.com/quote/DX-Y.NYB,2026-08-03T00:06:24.416627,daily,B,
2025-12-29,dxy,98.04,index,Yahoo Finance,https://finance.yahoo.com/quote/DX-Y.NYB,2026-08-03T00:06:24.416692,daily,B,
2025-12-30,dxy,98.24,index,Yahoo Finance,https://finance.yahoo.com/quote/DX-Y.NYB,2026-08-03T00:06:24.416736,daily,B,
2025-12-31,dxy,98.28,index,Yahoo Finance,https://finance.yahoo.com/quote/DX-Y.NYB,2026-08-03T00:06:24.416778,daily,B,
2026-01-02,dxy,98.42,index,Yahoo Finance,https://finance.yahoo.com/quote/DX-Y.NYB,2026-08-03T00:06:24.416829,daily,B,
2026-01-05,dxy,98.27,index,Yahoo Finance,https://finance.yahoo.com/quote/DX-Y.NYB,2026-08-03T00:06:24.416872,daily,B,
2026-01-06,dxy,98.58,index,Yahoo Finance,https://finance.yahoo.com/quote/DX-Y.NYB,2026-08-03T00:06:24.416915,daily,B,
2026-01-07,dxy,98.68,index,Yahoo Finance,https://finance.yahoo.com/quote/DX-Y.NYB,2026-08-03T00:06:24.416958,daily,B,
2026-01-08,dxy,98.93,index,Yahoo Finance,https://finance.yahoo.com/quote/DX-Y.NYB,2026-08-03T00:06:24.417001,daily,B,
2026-01-09,dxy,99.13,index,Yahoo Finance,https://finance.yahoo.com/quote/DX-Y.NYB,2026-08-03T00:06:24.417044,daily,B,
2026-01-12,dxy,98.86,index,Yahoo Finance,https://finance.yahoo.com/quote/DX-Y.NYB,2026-08-03T00:06:24.417087,daily,B,
2026-01-13,dxy,99.13,index,Yahoo Finance,https://finance.yahoo.com/quote/DX-Y.NYB,2026-08-03T00:06:24.417130,daily,B,
2026-01-14,dxy,99.13,index,Yahoo Finance,https://finance.yahoo.com/quote/DX-Y.NYB,2026-08-03T00:06:24.417173,daily,B,
2026-01-15,dxy,99.32,index,Yahoo Finance,https://finance.yahoo.com/quote/DX-Y.NYB,2026-08-03T00:06:24.417215,daily,B,
2026-01-16,dxy,99.39,index,Yahoo Finance,https://finance.yahoo.com/quote/DX-Y.NYB,2026-08-03T00:06:24.417258,daily,B,
2026-01-20,dxy,98.64,index,Yahoo Finance,https://finance.yahoo.com/quote/DX-Y.NYB,2026-08-03T00:06:24.417301,daily,B,
2026-01-21,dxy,98.76,index,Yahoo Finance,https://finance.yahoo.com/quote/DX-Y.NYB,2026-08-03T00:06:24.417344,daily,B,
2026-01-22,dxy,98.36,index,Yahoo Finance,https://finance.yahoo.com/quote/DX-Y.NYB,2026-08-03T00:06:24.417386,daily,B,
2026-01-23,dxy,97.6,index,Yahoo Finance,https://finance.yahoo.com/quote/DX-Y.NYB,2026-08-03T00:06:24.417430,daily,B,
2026-01-26,dxy,97.04,index,Yahoo Finance,https://finance.yahoo.com/quote/DX-Y.NYB,2026-08-03T00:06:24.417473,daily,B,
2026-01-27,dxy,96.22,index,Yahoo Finance,https://finance.yahoo.com/quote/DX-Y.NYB,2026-08-03T00:06:24.417516,daily,B,
2026-01-28,dxy,96.45,index,Yahoo Finance,https://finance.yahoo.com/quote/DX-Y.NYB,2026-08-03T00:06:24.417735,daily,B,
2026-01-29,dxy,96.28,index,Yahoo Finance,https://finance.yahoo.com/quote/DX-Y.NYB,2026-08-03T00:06:24.417792,daily,B,
2026-01-30,dxy,96.99,index,Yahoo Finance,https://finance.yahoo.com/quote/DX-Y.NYB,2026-08-03T00:06:24.417838,daily,B,
2026-02-02,dxy,97.61,index,Yahoo Finance,https://finance.yahoo.com/quote/DX-Y.NYB,2026-08-03T00:06:24.417883,daily,B,
2026-02-03,dxy,97.44,index,Yahoo Finance,https://finance.yahoo.com/quote/DX-Y.NYB,2026-08-03T00:06:24.417926,daily,B,
2026-02-04,dxy,97.62,index,Yahoo Finance,https://finance.yahoo.com/quote/DX-Y.NYB,2026-08-03T00:06:24.417969,daily,B,
2026-02-05,dxy,97.82,index,Yahoo Finance,https://finance.yahoo.com/quote/DX-Y.NYB,2026-08-03T00:06:24.418012,daily,B,
2026-02-06,dxy,97.63,index,Yahoo Finance,https://finance.yahoo.com/quote/DX-Y.NYB,2026-08-03T00:06:24.418055,daily,B,
2026-02-09,dxy,96.82,index,Yahoo Finance,https://finance.yahoo.com/quote/DX-Y.NYB,2026-08-03T00:06:24.418097,daily,B,
2026-02-10,dxy,96.8,index,Yahoo Finance,https://finance.yahoo.com/quote/DX-Y.NYB,2026-08-03T00:06:24.418140,daily,B,
2026-02-11,dxy,96.83,index,Yahoo Finance,https://finance.yahoo.com/quote/DX-Y.NYB,2026-08-03T00:06:24.418183,daily,B,
2026-02-12,dxy,96.93,index,Yahoo Finance,https://finance.yahoo.com/quote/DX-Y.NYB,2026-08-03T00:06:24.418226,daily,B,
2026-02-13,dxy,96.88,index,Yahoo Finance,https://finance.yahoo.com/quote/DX-Y.NYB,2026-08-03T00:06:24.418268,daily,B,
2026-02-17,dxy,97.16,index,Yahoo Finance,https://finance.yahoo.com/quote/DX-Y.NYB,2026-08-03T00:06:24.418311,daily,B,
2026-02-18,dxy,97.7,index,Yahoo Finance,https://finance.yahoo.com/quote/DX-Y.NYB,2026-08-03T00:06:24.418354,daily,B,
2026-02-19,dxy,97.93,index,Yahoo Finance,https://finance.yahoo.com/quote/DX-Y.NYB,2026-08-03T00:06:24.418396,daily,B,
2026-02-20,dxy,97.8,index,Yahoo Finance,https://finance.yahoo.com/quote/DX-Y.NYB,2026-08-03T00:06:24.418439,daily,B,
2026-02-23,dxy,97.7,index,Yahoo Finance,https://finance.yahoo.com/quote/DX-Y.NYB,2026-08-03T00:06:24.418482,daily,B,
2026-02-24,dxy,97.88,index,Yahoo Finance,https://finance.yahoo.com/quote/DX-Y.NYB,2026-08-03T00:06:24.418524,daily,B,
2026-02-25,dxy,97.7,index,Yahoo Finance,https://finance.yahoo.com/quote/DX-Y.NYB,2026-08-03T00:06:24.418574,daily,B,
2026-02-26,dxy,97.79,index,Yahoo Finance,https://finance.yahoo.com/quote/DX-Y.NYB,2026-08-03T00:06:24.418617,daily,B,
2026-02-27,dxy,97.61,index,Yahoo Finance,https://finance.yahoo.com/quote/DX-Y.NYB,2026-08-03T00:06:24.418669,daily,B,
2026-03-02,dxy,98.38,index,Yahoo Finance,https://finance.yahoo.com/quote/DX-Y.NYB,2026-08-03T00:06:24.418714,daily,B,
2026-03-03,dxy,99.05,index,Yahoo Finance,https://finance.yahoo.com/quote/DX-Y.NYB,2026-08-03T00:06:24.418757,daily,B,
2026-03-04,dxy,98.77,index,Yahoo Finance,https://finance.yahoo.com/quote/DX-Y.NYB,2026-08-03T00:06:24.418800,daily,B,
2026-03-05,dxy,99.32,index,Yahoo Finance,https://finance.yahoo.com/quote/DX-Y.NYB,2026-08-03T00:06:24.418843,daily,B,
2026-03-06,dxy,98.99,index,Yahoo Finance,https://finance.yahoo.com/quote/DX-Y.NYB,2026-08-03T00:06:24.418885,daily,B,
2026-03-09,dxy,99.18,index,Yahoo Finance,https://finance.yahoo.com/quote/DX-Y.NYB,2026-08-03T00:06:24.418929,daily,B,
2026-03-10,dxy,98.83,index,Yahoo Finance,https://finance.yahoo.com/quote/DX-Y.NYB,2026-08-03T00:06:24.418972,daily,B,
2026-03-11,dxy,99.23,index,Yahoo Finance,https://finance.yahoo.com/quote/DX-Y.NYB,2026-08-03T00:06:24.419015,daily,B,
2026-03-12,dxy,99.74,index,Yahoo Finance,https://finance.yahoo.com/quote/DX-Y.NYB,2026-08-03T00:06:24.419057,daily,B,
2026-03-13,dxy,100.36,index,Yahoo Finance,https://finance.yahoo.com/quote/DX-Y.NYB,2026-08-03T00:06:24.419100,daily,B,
2026-03-16,dxy,99.71,index,Yahoo Finance,https://finance.yahoo.com/quote/DX-Y.NYB,2026-08-03T00:06:24.419143,daily,B,
2026-03-17,dxy,99.58,index,Yahoo Finance,https://finance.yahoo.com/quote/DX-Y.NYB,2026-08-03T00:06:24.419185,daily,B,
2026-03-18,dxy,100.09,index,Yahoo Finance,https://finance.yahoo.com/quote/DX-Y.NYB,2026-08-03T00:06:24.419227,daily,B,
2026-03-19,dxy,99.23,index,Yahoo Finance,https://finance.yahoo.com/quote/DX-Y.NYB,2026-08-03T00:06:24.419269,daily,B,
2026-03-20,dxy,99.65,index,Yahoo Finance,https://finance.yahoo.com/quote/DX-Y.NYB,2026-08-03T00:06:24.419312,daily,B,
2026-03-23,dxy,98.95,index,Yahoo Finance,https://finance.yahoo.com/quote/DX-Y.NYB,2026-08-03T00:06:24.419354,daily,B,
2026-03-24,dxy,99.43,index,Yahoo Finance,https://finance.yahoo.com/quote/DX-Y.NYB,2026-08-03T00:06:24.419396,daily,B,
2026-03-25,dxy,99.6,index,Yahoo Finance,https://finance.yahoo.com/quote/DX-Y.NYB,2026-08-03T00:06:24.419439,daily,B,
2026-03-26,dxy,99.9,index,Yahoo Finance,https://finance.yahoo.com/quote/DX-Y.NYB,2026-08-03T00:06:24.419482,daily,B,
2026-03-27,dxy,100.15,index,Yahoo Finance,https://finance.yahoo.com/quote/DX-Y.NYB,2026-08-03T00:06:24.419524,daily,B,
2026-03-30,dxy,100.51,index,Yahoo Finance,https://finance.yahoo.com/quote/DX-Y.NYB,2026-08-03T00:06:24.419566,daily,B,
2026-03-31,dxy,99.96,index,Yahoo Finance,https://finance.yahoo.com/quote/DX-Y.NYB,2026-08-03T00:06:24.419609,daily,B,
2026-04-01,dxy,99.65,index,Yahoo Finance,https://finance.yahoo.com/quote/DX-Y.NYB,2026-08-03T00:06:24.419652,daily,B,
2026-04-02,dxy,100.03,index,Yahoo Finance,https://finance.yahoo.com/quote/DX-Y.NYB,2026-08-03T00:06:24.419705,daily,B,
2026-04-06,dxy,99.98,index,Yahoo Finance,https://finance.yahoo.com/quote/DX-Y.NYB,2026-08-03T00:06:24.419749,daily,B,
2026-04-07,dxy,99.64,index,Yahoo Finance,https://finance.yahoo.com/quote/DX-Y.NYB,2026-08-03T00:06:24.419829,daily,B,
2026-04-08,dxy,99.13,index,Yahoo Finance,https://finance.yahoo.com/quote/DX-Y.NYB,2026-08-03T00:06:24.419881,daily,B,
2026-04-09,dxy,98.82,index,Yahoo Finance,https://finance.yahoo.com/quote/DX-Y.NYB,2026-08-03T00:06:24.419924,daily,B,
2026-04-10,dxy,98.65,index,Yahoo Finance,https://finance.yahoo.com/quote/DX-Y.NYB,2026-08-03T00:06:24.419967,daily,B,
2026-04-13,dxy,98.37,index,Yahoo Finance,https://finance.yahoo.com/quote/DX-Y.NYB,2026-08-03T00:06:24.420010,daily,B,
2026-04-14,dxy,98.12,index,Yahoo Finance,https://finance.yahoo.com/quote/DX-Y.NYB,2026-08-03T00:06:24.420052,daily,B,
2026-04-15,dxy,98.06,index,Yahoo Finance,https://finance.yahoo.com/quote/DX-Y.NYB,2026-08-03T00:06:24.420095,daily,B,
2026-04-16,dxy,98.22,index,Yahoo Finance,https://finance.yahoo.com/quote/DX-Y.NYB,2026-08-03T00:06:24.420138,daily,B,
2026-04-17,dxy,98.1,index,Yahoo Finance,https://finance.yahoo.com/quote/DX-Y.NYB,2026-08-03T00:06:24.420188,daily,B,
2026-04-20,dxy,98.05,index,Yahoo Finance,https://finance.yahoo.com/quote/DX-Y.NYB,2026-08-03T00:06:24.420232,daily,B,
2026-04-21,dxy,98.41,index,Yahoo Finance,https://finance.yahoo.com/quote/DX-Y.NYB,2026-08-03T00:06:24.420275,daily,B,
2026-04-22,dxy,98.59,index,Yahoo Finance,https://finance.yahoo.com/quote/DX-Y.NYB,2026-08-03T00:06:24.420318,daily,B,
2026-04-23,dxy,98.8,index,Yahoo Finance,https://finance.yahoo.com/quote/DX-Y.NYB,2026-08-03T00:06:24.420360,daily,B,
2026-04-24,dxy,98.51,index,Yahoo Finance,https://finance.yahoo.com/quote/DX-Y.NYB,2026-08-03T00:06:24.420404,daily,B,
2026-04-27,dxy,98.48,index,Yahoo Finance,https://finance.yahoo.com/quote/DX-Y.NYB,2026-08-03T00:06:24.420446,daily,B,
2026-04-28,dxy,98.62,index,Yahoo Finance,https://finance.yahoo.com/quote/DX-Y.NYB,2026-08-03T00:06:24.420489,daily,B,
2026-04-29,dxy,98.92,index,Yahoo Finance,https://finance.yahoo.com/quote/DX-Y.NYB,2026-08-03T00:06:24.420545,daily,B,
2026-04-30,dxy,98.08,index,Yahoo Finance,https://finance.yahoo.com/quote/DX-Y.NYB,2026-08-03T00:06:24.420590,daily,B,
2026-05-01,dxy,98.21,index,Yahoo Finance,https://finance.yahoo.com/quote/DX-Y.NYB,2026-08-03T00:06:24.420633,daily,B,
2026-05-04,dxy,98.47,index,Yahoo Finance,https://finance.yahoo.com/quote/DX-Y.NYB,2026-08-03T00:06:24.420687,daily,B,
2026-05-05,dxy,98.48,index,Yahoo Finance,https://finance.yahoo.com/quote/DX-Y.NYB,2026-08-03T00:06:24.420731,daily,B,
2026-05-06,dxy,98.02,index,Yahoo Finance,https://finance.yahoo.com/quote/DX-Y.NYB,2026-08-03T00:06:24.420774,daily,B,
2026-05-07,dxy,98.25,index,Yahoo Finance,https://finance.yahoo.com/quote/DX-Y.NYB,2026-08-03T00:06:24.420817,daily,B,
2026-05-08,dxy,97.84,index,Yahoo Finance,https://finance.yahoo.com/quote/DX-Y.NYB,2026-08-03T00:06:24.420860,daily,B,
2026-05-11,dxy,97.94,index,Yahoo Finance,https://finance.yahoo.com/quote/DX-Y.NYB,2026-08-03T00:06:24.420903,daily,B,
2026-05-12,dxy,98.29,index,Yahoo Finance,https://finance.yahoo.com/quote/DX-Y.NYB,2026-08-03T00:06:24.420951,daily,B,
2026-05-13,dxy,98.48,index,Yahoo Finance,https://finance.yahoo.com/quote/DX-Y.NYB,2026-08-03T00:06:24.420995,daily,B,
2026-05-14,dxy,98.88,index,Yahoo Finance,https://finance.yahoo.com/quote/DX-Y.NYB,2026-08-03T00:06:24.421037,daily,B,
2026-05-15,dxy,99.27,index,Yahoo Finance,https://finance.yahoo.com/quote/DX-Y.NYB,2026-08-03T00:06:24.421080,daily,B,
2026-05-18,dxy,98.97,index,Yahoo Finance,https://finance.yahoo.com/quote/DX-Y.NYB,2026-08-03T00:06:24.421124,daily,B,
2026-05-19,dxy,99.3,index,Yahoo Finance,https://finance.yahoo.com/quote/DX-Y.NYB,2026-08-03T00:06:24.421167,daily,B,
2026-05-20,dxy,99.11,index,Yahoo Finance,https://finance.yahoo.com/quote/DX-Y.NYB,2026-08-03T00:06:24.421209,daily,B,
2026-05-21,dxy,99.19,index,Yahoo Finance,https://finance.yahoo.com/quote/DX-Y.NYB,2026-08-03T00:06:24.421252,daily,B,
2026-05-22,dxy,99.32,index,Yahoo Finance,https://finance.yahoo.com/quote/DX-Y.NYB,2026-08-03T00:06:24.421295,daily,B,
2026-05-26,dxy,99.17,index,Yahoo Finance,https://finance.yahoo.com/quote/DX-Y.NYB,2026-08-03T00:06:24.421338,daily,B,
2026-05-27,dxy,99.21,index,Yahoo Finance,https://finance.yahoo.com/quote/DX-Y.NYB,2026-08-03T00:06:24.421380,daily,B,
2026-05-28,dxy,99.02,index,Yahoo Finance,https://finance.yahoo.com/quote/DX-Y.NYB,2026-08-03T00:06:24.421423,daily,B,
2026-05-29,dxy,98.91,index,Yahoo Finance,https://finance.yahoo.com/quote/DX-Y.NYB,2026-08-03T00:06:24.421466,daily,B,
2026-06-01,dxy,99.2,index,Yahoo Finance,https://finance.yahoo.com/quote/DX-Y.NYB,2026-08-03T00:06:24.421509,daily,B,
2026-06-02,dxy,99.22,index,Yahoo Finance,https://finance.yahoo.com/quote/DX-Y.NYB,2026-08-03T00:06:24.421552,daily,B,
2026-06-03,dxy,99.53,index,Yahoo Finance,https://finance.yahoo.com/quote/DX-Y.NYB,2026-08-03T00:06:24.421596,daily,B,
2026-06-04,dxy,99.41,index,Yahoo Finance,https://finance.yahoo.com/quote/DX-Y.NYB,2026-08-03T00:06:24.421639,daily,B,
2026-06-05,dxy,100.07,index,Yahoo Finance,https://finance.yahoo.com/quote/DX-Y.NYB,2026-08-03T00:06:24.421691,daily,B,
2026-06-08,dxy,100.05,index,Yahoo Finance,https://finance.yahoo.com/quote/DX-Y.NYB,2026-08-03T00:06:24.421735,daily,B,
2026-06-09,dxy,99.91,index,Yahoo Finance,https://finance.yahoo.com/quote/DX-Y.NYB,2026-08-03T00:06:24.421785,daily,B,
2026-06-10,dxy,99.95,index,Yahoo Finance,https://finance.yahoo.com/quote/DX-Y.NYB,2026-08-03T00:06:24.421828,daily,B,
2026-06-11,dxy,99.86,index,Yahoo Finance,https://finance.yahoo.com/quote/DX-Y.NYB,2026-08-03T00:06:24.421871,daily,B,
2026-06-12,dxy,99.75,index,Yahoo Finance,https://finance.yahoo.com/quote/DX-Y.NYB,2026-08-03T00:06:24.421914,daily,B,
2026-06-15,dxy,99.63,index,Yahoo Finance,https://finance.yahoo.com/quote/DX-Y.NYB,2026-08-03T00:06:24.421956,daily,B,
2026-06-16,dxy,99.54,index,Yahoo Finance,https://finance.yahoo.com/quote/DX-Y.NYB,2026-08-03T00:06:24.421999,daily,B,
2026-06-17,dxy,100.09,index,Yahoo Finance,https://finance.yahoo.com/quote/DX-Y.NYB,2026-08-03T00:06:24.422042,daily,B,
2026-06-18,dxy,100.85,index,Yahoo Finance,https://finance.yahoo.com/quote/DX-Y.NYB,2026-08-03T00:06:24.422086,daily,B,
2026-06-22,dxy,101.02,index,Yahoo Finance,https://finance.yahoo.com/quote/DX-Y.NYB,2026-08-03T00:06:24.422129,daily,B,
2026-06-23,dxy,101.41,index,Yahoo Finance,https://finance.yahoo.com/quote/DX-Y.NYB,2026-08-03T00:06:24.422172,daily,B,
2026-06-24,dxy,101.61,index,Yahoo Finance,https://finance.yahoo.com/quote/DX-Y.NYB,2026-08-03T00:06:24.422214,daily,B,
2026-06-25,dxy,101.43,index,Yahoo Finance,https://finance.yahoo.com/quote/DX-Y.NYB,2026-08-03T00:06:24.422257,daily,B,
2026-06-26,dxy,101.36,index,Yahoo Finance,https://finance.yahoo.com/quote/DX-Y.NYB,2026-08-03T00:06:24.422299,daily,B,
2026-06-29,dxy,101.11,index,Yahoo Finance,https://finance.yahoo.com/quote/DX-Y.NYB,2026-08-03T00:06:24.422343,daily,B,
2026-06-30,dxy,101.19,index,Yahoo Finance,https://finance.yahoo.com/quote/DX-Y.NYB,2026-08-03T00:06:24.422385,daily,B,
2026-07-01,dxy,101.39,index,Yahoo Finance,https://finance.yahoo.com/quote/DX-Y.NYB,2026-08-03T00:06:24.422427,daily,B,
2026-07-02,dxy,100.86,index,Yahoo Finance,https://finance.yahoo.com/quote/DX-Y.NYB,2026-08-03T00:06:24.422469,daily,B,
2026-07-03,dxy,100.857,index,Yahoo Finance,https://finance.yahoo.com/quote/DX-Y.NYB,2026-07-05T00:03:03.194222,daily,B,
2026-07-05,dxy,100.962,index,Yahoo Finance,https://finance.yahoo.com/quote/DX-Y.NYB,2026-07-06T10:42:39.641407,daily,B,
2026-07-06,dxy,100.85,index,Yahoo Finance,https://finance.yahoo.com/quote/DX-Y.NYB,2026-08-03T00:06:24.422517,daily,B,
2026-07-07,dxy,101.14,index,Yahoo Finance,https://finance.yahoo.com/quote/DX-Y.NYB,2026-08-03T00:06:24.422560,daily,B,
2026-07-08,dxy,101.05,index,Yahoo Finance,https://finance.yahoo.com/quote/DX-Y.NYB,2026-08-03T00:06:24.422602,daily,B,
2026-07-09,dxy,100.94,index,Yahoo Finance,https://finance.yahoo.com/quote/DX-Y.NYB,2026-08-03T00:06:24.422644,daily,B,
2026-07-10,dxy,100.97,index,Yahoo Finance,https://finance.yahoo.com/quote/DX-Y.NYB,2026-08-03T00:06:24.422696,daily,B,
2026-07-12,dxy,101.177,index,Yahoo Finance,https://finance.yahoo.com/quote/DX-Y.NYB,2026-07-13T09:17:09.694279,daily,B,
2026-07-13,dxy,101.28,index,Yahoo Finance,https://finance.yahoo.com/quote/DX-Y.NYB,2026-08-03T00:06:24.422740,daily,B,
2026-07-14,dxy,100.94,index,Yahoo Finance,https://finance.yahoo.com/quote/DX-Y.NYB,2026-08-03T00:06:24.422783,daily,B,
2026-07-15,dxy,100.5,index,Yahoo Finance,https://finance.yahoo.com/quote/DX-Y.NYB,2026-08-03T00:06:24.422826,daily,B,
2026-07-16,dxy,100.73,index,Yahoo Finance,https://finance.yahoo.com/quote/DX-Y.NYB,2026-08-03T00:06:24.422869,daily,B,
2026-07-17,dxy,100.75,index,Yahoo Finance,https://finance.yahoo.com/quote/DX-Y.NYB,2026-08-03T00:06:24.422911,daily,B,
2026-07-19,dxy,100.85,index,Yahoo Finance,https://finance.yahoo.com/quote/DX-Y.NYB,2026-07-20T00:05:33.825551,daily,B,
2026-07-20,dxy,100.99,index,Yahoo Finance,https://finance.yahoo.com/quote/DX-Y.NYB,2026-08-03T00:06:24.422955,daily,B,
2026-07-21,dxy,101.18,index,Yahoo Finance,https://finance.yahoo.com/quote/DX-Y.NYB,2026-08-03T00:06:24.422998,daily,B,
2026-07-22,dxy,101.14,index,Yahoo Finance,https://finance.yahoo.com/quote/DX-Y.NYB,2026-08-03T00:06:24.423041,daily,B,
2026-07-23,dxy,101.43,index,Yahoo Finance,https://finance.yahoo.com/quote/DX-Y.NYB,2026-08-03T00:06:24.423084,daily,B,
2026-07-24,dxy,101.47,index,Yahoo Finance,https://finance.yahoo.com/quote/DX-Y.NYB,2026-08-03T00:06:24.423128,daily,B,
2026-07-26,dxy,101.292,index,Yahoo Finance,https://finance.yahoo.com/quote/DX-Y.NYB,2026-07-27T00:05:24.234493,daily,B,
2026-07-27,dxy,101.51,index,Yahoo Finance,https://finance.yahoo.com/quote/DX-Y.NYB,2026-08-03T00:06:24.423172,daily,B,
2026-07-28,dxy,101.38,index,Yahoo Finance,https://finance.yahoo.com/quote/DX-Y.NYB,2026-08-03T00:06:24.423215,daily,B,
2026-07-29,dxy,100.8,index,Yahoo Finance,https://finance.yahoo.com/quote/DX-Y.NYB,2026-08-03T00:06:24.423257,daily,B,
2026-07-30,dxy,100.01,index,Yahoo Finance,https://finance.yahoo.com/quote/DX-Y.NYB,2026-08-03T00:06:24.423299,daily,B,
2026-07-31,dxy,99.8,index,Yahoo Finance,https://finance.yahoo.com/quote/DX-Y.NYB,2026-08-03T00:06:24.423343,daily,B,
2026-08-02,dxy,99.711,index,Yahoo Finance,https://finance.yahoo.com/quote/DX-Y.NYB,2026-08-03T00:06:24.423391,daily,B,
2025-06-01,global_manufacturing_pmi,49.7,index,derived,,2026-07-06T10:42:56.797618,monthly,C,
2025-07-01,global_manufacturing_pmi,49.3,index,derived,,2026-08-03T00:06:55.754358,monthly,C,Average of China PMI and US ISM when both exist
2025-08-01,global_manufacturing_pmi,49.4,index,derived,,2026-08-03T00:06:55.754362,monthly,C,Average of China PMI and US ISM when both exist
2025-09-01,global_manufacturing_pmi,49.8,index,derived,,2026-08-03T00:06:55.754364,monthly,C,Average of China PMI and US ISM when both exist
2025-10-01,global_manufacturing_pmi,49.0,index,derived,,2026-08-03T00:06:55.754366,monthly,C,Average of China PMI and US ISM when both exist
2025-11-01,global_manufacturing_pmi,49.2,index,derived,,2026-08-03T00:06:55.754368,monthly,C,Average of China PMI and US ISM when both exist
2025-12-01,global_manufacturing_pmi,50.1,index,derived,,2026-08-03T00:06:55.754370,monthly,C,Average of China PMI and US ISM when both exist
2026-01-01,global_manufacturing_pmi,49.3,index,derived,,2026-08-03T00:06:55.754372,monthly,C,Average of China PMI and US ISM when both exist
2026-02-01,global_manufacturing_pmi,49.0,index,derived,,2026-08-03T00:06:55.754374,monthly,C,Average of China PMI and US ISM when both exist
2026-03-01,global_manufacturing_pmi,50.4,index,derived,,2026-08-03T00:06:55.754376,monthly,C,Average of China PMI and US ISM when both exist
2026-04-01,global_manufacturing_pmi,50.3,index,derived,,2026-08-03T00:06:55.754378,monthly,C,Average of China PMI and US ISM when both exist
2026-05-01,global_manufacturing_pmi,52.7,index,S&P Global,https://www.pmi.spglobal.com/Public/Home/PressRelease/99c4c5f2e4184a7697ccaccc514a9ca6,2026-08-03T00:06:55.755309,monthly,A,JP Morgan Global Manufacturing PMI May 2026 headline 52.7 (revised; initial 52.6 in 2026-06-01 release)
2026-06-01,global_manufacturing_pmi,52.2,index,S&P Global,https://www.pmi.spglobal.com/Public/Home/PressRelease/6eecfeb4488e493ba0a1e397ec6aa74b,2026-08-03T00:06:55.755315,monthly,A,JP Morgan Global Manufacturing PMI June 2026 (released 2026-07-01 15:00 UTC)
2026-07-01,global_manufacturing_pmi,49.2,index,derived,,2026-08-03T00:06:55.754384,monthly,C,Average of China PMI and US ISM when both exist
2025-05-28,grid_investment,0.71,pct,东方财富-固定资产投资代理,https://data.eastmoney.com/cjsj/gdzctz.html,2026-07-02T02:41:17.952710,monthly,C,
2025-06-28,grid_investment,-1.18,pct,东方财富-固定资产投资代理,https://data.eastmoney.com/cjsj/gdzctz.html,2026-08-02T00:02:23.604884,monthly,C,
2025-07-28,grid_investment,-6.26,pct,东方财富-固定资产投资代理,https://data.eastmoney.com/cjsj/gdzctz.html,2026-08-03T00:06:47.595800,monthly,C,Broad fixed-asset investment YoY proxy; prefer manual CEC/NEA/SGCC grid engineering investment YoY when available
2025-08-28,grid_investment,-9.32,pct,东方财富-固定资产投资代理,https://data.eastmoney.com/cjsj/gdzctz.html,2026-08-03T00:06:47.595758,monthly,C,Broad fixed-asset investment YoY proxy; prefer manual CEC/NEA/SGCC grid engineering investment YoY when available
2025-09-28,grid_investment,-8.41,pct,东方财富-固定资产投资代理,https://data.eastmoney.com/cjsj/gdzctz.html,2026-08-03T00:06:47.595716,monthly,C,Broad fixed-asset investment YoY proxy; prefer manual CEC/NEA/SGCC grid engineering investment YoY when available
2025-10-28,grid_investment,-15.52,pct,东方财富-固定资产投资代理,https://data.eastmoney.com/cjsj/gdzctz.html,2026-08-03T00:06:47.595671,monthly,C,Broad fixed-asset investment YoY proxy; prefer manual CEC/NEA/SGCC grid engineering investment YoY when available
2025-11-28,grid_investment,-17.59,pct,东方财富-固定资产投资代理,https://data.eastmoney.com/cjsj/gdzctz.html,2026-08-03T00:06:47.595620,monthly,C,Broad fixed-asset investment YoY proxy; prefer manual CEC/NEA/SGCC grid engineering investment YoY when available
2025-12-28,grid_investment,-15.21,pct,东方财富-固定资产投资代理,https://data.eastmoney.com/cjsj/gdzctz.html,2026-08-03T00:06:47.595577,monthly,C,Broad fixed-asset investment YoY proxy; prefer manual CEC/NEA/SGCC grid engineering investment YoY when available
2026-01-01,grid_investment,5.3,pct,国家能源局,,2026-08-03T00:06:55.755321,monthly,A,from 电网指标监控数据_2026-06-29.csv
2026-02-01,grid_investment,6.1,pct,国家能源局,,2026-08-03T00:06:55.755326,monthly,A,from 电网指标监控数据_2026-06-29.csv
2026-03-01,grid_investment,6.6,pct,国家能源局,,2026-08-03T00:06:55.755331,monthly,A,from 电网指标监控数据_2026-06-29.csv
2026-04-01,grid_investment,5.5,pct,国家能源局,,2026-08-03T00:06:55.755336,monthly,A,from 电网指标监控数据_2026-06-29.csv
2026-05-01,grid_investment,5.2,pct,国家能源局,,2026-08-03T00:06:55.755341,monthly,A,from 电网指标监控数据_2026-06-29.csv
2026-06-28,grid_investment,-15.6,pct,东方财富-固定资产投资代理,https://data.eastmoney.com/cjsj/gdzctz.html,2026-08-03T00:06:47.595321,monthly,C,Broad fixed-asset investment YoY proxy; prefer manual CEC/NEA/SGCC grid engineering investment YoY when available
2026-01-01,grid_investment_amount,189.0,CNY_100m,国家能源局,,2026-08-03T00:06:55.755365,monthly,A,from 电网指标监控数据_2026-06-29.csv
2026-02-01,grid_investment_amount,381.0,CNY_100m,国家能源局,,2026-08-03T00:06:55.755371,monthly,A,from 电网指标监控数据_2026-06-29.csv
2026-03-01,grid_investment_amount,592.0,CNY_100m,国家能源局,,2026-08-03T00:06:55.755377,monthly,A,from 电网指标监控数据_2026-06-29.csv
2026-04-01,grid_investment_amount,757.0,CNY_100m,国家能源局,,2026-08-03T00:06:55.755382,monthly,A,from 电网指标监控数据_2026-06-29.csv
2026-05-01,grid_investment_amount,922.0,CNY_100m,国家能源局,,2026-08-03T00:06:55.755388,monthly,A,from 电网指标监控数据_2026-06-29.csv
2026-01-01,grid_investment_monthly_amount,189.0,CNY_100m,国家能源局,,2026-08-03T00:06:55.755394,monthly,A,Derived from cumulative grid_investment_amount; monitoring import
2026-02-01,grid_investment_monthly_amount,192.0,CNY_100m,国家能源局,,2026-08-03T00:06:55.755399,monthly,A,Derived from cumulative grid_investment_amount; monitoring import
2026-03-01,grid_investment_monthly_amount,211.0,CNY_100m,国家能源局,,2026-08-03T00:06:55.755405,monthly,A,Derived from cumulative grid_investment_amount; monitoring import
2026-04-01,grid_investment_monthly_amount,165.0,CNY_100m,国家能源局,,2026-08-03T00:06:55.755410,monthly,A,Derived from cumulative grid_investment_amount; monitoring import
2026-05-01,grid_investment_monthly_amount,165.0,CNY_100m,国家能源局,,2026-08-03T00:06:55.755415,monthly,A,Derived from cumulative grid_investment_amount; monitoring import
2026-06-29,grid_project_new_starts,13.0,count,国家电网,,2026-08-03T00:06:55.755422,annual_plan,B,电网重大项目新开工数量全年计划; from data/raw/grid_indicators_2026.csv
2026-06-29,grid_tender_value,232.76,CNY_100m,国家电网,,2026-08-03T00:06:55.755428,batch,B,国网设备第2批招标金额; from data/raw/grid_indicators_2026.csv
2023-05-01,korea_exports_yoy,-13.7287,pct,FRED,https://fred.stlouisfed.org/series/XTEXVA01KRM667S,2026-08-03T00:06:51.292951,monthly,B,YoY derived from FRED export level series
2023-06-01,korea_exports_yoy,-8.0316,pct,FRED,https://fred.stlouisfed.org/series/XTEXVA01KRM667S,2026-08-03T00:06:51.293028,monthly,B,YoY derived from FRED export level series
2023-07-01,korea_exports_yoy,-14.3229,pct,FRED,https://fred.stlouisfed.org/series/XTEXVA01KRM667S,2026-08-03T00:06:51.293101,monthly,B,YoY derived from FRED export level series
2023-08-01,korea_exports_yoy,-9.7536,pct,FRED,https://fred.stlouisfed.org/series/XTEXVA01KRM667S,2026-08-03T00:06:51.293148,monthly,B,YoY derived from FRED export level series
2023-09-01,korea_exports_yoy,-3.8221,pct,FRED,https://fred.stlouisfed.org/series/XTEXVA01KRM667S,2026-08-03T00:06:51.293193,monthly,B,YoY derived from FRED export level series
2023-10-01,korea_exports_yoy,4.6599,pct,FRED,https://fred.stlouisfed.org/series/XTEXVA01KRM667S,2026-08-03T00:06:51.293236,monthly,B,YoY derived from FRED export level series
2023-11-01,korea_exports_yoy,6.9869,pct,FRED,https://fred.stlouisfed.org/series/XTEXVA01KRM667S,2026-08-03T00:06:51.293278,monthly,B,YoY derived from FRED export level series
2023-12-01,korea_exports_yoy,5.6036,pct,FRED,https://fred.stlouisfed.org/series/XTEXVA01KRM667S,2026-08-03T00:06:51.293320,monthly,B,YoY derived from FRED export level series
2024-01-01,korea_exports_yoy,16.8579,pct,FRED,https://fred.stlouisfed.org/series/XTEXVA01KRM667S,2026-08-03T00:06:51.293362,monthly,B,YoY derived from FRED export level series
2024-02-01,korea_exports_yoy,5.1364,pct,FRED,https://fred.stlouisfed.org/series/XTEXVA01KRM667S,2026-08-03T00:06:51.293404,monthly,B,YoY derived from FRED export level series
2024-03-01,korea_exports_yoy,2.6275,pct,FRED,https://fred.stlouisfed.org/series/XTEXVA01KRM667S,2026-08-03T00:06:51.293445,monthly,B,YoY derived from FRED export level series
2024-04-01,korea_exports_yoy,14.1598,pct,FRED,https://fred.stlouisfed.org/series/XTEXVA01KRM667S,2026-08-03T00:06:51.293487,monthly,B,YoY derived from FRED export level series
2024-05-01,korea_exports_yoy,10.8621,pct,FRED,https://fred.stlouisfed.org/series/XTEXVA01KRM667S,2026-08-03T00:06:51.293528,monthly,B,YoY derived from FRED export level series
2024-06-01,korea_exports_yoy,6.2383,pct,FRED,https://fred.stlouisfed.org/series/XTEXVA01KRM667S,2026-08-03T00:06:51.293570,monthly,B,YoY derived from FRED export level series
2024-07-01,korea_exports_yoy,13.4761,pct,FRED,https://fred.stlouisfed.org/series/XTEXVA01KRM667S,2026-08-03T00:06:51.293611,monthly,B,YoY derived from FRED export level series
2024-08-01,korea_exports_yoy,10.7318,pct,FRED,https://fred.stlouisfed.org/series/XTEXVA01KRM667S,2026-08-03T00:06:51.293652,monthly,B,YoY derived from FRED export level series
2024-09-01,korea_exports_yoy,7.2924,pct,FRED,https://fred.stlouisfed.org/series/XTEXVA01KRM667S,2026-08-03T00:06:51.293705,monthly,B,YoY derived from FRED export level series
2024-10-01,korea_exports_yoy,3.6778,pct,FRED,https://fred.stlouisfed.org/series/XTEXVA01KRM667S,2026-08-03T00:06:51.293747,monthly,B,YoY derived from FRED export level series
2024-11-01,korea_exports_yoy,3.0168,pct,FRED,https://fred.stlouisfed.org/series/XTEXVA01KRM667S,2026-08-03T00:06:51.293788,monthly,B,YoY derived from FRED export level series
2024-12-01,korea_exports_yoy,3.9963,pct,FRED,https://fred.stlouisfed.org/series/XTEXVA01KRM667S,2026-08-03T00:06:51.293829,monthly,B,YoY derived from FRED export level series
2025-01-01,korea_exports_yoy,-7.9279,pct,FRED,https://fred.stlouisfed.org/series/XTEXVA01KRM667S,2026-08-03T00:06:51.293871,monthly,B,YoY derived from FRED export level series
2025-02-01,korea_exports_yoy,-1.284,pct,FRED,https://fred.stlouisfed.org/series/XTEXVA01KRM667S,2026-08-03T00:06:51.293912,monthly,B,YoY derived from FRED export level series
2025-03-01,korea_exports_yoy,4.2524,pct,FRED,https://fred.stlouisfed.org/series/XTEXVA01KRM667S,2026-08-03T00:06:51.293953,monthly,B,YoY derived from FRED export level series
2025-04-01,korea_exports_yoy,2.4122,pct,FRED,https://fred.stlouisfed.org/series/XTEXVA01KRM667S,2026-08-03T00:06:51.293995,monthly,B,YoY derived from FRED export level series
2025-05-01,korea_exports_yoy,-0.7033,pct,FRED,https://fred.stlouisfed.org/series/XTEXVA01KRM667S,2026-08-03T00:06:51.294036,monthly,B,YoY derived from FRED export level series
2025-06-01,korea_exports_yoy,4.4383,pct,FRED,https://fred.stlouisfed.org/series/XTEXVA01KRM667S,2026-08-03T00:06:51.294078,monthly,B,YoY derived from FRED export level series
2025-07-01,korea_exports_yoy,4.8994,pct,FRED,https://fred.stlouisfed.org/series/XTEXVA01KRM667S,2026-08-03T00:06:51.294120,monthly,B,YoY derived from FRED export level series
2025-08-01,korea_exports_yoy,2.3809,pct,FRED,https://fred.stlouisfed.org/series/XTEXVA01KRM667S,2026-08-03T00:06:51.294162,monthly,B,YoY derived from FRED export level series
2025-09-01,korea_exports_yoy,10.5162,pct,FRED,https://fred.stlouisfed.org/series/XTEXVA01KRM667S,2026-08-03T00:06:51.294203,monthly,B,YoY derived from FRED export level series
2025-10-01,korea_exports_yoy,5.2605,pct,FRED,https://fred.stlouisfed.org/series/XTEXVA01KRM667S,2026-08-03T00:06:51.294244,monthly,B,YoY derived from FRED export level series
2025-11-01,korea_exports_yoy,6.5676,pct,FRED,https://fred.stlouisfed.org/series/XTEXVA01KRM667S,2026-08-03T00:06:51.294286,monthly,B,YoY derived from FRED export level series
2025-12-01,korea_exports_yoy,14.3945,pct,FRED,https://fred.stlouisfed.org/series/XTEXVA01KRM667S,2026-08-03T00:06:51.294327,monthly,B,YoY derived from FRED export level series
2026-01-01,korea_exports_yoy,32.3036,pct,FRED,https://fred.stlouisfed.org/series/XTEXVA01KRM667S,2026-08-03T00:06:51.294368,monthly,B,YoY derived from FRED export level series
2026-02-01,korea_exports_yoy,30.696,pct,FRED,https://fred.stlouisfed.org/series/XTEXVA01KRM667S,2026-08-03T00:06:51.294410,monthly,B,YoY derived from FRED export level series
2026-03-01,korea_exports_yoy,48.8649,pct,FRED,https://fred.stlouisfed.org/series/XTEXVA01KRM667S,2026-08-03T00:06:51.294454,monthly,B,YoY derived from FRED export level series
2026-04-01,korea_exports_yoy,48.8037,pct,FRED,https://fred.stlouisfed.org/series/XTEXVA01KRM667S,2026-08-03T00:06:51.294513,monthly,B,YoY derived from FRED export level series
2026-05-01,korea_exports_yoy,53.2,pct,韩国产业通商资源部,https://english.moef.go.kr/,2026-08-03T00:06:55.755434,monthly,A,MOTIE preliminary May 2026 exports YoY
2026-06-01,korea_exports_yoy,70.9,pct,韩国产业通商资源部,https://english.moef.go.kr/,2026-08-03T00:06:55.755440,monthly,A,MOTIE June 2026 exports YoY +70.9% (official Jul 1; semiconductors +199.5%)
2025-05-27,lme_copper_price,10383.7726,USD/ton,Yahoo Finance,https://finance.yahoo.com/quote/HG=F,2026-07-01T10:02:48.790217,daily,B,
2025-05-28,lme_copper_price,10238.2676,USD/ton,Yahoo Finance,https://finance.yahoo.com/quote/HG=F,2026-07-02T02:41:00.350985,daily,B,
2025-05-29,lme_copper_price,10259.2115,USD/ton,Yahoo Finance,https://finance.yahoo.com/quote/HG=F,2026-07-03T00:04:35.980422,daily,B,
2025-05-30,lme_copper_price,10257.0071,USD/ton,Yahoo Finance,https://finance.yahoo.com/quote/HG=F,2026-07-04T00:03:13.044263,daily,B,
2025-06-02,lme_copper_price,10658.2477,USD/ton,Yahoo Finance,https://finance.yahoo.com/quote/HG=F,2026-07-07T00:04:26.219435,daily,B,
2025-06-03,lme_copper_price,10603.133,USD/ton,Yahoo Finance,https://finance.yahoo.com/quote/HG=F,2026-07-08T00:01:38.911747,daily,B,
2025-06-04,lme_copper_price,10724.3868,USD/ton,Yahoo Finance,https://finance.yahoo.com/quote/HG=F,2026-07-09T00:03:12.467056,daily,B,
2025-06-05,lme_copper_price,10832.4129,USD/ton,Yahoo Finance,https://finance.yahoo.com/quote/HG=F,2026-07-10T00:02:59.181093,daily,B,
2025-06-06,lme_copper_price,10648.3271,USD/ton,Yahoo Finance,https://finance.yahoo.com/quote/HG=F,2026-07-11T00:04:21.535689,daily,B,
2025-06-09,lme_copper_price,10823.595,USD/ton,Yahoo Finance,https://finance.yahoo.com/quote/HG=F,2026-07-14T00:02:06.040413,daily,B,
2025-06-10,lme_copper_price,10767.3765,USD/ton,Yahoo Finance,https://finance.yahoo.com/quote/HG=F,2026-07-15T00:04:36.542208,daily,B,
2025-06-11,lme_copper_price,10584.3935,USD/ton,Yahoo Finance,https://finance.yahoo.com/quote/HG=F,2026-07-16T00:02:36.867966,daily,B,
2025-06-12,lme_copper_price,10629.5876,USD/ton,Yahoo Finance,https://finance.yahoo.com/quote/HG=F,2026-07-17T09:02:08.280444,daily,B,
2025-06-13,lme_copper_price,10588.8024,USD/ton,Yahoo Finance,https://finance.yahoo.com/quote/HG=F,2026-07-18T00:02:21.223144,daily,B,
2025-06-16,lme_copper_price,10640.6109,USD/ton,Yahoo Finance,https://finance.yahoo.com/quote/HG=F,2026-07-21T00:03:53.555988,daily,B,
2025-06-17,lme_copper_price,10583.2907,USD/ton,Yahoo Finance,https://finance.yahoo.com/quote/HG=F,2026-07-22T00:04:21.085452,daily,B,
2025-06-18,lme_copper_price,10681.3961,USD/ton,Yahoo Finance,https://finance.yahoo.com/quote/HG=F,2026-07-23T00:06:21.819571,daily,B,
2025-06-20,lme_copper_price,10639.5092,USD/ton,Yahoo Finance,https://finance.yahoo.com/quote/HG=F,2026-07-25T00:02:17.789757,daily,B,
2025-06-23,lme_copper_price,10676.9872,USD/ton,Yahoo Finance,https://finance.yahoo.com/quote/HG=F,2026-07-28T00:02:19.403234,daily,B,
2025-06-24,lme_copper_price,10729.8985,USD/ton,Yahoo Finance,https://finance.yahoo.com/quote/HG=F,2026-07-29T00:03:46.368399,daily,B,
2025-06-25,lme_copper_price,10831.3112,USD/ton,Yahoo Finance,https://finance.yahoo.com/quote/HG=F,2026-07-30T00:05:11.825910,daily,B,
2025-06-26,lme_copper_price,11167.5154,USD/ton,Yahoo Finance,https://finance.yahoo.com/quote/HG=F,2026-07-31T00:04:43.357963,daily,B,
2025-06-27,lme_copper_price,11174.1299,USD/ton,Yahoo Finance,https://finance.yahoo.com/quote/HG=F,2026-08-01T00:06:36.527883,daily,B,
2025-06-30,lme_copper_price,11089.2523,USD/ton,Yahoo Finance,https://finance.yahoo.com/quote/HG=F,2026-08-03T00:06:23.422169,daily,B,COMEX front-month proxy for LME copper (USD/ton)
2025-07-01,lme_copper_price,11128.9347,USD/ton,Yahoo Finance,https://finance.yahoo.com/quote/HG=F,2026-08-03T00:06:23.422223,daily,B,COMEX front-month proxy for LME copper (USD/ton)
2025-07-02,lme_copper_price,11351.6022,USD/ton,Yahoo Finance,https://finance.yahoo.com/quote/HG=F,2026-08-03T00:06:23.422270,daily,B,COMEX front-month proxy for LME copper (USD/ton)
2025-07-03,lme_copper_price,11236.9618,USD/ton,Yahoo Finance,https://finance.yahoo.com/quote/HG=F,2026-08-03T00:06:23.422315,daily,B,COMEX front-month proxy for LME copper (USD/ton)
2025-07-04,lme_copper_price,11063.8983,USD/ton,Yahoo Finance,https://finance.yahoo.com/quote/HG=F,2026-08-03T00:06:23.422359,daily,B,COMEX front-month proxy for LME copper (USD/ton)
2025-07-07,lme_copper_price,10988.9413,USD/ton,Yahoo Finance,https://finance.yahoo.com/quote/HG=F,2026-08-03T00:06:23.422403,daily,B,COMEX front-month proxy for LME copper (USD/ton)
2025-07-08,lme_copper_price,11494.9023,USD/ton,Yahoo Finance,https://finance.yahoo.com/quote/HG=F,2026-08-03T00:06:23.422447,daily,B,COMEX front-month proxy for LME copper (USD/ton); Yahoo outlier smoothed
2025-07-09,lme_copper_price,12000.8633,USD/ton,Yahoo Finance,https://finance.yahoo.com/quote/HG=F,2026-08-03T00:06:23.422491,daily,B,COMEX front-month proxy for LME copper (USD/ton)
2025-07-10,lme_copper_price,12231.246,USD/ton,Yahoo Finance,https://finance.yahoo.com/quote/HG=F,2026-08-03T00:06:23.422534,daily,B,COMEX front-month proxy for LME copper (USD/ton)
2025-07-11,lme_copper_price,12262.1106,USD/ton,Yahoo Finance,https://finance.yahoo.com/quote/HG=F,2026-08-03T00:06:23.422578,daily,B,COMEX front-month proxy for LME copper (USD/ton)
2025-07-14,lme_copper_price,12158.4935,USD/ton,Yahoo Finance,https://finance.yahoo.com/quote/HG=F,2026-08-03T00:06:23.422621,daily,B,COMEX front-month proxy for LME copper (USD/ton)
2025-07-15,lme_copper_price,12226.8371,USD/ton,Yahoo Finance,https://finance.yahoo.com/quote/HG=F,2026-08-03T00:06:23.422675,daily,B,COMEX front-month proxy for LME copper (USD/ton)
2025-07-16,lme_copper_price,12117.7083,USD/ton,Yahoo Finance,https://finance.yahoo.com/quote/HG=F,2026-08-03T00:06:23.422720,daily,B,COMEX front-month proxy for LME copper (USD/ton)
2025-07-17,lme_copper_price,12094.5598,USD/ton,Yahoo Finance,https://finance.yahoo.com/quote/HG=F,2026-08-03T00:06:23.422764,daily,B,COMEX front-month proxy for LME copper (USD/ton)
2025-07-18,lme_copper_price,12297.3851,USD/ton,Yahoo Finance,https://finance.yahoo.com/quote/HG=F,2026-08-03T00:06:23.422807,daily,B,COMEX front-month proxy for LME copper (USD/ton)
2025-07-21,lme_copper_price,12369.0349,USD/ton,Yahoo Finance,https://finance.yahoo.com/quote/HG=F,2026-08-03T00:06:23.422850,daily,B,COMEX front-month proxy for LME copper (USD/ton)
2025-07-22,lme_copper_price,12559.7351,USD/ton,Yahoo Finance,https://finance.yahoo.com/quote/HG=F,2026-08-03T00:06:23.422893,daily,B,COMEX front-month proxy for LME copper (USD/ton)
2025-07-23,lme_copper_price,12775.7883,USD/ton,Yahoo Finance,https://finance.yahoo.com/quote/HG=F,2026-08-03T00:06:23.422936,daily,B,COMEX front-month proxy for LME copper (USD/ton)
2025-07-24,lme_copper_price,12736.1048,USD/ton,Yahoo Finance,https://finance.yahoo.com/quote/HG=F,2026-08-03T00:06:23.422979,daily,B,COMEX front-month proxy for LME copper (USD/ton)
2025-07-25,lme_copper_price,12706.343,USD/ton,Yahoo Finance,https://finance.yahoo.com/quote/HG=F,2026-08-03T00:06:23.423023,daily,B,COMEX front-month proxy for LME copper (USD/ton)
2025-07-28,lme_copper_price,12334.8631,USD/ton,Yahoo Finance,https://finance.yahoo.com/quote/HG=F,2026-08-03T00:06:23.423067,daily,B,COMEX front-month proxy for LME copper (USD/ton)
2025-07-29,lme_copper_price,12353.6026,USD/ton,Yahoo Finance,https://finance.yahoo.com/quote/HG=F,2026-08-03T00:06:23.423110,daily,B,COMEX front-month proxy for LME copper (USD/ton)
2025-07-30,lme_copper_price,12279.7484,USD/ton,Yahoo Finance,https://finance.yahoo.com/quote/HG=F,2026-08-03T00:06:23.423153,daily,B,COMEX front-month proxy for LME copper (USD/ton)
2025-07-31,lme_copper_price,11324.1821,USD/ton,Yahoo Finance,https://finance.yahoo.com/quote/HG=F,2026-08-03T00:06:23.423196,daily,B,COMEX front-month proxy for LME copper (USD/ton); Yahoo outlier smoothed
2025-08-01,lme_copper_price,10528.7954,USD/ton,Yahoo Finance,https://finance.yahoo.com/quote/HG=F,2026-08-03T00:06:23.423239,daily,B,COMEX front-month proxy for LME copper (USD/ton); Yahoo outlier smoothed
2025-08-04,lme_copper_price,9733.4088,USD/ton,Yahoo Finance,https://finance.yahoo.com/quote/HG=F,2026-08-03T00:06:23.423282,daily,B,COMEX front-month proxy for LME copper (USD/ton)
2025-08-05,lme_copper_price,9620.9728,USD/ton,Yahoo Finance,https://finance.yahoo.com/quote/HG=F,2026-08-03T00:06:23.423325,daily,B,COMEX front-month proxy for LME copper (USD/ton)
2025-08-06,lme_copper_price,9680.4975,USD/ton,Yahoo Finance,https://finance.yahoo.com/quote/HG=F,2026-08-03T00:06:23.423369,daily,B,COMEX front-month proxy for LME copper (USD/ton)
2025-08-07,lme_copper_price,9652.9401,USD/ton,Yahoo Finance,https://finance.yahoo.com/quote/HG=F,2026-08-03T00:06:23.423412,daily,B,COMEX front-month proxy for LME copper (USD/ton)
2025-08-08,lme_copper_price,9822.6964,USD/ton,Yahoo Finance,https://finance.yahoo.com/quote/HG=F,2026-08-03T00:06:23.423455,daily,B,COMEX front-month proxy for LME copper (USD/ton)
2025-08-11,lme_copper_price,9752.1483,USD/ton,Yahoo Finance,https://finance.yahoo.com/quote/HG=F,2026-08-03T00:06:23.423510,daily,B,COMEX front-month proxy for LME copper (USD/ton)
2025-08-12,lme_copper_price,9939.5413,USD/ton,Yahoo Finance,https://finance.yahoo.com/quote/HG=F,2026-08-03T00:06:23.423555,daily,B,COMEX front-month proxy for LME copper (USD/ton)
2025-08-13,lme_copper_price,9881.1183,USD/ton,Yahoo Finance,https://finance.yahoo.com/quote/HG=F,2026-08-03T00:06:23.423599,daily,B,COMEX front-month proxy for LME copper (USD/ton)
2025-08-14,lme_copper_price,9842.5376,USD/ton,Yahoo Finance,https://finance.yahoo.com/quote/HG=F,2026-08-03T00:06:23.423642,daily,B,COMEX front-month proxy for LME copper (USD/ton)
2025-08-15,lme_copper_price,9872.3005,USD/ton,Yahoo Finance,https://finance.yahoo.com/quote/HG=F,2026-08-03T00:06:23.423694,daily,B,COMEX front-month proxy for LME copper (USD/ton)
2025-08-18,lme_copper_price,9826.0025,USD/ton,Yahoo Finance,https://finance.yahoo.com/quote/HG=F,2026-08-03T00:06:23.423738,daily,B,COMEX front-month proxy for LME copper (USD/ton)
2025-08-19,lme_copper_price,9720.181,USD/ton,Yahoo Finance,https://finance.yahoo.com/quote/HG=F,2026-08-03T00:06:23.423781,daily,B,COMEX front-month proxy for LME copper (USD/ton)
2025-08-20,lme_copper_price,9757.66,USD/ton,Yahoo Finance,https://finance.yahoo.com/quote/HG=F,2026-08-03T00:06:23.423825,daily,B,COMEX front-month proxy for LME copper (USD/ton)
2025-08-21,lme_copper_price,9769.7851,USD/ton,Yahoo Finance,https://finance.yahoo.com/quote/HG=F,2026-08-03T00:06:23.423868,daily,B,COMEX front-month proxy for LME copper (USD/ton)
2025-08-22,lme_copper_price,9805.0596,USD/ton,Yahoo Finance,https://finance.yahoo.com/quote/HG=F,2026-08-03T00:06:23.423910,daily,B,COMEX front-month proxy for LME copper (USD/ton)
2025-08-25,lme_copper_price,9846.9465,USD/ton,Yahoo Finance,https://finance.yahoo.com/quote/HG=F,2026-08-03T00:06:23.423953,daily,B,COMEX front-month proxy for LME copper (USD/ton)
2025-08-26,lme_copper_price,9811.673,USD/ton,Yahoo Finance,https://finance.yahoo.com/quote/HG=F,2026-08-03T00:06:23.423996,daily,B,COMEX front-month proxy for LME copper (USD/ton)
2025-08-27,lme_copper_price,9732.3071,USD/ton,Yahoo Finance,https://finance.yahoo.com/quote/HG=F,2026-08-03T00:06:23.424038,daily,B,COMEX front-month proxy for LME copper (USD/ton)
2025-08-28,lme_copper_price,9840.3331,USD/ton,Yahoo Finance,https://finance.yahoo.com/quote/HG=F,2026-08-03T00:06:23.424081,daily,B,COMEX front-month proxy for LME copper (USD/ton)
2025-08-29,lme_copper_price,9961.587,USD/ton,Yahoo Finance,https://finance.yahoo.com/quote/HG=F,2026-08-03T00:06:23.424123,daily,B,COMEX front-month proxy for LME copper (USD/ton)
2025-09-02,lme_copper_price,10074.023,USD/ton,Yahoo Finance,https://finance.yahoo.com/quote/HG=F,2026-08-03T00:06:23.424166,daily,B,COMEX front-month proxy for LME copper (USD/ton)
2025-09-03,lme_copper_price,10049.7718,USD/ton,Yahoo Finance,https://finance.yahoo.com/quote/HG=F,2026-08-03T00:06:23.424208,daily,B,COMEX front-month proxy for LME copper (USD/ton)
2025-09-04,lme_copper_price,9894.3461,USD/ton,Yahoo Finance,https://finance.yahoo.com/quote/HG=F,2026-08-03T00:06:23.424251,daily,B,COMEX front-month proxy for LME copper (USD/ton)
2025-09-05,lme_copper_price,9882.2211,USD/ton,Yahoo Finance,https://finance.yahoo.com/quote/HG=F,2026-08-03T00:06:23.424293,daily,B,COMEX front-month proxy for LME copper (USD/ton)
2025-09-08,lme_copper_price,9899.8578,USD/ton,Yahoo Finance,https://finance.yahoo.com/quote/HG=F,2026-08-03T00:06:23.424336,daily,B,COMEX front-month proxy for LME copper (USD/ton)
2025-09-09,lme_copper_price,9923.0063,USD/ton,Yahoo Finance,https://finance.yahoo.com/quote/HG=F,2026-08-03T00:06:23.424379,daily,B,COMEX front-month proxy for LME copper (USD/ton)
2025-09-10,lme_copper_price,10031.0333,USD/ton,Yahoo Finance,https://finance.yahoo.com/quote/HG=F,2026-08-03T00:06:23.424421,daily,B,COMEX front-month proxy for LME copper (USD/ton)
2025-09-11,lme_copper_price,10120.3199,USD/ton,Yahoo Finance,https://finance.yahoo.com/quote/HG=F,2026-08-03T00:06:23.424464,daily,B,COMEX front-month proxy for LME copper (USD/ton)
2025-09-12,lme_copper_price,10115.911,USD/ton,Yahoo Finance,https://finance.yahoo.com/quote/HG=F,2026-08-03T00:06:23.424523,daily,B,COMEX front-month proxy for LME copper (USD/ton)
2025-09-15,lme_copper_price,10263.6205,USD/ton,Yahoo Finance,https://finance.yahoo.com/quote/HG=F,2026-08-03T00:06:23.424569,daily,B,COMEX front-month proxy for LME copper (USD/ton)
2025-09-16,lme_copper_price,10214.0164,USD/ton,Yahoo Finance,https://finance.yahoo.com/quote/HG=F,2026-08-03T00:06:23.424614,daily,B,COMEX front-month proxy for LME copper (USD/ton)
2025-09-17,lme_copper_price,10077.3302,USD/ton,Yahoo Finance,https://finance.yahoo.com/quote/HG=F,2026-08-03T00:06:23.424665,daily,B,COMEX front-month proxy for LME copper (USD/ton)
2025-09-18,lme_copper_price,10011.1911,USD/ton,Yahoo Finance,https://finance.yahoo.com/quote/HG=F,2026-08-03T00:06:23.424710,daily,B,COMEX front-month proxy for LME copper (USD/ton)
2025-09-19,lme_copper_price,10072.9202,USD/ton,Yahoo Finance,https://finance.yahoo.com/quote/HG=F,2026-08-03T00:06:23.424754,daily,B,COMEX front-month proxy for LME copper (USD/ton)
2025-09-22,lme_copper_price,10081.7391,USD/ton,Yahoo Finance,https://finance.yahoo.com/quote/HG=F,2026-08-03T00:06:23.424797,daily,B,COMEX front-month proxy for LME copper (USD/ton)
2025-09-23,lme_copper_price,10107.092,USD/ton,Yahoo Finance,https://finance.yahoo.com/quote/HG=F,2026-08-03T00:06:23.424839,daily,B,COMEX front-month proxy for LME copper (USD/ton)
2025-09-24,lme_copper_price,10477.4691,USD/ton,Yahoo Finance,https://finance.yahoo.com/quote/HG=F,2026-08-03T00:06:23.424882,daily,B,COMEX front-month proxy for LME copper (USD/ton)
2025-09-25,lme_copper_price,10361.7259,USD/ton,Yahoo Finance,https://finance.yahoo.com/quote/HG=F,2026-08-03T00:06:23.424925,daily,B,COMEX front-month proxy for LME copper (USD/ton)
2025-09-26,lme_copper_price,10395.8977,USD/ton,Yahoo Finance,https://finance.yahoo.com/quote/HG=F,2026-08-03T00:06:23.424967,daily,B,COMEX front-month proxy for LME copper (USD/ton)
2025-09-29,lme_copper_price,10672.5783,USD/ton,Yahoo Finance,https://finance.yahoo.com/quote/HG=F,2026-08-03T00:06:23.425010,daily,B,COMEX front-month proxy for LME copper (USD/ton)
2025-09-30,lme_copper_price,10593.2113,USD/ton,Yahoo Finance,https://finance.yahoo.com/quote/HG=F,2026-08-03T00:06:23.425054,daily,B,COMEX front-month proxy for LME copper (USD/ton)
2025-10-01,lme_copper_price,10649.4299,USD/ton,Yahoo Finance,https://finance.yahoo.com/quote/HG=F,2026-08-03T00:06:23.425097,daily,B,COMEX front-month proxy for LME copper (USD/ton)
2025-10-02,lme_copper_price,10798.2411,USD/ton,Yahoo Finance,https://finance.yahoo.com/quote/HG=F,2026-08-03T00:06:23.425140,daily,B,COMEX front-month proxy for LME copper (USD/ton)
2025-10-03,lme_copper_price,11150.9814,USD/ton,Yahoo Finance,https://finance.yahoo.com/quote/HG=F,2026-08-03T00:06:23.425184,daily,B,COMEX front-month proxy for LME copper (USD/ton)
2025-10-06,lme_copper_price,10994.453,USD/ton,Yahoo Finance,https://finance.yahoo.com/quote/HG=F,2026-08-03T00:06:23.425227,daily,B,COMEX front-month proxy for LME copper (USD/ton)
2025-10-07,lme_copper_price,11128.9347,USD/ton,Yahoo Finance,https://finance.yahoo.com/quote/HG=F,2026-08-03T00:06:23.425270,daily,B,COMEX front-month proxy for LME copper (USD/ton)
2025-10-08,lme_copper_price,11124.5258,USD/ton,Yahoo Finance,https://finance.yahoo.com/quote/HG=F,2026-08-03T00:06:23.425314,daily,B,COMEX front-month proxy for LME copper (USD/ton)
2025-10-09,lme_copper_price,11189.5621,USD/ton,Yahoo Finance,https://finance.yahoo.com/quote/HG=F,2026-08-03T00:06:23.425356,daily,B,COMEX front-month proxy for LME copper (USD/ton)
2025-10-10,lme_copper_price,10689.1123,USD/ton,Yahoo Finance,https://finance.yahoo.com/quote/HG=F,2026-08-03T00:06:23.425400,daily,B,COMEX front-month proxy for LME copper (USD/ton)
2025-10-13,lme_copper_price,11244.6779,USD/ton,Yahoo Finance,https://finance.yahoo.com/quote/HG=F,2026-08-03T00:06:23.425443,daily,B,COMEX front-month proxy for LME copper (USD/ton)
2025-10-14,lme_copper_price,10980.1235,USD/ton,Yahoo Finance,https://finance.yahoo.com/quote/HG=F,2026-08-03T00:06:23.425504,daily,B,COMEX front-month proxy for LME copper (USD/ton)
2025-10-15,lme_copper_price,10961.3839,USD/ton,Yahoo Finance,https://finance.yahoo.com/quote/HG=F,2026-08-03T00:06:23.425582,daily,B,COMEX front-month proxy for LME copper (USD/ton)
2025-10-16,lme_copper_price,10930.5194,USD/ton,Yahoo Finance,https://finance.yahoo.com/quote/HG=F,2026-08-03T00:06:23.425664,daily,B,COMEX front-month proxy for LME copper (USD/ton)
2025-10-17,lme_copper_price,10872.0964,USD/ton,Yahoo Finance,https://finance.yahoo.com/quote/HG=F,2026-08-03T00:06:23.425739,daily,B,COMEX front-month proxy for LME copper (USD/ton)
2025-10-20,lme_copper_price,11018.7042,USD/ton,Yahoo Finance,https://finance.yahoo.com/quote/HG=F,2026-08-03T00:06:23.425810,daily,B,COMEX front-month proxy for LME copper (USD/ton)
2025-10-21,lme_copper_price,10868.7891,USD/ton,Yahoo Finance,https://finance.yahoo.com/quote/HG=F,2026-08-03T00:06:23.425879,daily,B,COMEX front-month proxy for LME copper (USD/ton)
2025-10-22,lme_copper_price,10937.1328,USD/ton,Yahoo Finance,https://finance.yahoo.com/quote/HG=F,2026-08-03T00:06:23.425929,daily,B,COMEX front-month proxy for LME copper (USD/ton)
2025-10-23,lme_copper_price,11203.8917,USD/ton,Yahoo Finance,https://finance.yahoo.com/quote/HG=F,2026-08-03T00:06:23.425974,daily,B,COMEX front-month proxy for LME copper (USD/ton)
2025-10-24,lme_copper_price,11229.2456,USD/ton,Yahoo Finance,https://finance.yahoo.com/quote/HG=F,2026-08-03T00:06:23.426018,daily,B,COMEX front-month proxy for LME copper (USD/ton)
2025-10-27,lme_copper_price,11332.8627,USD/ton,Yahoo Finance,https://finance.yahoo.com/quote/HG=F,2026-08-03T00:06:23.426062,daily,B,COMEX front-month proxy for LME copper (USD/ton)
2025-10-28,lme_copper_price,11332.8627,USD/ton,Yahoo Finance,https://finance.yahoo.com/quote/HG=F,2026-08-03T00:06:23.426106,daily,B,COMEX front-month proxy for LME copper (USD/ton)
2025-10-29,lme_copper_price,11537.8925,USD/ton,Yahoo Finance,https://finance.yahoo.com/quote/HG=F,2026-08-03T00:06:23.426149,daily,B,COMEX front-month proxy for LME copper (USD/ton)
2025-10-30,lme_copper_price,11195.0738,USD/ton,Yahoo Finance,https://finance.yahoo.com/quote/HG=F,2026-08-03T00:06:23.426192,daily,B,COMEX front-month proxy for LME copper (USD/ton)
2025-10-31,lme_copper_price,11167.5154,USD/ton,Yahoo Finance,https://finance.yahoo.com/quote/HG=F,2026-08-03T00:06:23.426235,daily,B,COMEX front-month proxy for LME copper (USD/ton)
2025-11-03,lme_copper_price,11126.7302,USD/ton,Yahoo Finance,https://finance.yahoo.com/quote/HG=F,2026-08-03T00:06:23.426278,daily,B,COMEX front-month proxy for LME copper (USD/ton)
2025-11-04,lme_copper_price,10859.9713,USD/ton,Yahoo Finance,https://finance.yahoo.com/quote/HG=F,2026-08-03T00:06:23.426322,daily,B,COMEX front-month proxy for LME copper (USD/ton)
2025-11-05,lme_copper_price,10941.5417,USD/ton,Yahoo Finance,https://finance.yahoo.com/quote/HG=F,2026-08-03T00:06:23.426365,daily,B,COMEX front-month proxy for LME copper (USD/ton)
2025-11-06,lme_copper_price,10902.9609,USD/ton,Yahoo Finance,https://finance.yahoo.com/quote/HG=F,2026-08-03T00:06:23.426408,daily,B,COMEX front-month proxy for LME copper (USD/ton)
2025-11-07,lme_copper_price,10886.427,USD/ton,Yahoo Finance,https://finance.yahoo.com/quote/HG=F,2026-08-03T00:06:23.426461,daily,B,COMEX front-month proxy for LME copper (USD/ton)
2025-11-10,lme_copper_price,11214.915,USD/ton,Yahoo Finance,https://finance.yahoo.com/quote/HG=F,2026-08-03T00:06:23.426505,daily,B,COMEX front-month proxy for LME copper (USD/ton)
2025-11-11,lme_copper_price,11130.0374,USD/ton,Yahoo Finance,https://finance.yahoo.com/quote/HG=F,2026-08-03T00:06:23.426549,daily,B,COMEX front-month proxy for LME copper (USD/ton)
2025-11-12,lme_copper_price,11220.4267,USD/ton,Yahoo Finance,https://finance.yahoo.com/quote/HG=F,2026-08-03T00:06:23.426592,daily,B,COMEX front-month proxy for LME copper (USD/ton)
2025-11-13,lme_copper_price,11216.0178,USD/ton,Yahoo Finance,https://finance.yahoo.com/quote/HG=F,2026-08-03T00:06:23.426636,daily,B,COMEX front-month proxy for LME copper (USD/ton)
2025-11-14,lme_copper_price,11132.2419,USD/ton,Yahoo Finance,https://finance.yahoo.com/quote/HG=F,2026-08-03T00:06:23.426691,daily,B,COMEX front-month proxy for LME copper (USD/ton)
2025-11-17,lme_copper_price,11023.1131,USD/ton,Yahoo Finance,https://finance.yahoo.com/quote/HG=F,2026-08-03T00:06:23.426842,daily,B,COMEX front-month proxy for LME copper (USD/ton)
2025-11-18,lme_copper_price,10940.44,USD/ton,Yahoo Finance,https://finance.yahoo.com/quote/HG=F,2026-08-03T00:06:23.426893,daily,B,COMEX front-month proxy for LME copper (USD/ton)
2025-11-19,lme_copper_price,11040.7499,USD/ton,Yahoo Finance,https://finance.yahoo.com/quote/HG=F,2026-08-03T00:06:23.426939,daily,B,COMEX front-month proxy for LME copper (USD/ton)
2025-11-20,lme_copper_price,10933.8255,USD/ton,Yahoo Finance,https://finance.yahoo.com/quote/HG=F,2026-08-03T00:06:23.426982,daily,B,COMEX front-month proxy for LME copper (USD/ton)
2025-11-21,lme_copper_price,11041.8526,USD/ton,Yahoo Finance,https://finance.yahoo.com/quote/HG=F,2026-08-03T00:06:23.427026,daily,B,COMEX front-month proxy for LME copper (USD/ton)
2025-11-24,lme_copper_price,10939.3372,USD/ton,Yahoo Finance,https://finance.yahoo.com/quote/HG=F,2026-08-03T00:06:23.427069,daily,B,COMEX front-month proxy for LME copper (USD/ton)
2025-11-25,lme_copper_price,11022.0104,USD/ton,Yahoo Finance,https://finance.yahoo.com/quote/HG=F,2026-08-03T00:06:23.427112,daily,B,COMEX front-month proxy for LME copper (USD/ton)
2025-11-26,lme_copper_price,11253.4958,USD/ton,Yahoo Finance,https://finance.yahoo.com/quote/HG=F,2026-08-03T00:06:23.427155,daily,B,COMEX front-month proxy for LME copper (USD/ton)
2025-11-28,lme_copper_price,11432.0709,USD/ton,Yahoo Finance,https://finance.yahoo.com/quote/HG=F,2026-08-03T00:06:23.427198,daily,B,COMEX front-month proxy for LME copper (USD/ton)
2025-12-01,lme_copper_price,11505.9252,USD/ton,Yahoo Finance,https://finance.yahoo.com/quote/HG=F,2026-08-03T00:06:23.427240,daily,B,COMEX front-month proxy for LME copper (USD/ton)
2025-12-02,lme_copper_price,11378.0569,USD/ton,Yahoo Finance,https://finance.yahoo.com/quote/HG=F,2026-08-03T00:06:23.427282,daily,B,COMEX front-month proxy for LME copper (USD/ton)
2025-12-03,lme_copper_price,11702.1371,USD/ton,Yahoo Finance,https://finance.yahoo.com/quote/HG=F,2026-08-03T00:06:23.427325,daily,B,COMEX front-month proxy for LME copper (USD/ton)
2025-12-04,lme_copper_price,11665.7608,USD/ton,Yahoo Finance,https://finance.yahoo.com/quote/HG=F,2026-08-03T00:06:23.427368,daily,B,COMEX front-month proxy for LME copper (USD/ton)
2025-12-05,lme_copper_price,11865.2789,USD/ton,Yahoo Finance,https://finance.yahoo.com/quote/HG=F,2026-08-03T00:06:23.427410,daily,B,COMEX front-month proxy for LME copper (USD/ton)
2025-12-08,lme_copper_price,11826.6982,USD/ton,Yahoo Finance,https://finance.yahoo.com/quote/HG=F,2026-08-03T00:06:23.427453,daily,B,COMEX front-month proxy for LME copper (USD/ton)
2025-12-09,lme_copper_price,11553.3248,USD/ton,Yahoo Finance,https://finance.yahoo.com/quote/HG=F,2026-08-03T00:06:23.427496,daily,B,COMEX front-month proxy for LME copper (USD/ton)
2025-12-10,lme_copper_price,11630.4862,USD/ton,Yahoo Finance,https://finance.yahoo.com/quote/HG=F,2026-08-03T00:06:23.427539,daily,B,COMEX front-month proxy for LME copper (USD/ton)
2025-12-11,lme_copper_price,11964.4871,USD/ton,Yahoo Finance,https://finance.yahoo.com/quote/HG=F,2026-08-03T00:06:23.427581,daily,B,COMEX front-month proxy for LME copper (USD/ton)
2025-12-12,lme_copper_price,11648.1241,USD/ton,Yahoo Finance,https://finance.yahoo.com/quote/HG=F,2026-08-03T00:06:23.427624,daily,B,COMEX front-month proxy for LME copper (USD/ton)
2025-12-15,lme_copper_price,11769.3779,USD/ton,Yahoo Finance,https://finance.yahoo.com/quote/HG=F,2026-08-03T00:06:23.427678,daily,B,COMEX front-month proxy for LME copper (USD/ton)
2025-12-16,lme_copper_price,11655.8402,USD/ton,Yahoo Finance,https://finance.yahoo.com/quote/HG=F,2026-08-03T00:06:23.427722,daily,B,COMEX front-month proxy for LME copper (USD/ton)
2025-12-17,lme_copper_price,11824.4937,USD/ton,Yahoo Finance,https://finance.yahoo.com/quote/HG=F,2026-08-03T00:06:23.427765,daily,B,COMEX front-month proxy for LME copper (USD/ton)
2025-12-18,lme_copper_price,11831.1071,USD/ton,Yahoo Finance,https://finance.yahoo.com/quote/HG=F,2026-08-03T00:06:23.427808,daily,B,COMEX front-month proxy for LME copper (USD/ton)
2025-12-19,lme_copper_price,11992.0444,USD/ton,Yahoo Finance,https://finance.yahoo.com/quote/HG=F,2026-08-03T00:06:23.427851,daily,B,COMEX front-month proxy for LME copper (USD/ton)
2025-12-22,lme_copper_price,11987.6355,USD/ton,Yahoo Finance,https://finance.yahoo.com/quote/HG=F,2026-08-03T00:06:23.427894,daily,B,COMEX front-month proxy for LME copper (USD/ton)
2025-12-23,lme_copper_price,12072.5131,USD/ton,Yahoo Finance,https://finance.yahoo.com/quote/HG=F,2026-08-03T00:06:23.427936,daily,B,COMEX front-month proxy for LME copper (USD/ton)
2025-12-24,lme_copper_price,12122.1172,USD/ton,Yahoo Finance,https://finance.yahoo.com/quote/HG=F,2026-08-03T00:06:23.427995,daily,B,COMEX front-month proxy for LME copper (USD/ton)
2025-12-26,lme_copper_price,12712.9563,USD/ton,Yahoo Finance,https://finance.yahoo.com/quote/HG=F,2026-08-03T00:06:23.428039,daily,B,COMEX front-month proxy for LME copper (USD/ton)
2025-12-29,lme_copper_price,12104.4804,USD/ton,Yahoo Finance,https://finance.yahoo.com/quote/HG=F,2026-08-03T00:06:23.428083,daily,B,COMEX front-month proxy for LME copper (USD/ton)
2025-12-30,lme_copper_price,12626.976,USD/ton,Yahoo Finance,https://finance.yahoo.com/quote/HG=F,2026-08-03T00:06:23.428128,daily,B,COMEX front-month proxy for LME copper (USD/ton)
2025-12-31,lme_copper_price,12412.0256,USD/ton,Yahoo Finance,https://finance.yahoo.com/quote/HG=F,2026-08-03T00:06:23.428174,daily,B,COMEX front-month proxy for LME copper (USD/ton)
2026-01-02,lme_copper_price,12434.0713,USD/ton,Yahoo Finance,https://finance.yahoo.com/quote/HG=F,2026-08-03T00:06:23.428218,daily,B,COMEX front-month proxy for LME copper (USD/ton)
2026-01-05,lme_copper_price,13061.2867,USD/ton,Yahoo Finance,https://finance.yahoo.com/quote/HG=F,2026-08-03T00:06:23.428263,daily,B,COMEX front-month proxy for LME copper (USD/ton)
2026-01-06,lme_copper_price,13250.8842,USD/ton,Yahoo Finance,https://finance.yahoo.com/quote/HG=F,2026-08-03T00:06:23.428307,daily,B,COMEX front-month proxy for LME copper (USD/ton)
2026-01-07,lme_copper_price,12806.6528,USD/ton,Yahoo Finance,https://finance.yahoo.com/quote/HG=F,2026-08-03T00:06:23.428351,daily,B,COMEX front-month proxy for LME copper (USD/ton)
2026-01-08,lme_copper_price,12668.8639,USD/ton,Yahoo Finance,https://finance.yahoo.com/quote/HG=F,2026-08-03T00:06:23.428395,daily,B,COMEX front-month proxy for LME copper (USD/ton)
2026-01-09,lme_copper_price,12909.1683,USD/ton,Yahoo Finance,https://finance.yahoo.com/quote/HG=F,2026-08-03T00:06:23.428439,daily,B,COMEX front-month proxy for LME copper (USD/ton)
2026-01-12,lme_copper_price,13194.6667,USD/ton,Yahoo Finance,https://finance.yahoo.com/quote/HG=F,2026-08-03T00:06:23.428483,daily,B,COMEX front-month proxy for LME copper (USD/ton)
2026-01-13,lme_copper_price,13161.5966,USD/ton,Yahoo Finance,https://finance.yahoo.com/quote/HG=F,2026-08-03T00:06:23.428541,daily,B,COMEX front-month proxy for LME copper (USD/ton)
2026-01-14,lme_copper_price,13247.5769,USD/ton,Yahoo Finance,https://finance.yahoo.com/quote/HG=F,2026-08-03T00:06:23.428588,daily,B,COMEX front-month proxy for LME copper (USD/ton)
2026-01-15,lme_copper_price,13113.0953,USD/ton,Yahoo Finance,https://finance.yahoo.com/quote/HG=F,2026-08-03T00:06:23.428632,daily,B,COMEX front-month proxy for LME copper (USD/ton)
2026-01-16,lme_copper_price,12761.4577,USD/ton,Yahoo Finance,https://finance.yahoo.com/quote/HG=F,2026-08-03T00:06:23.428685,daily,B,COMEX front-month proxy for LME copper (USD/ton)
2026-01-20,lme_copper_price,12727.2859,USD/ton,Yahoo Finance,https://finance.yahoo.com/quote/HG=F,2026-08-03T00:06:23.428731,daily,B,COMEX front-month proxy for LME copper (USD/ton)
2026-01-21,lme_copper_price,12631.3849,USD/ton,Yahoo Finance,https://finance.yahoo.com/quote/HG=F,2026-08-03T00:06:23.428775,daily,B,COMEX front-month proxy for LME copper (USD/ton)
2026-01-22,lme_copper_price,12660.045,USD/ton,Yahoo Finance,https://finance.yahoo.com/quote/HG=F,2026-08-03T00:06:23.428819,daily,B,COMEX front-month proxy for LME copper (USD/ton)
2026-01-23,lme_copper_price,13031.5238,USD/ton,Yahoo Finance,https://finance.yahoo.com/quote/HG=F,2026-08-03T00:06:23.428862,daily,B,COMEX front-month proxy for LME copper (USD/ton)
2026-01-26,lme_copper_price,13192.4622,USD/ton,Yahoo Finance,https://finance.yahoo.com/quote/HG=F,2026-08-03T00:06:23.428907,daily,B,COMEX front-month proxy for LME copper (USD/ton)
2026-01-27,lme_copper_price,12849.6425,USD/ton,Yahoo Finance,https://finance.yahoo.com/quote/HG=F,2026-08-03T00:06:23.428951,daily,B,COMEX front-month proxy for LME copper (USD/ton)
2026-01-28,lme_copper_price,12990.7386,USD/ton,Yahoo Finance,https://finance.yahoo.com/quote/HG=F,2026-08-03T00:06:23.428994,daily,B,COMEX front-month proxy for LME copper (USD/ton)
2026-01-29,lme_copper_price,13614.6468,USD/ton,Yahoo Finance,https://finance.yahoo.com/quote/HG=F,2026-08-03T00:06:23.429039,daily,B,COMEX front-month proxy for LME copper (USD/ton)
2026-01-30,lme_copper_price,13000.6592,USD/ton,Yahoo Finance,https://finance.yahoo.com/quote/HG=F,2026-08-03T00:06:23.429095,daily,B,COMEX front-month proxy for LME copper (USD/ton)
2026-02-02,lme_copper_price,12790.1178,USD/ton,Yahoo Finance,https://finance.yahoo.com/quote/HG=F,2026-08-03T00:06:23.429137,daily,B,COMEX front-month proxy for LME copper (USD/ton)
2026-02-03,lme_copper_price,13365.5246,USD/ton,Yahoo Finance,https://finance.yahoo.com/quote/HG=F,2026-08-03T00:06:23.429180,daily,B,COMEX front-month proxy for LME copper (USD/ton)
2026-02-04,lme_copper_price,12844.1319,USD/ton,Yahoo Finance,https://finance.yahoo.com/quote/HG=F,2026-08-03T00:06:23.429223,daily,B,COMEX front-month proxy for LME copper (USD/ton)
2026-02-05,lme_copper_price,12784.6061,USD/ton,Yahoo Finance,https://finance.yahoo.com/quote/HG=F,2026-08-03T00:06:23.429265,daily,B,COMEX front-month proxy for LME copper (USD/ton)
2026-02-06,lme_copper_price,12926.805,USD/ton,Yahoo Finance,https://finance.yahoo.com/quote/HG=F,2026-08-03T00:06:23.429308,daily,B,COMEX front-month proxy for LME copper (USD/ton)
2026-02-09,lme_copper_price,13106.4819,USD/ton,Yahoo Finance,https://finance.yahoo.com/quote/HG=F,2026-08-03T00:06:23.429351,daily,B,COMEX front-month proxy for LME copper (USD/ton)
2026-02-10,lme_copper_price,12998.4548,USD/ton,Yahoo Finance,https://finance.yahoo.com/quote/HG=F,2026-08-03T00:06:23.429393,daily,B,COMEX front-month proxy for LME copper (USD/ton)
2026-02-11,lme_copper_price,13115.2997,USD/ton,Yahoo Finance,https://finance.yahoo.com/quote/HG=F,2026-08-03T00:06:23.429445,daily,B,COMEX front-month proxy for LME copper (USD/ton)
2026-02-12,lme_copper_price,12722.8769,USD/ton,Yahoo Finance,https://finance.yahoo.com/quote/HG=F,2026-08-03T00:06:23.429488,daily,B,COMEX front-month proxy for LME copper (USD/ton)
2026-02-13,lme_copper_price,12770.2766,USD/ton,Yahoo Finance,https://finance.yahoo.com/quote/HG=F,2026-08-03T00:06:23.429531,daily,B,COMEX front-month proxy for LME copper (USD/ton)
2026-02-17,lme_copper_price,12418.639,USD/ton,Yahoo Finance,https://finance.yahoo.com/quote/HG=F,2026-08-03T00:06:23.429574,daily,B,COMEX front-month proxy for LME copper (USD/ton)
2026-02-18,lme_copper_price,12772.481,USD/ton,Yahoo Finance,https://finance.yahoo.com/quote/HG=F,2026-08-03T00:06:23.429617,daily,B,COMEX front-month proxy for LME copper (USD/ton)
2026-02-19,lme_copper_price,12632.4877,USD/ton,Yahoo Finance,https://finance.yahoo.com/quote/HG=F,2026-08-03T00:06:23.429667,daily,B,COMEX front-month proxy for LME copper (USD/ton)
2026-02-20,lme_copper_price,12855.1542,USD/ton,Yahoo Finance,https://finance.yahoo.com/quote/HG=F,2026-08-03T00:06:23.429713,daily,B,COMEX front-month proxy for LME copper (USD/ton)
2026-02-23,lme_copper_price,12727.2859,USD/ton,Yahoo Finance,https://finance.yahoo.com/quote/HG=F,2026-08-03T00:06:23.429755,daily,B,COMEX front-month proxy for LME copper (USD/ton)
2026-02-24,lme_copper_price,13057.9795,USD/ton,Yahoo Finance,https://finance.yahoo.com/quote/HG=F,2026-08-03T00:06:23.429799,daily,B,COMEX front-month proxy for LME copper (USD/ton)
2026-02-25,lme_copper_price,13182.5406,USD/ton,Yahoo Finance,https://finance.yahoo.com/quote/HG=F,2026-08-03T00:06:23.429841,daily,B,COMEX front-month proxy for LME copper (USD/ton)
2026-02-26,lme_copper_price,13110.8908,USD/ton,Yahoo Finance,https://finance.yahoo.com/quote/HG=F,2026-08-03T00:06:23.429884,daily,B,COMEX front-month proxy for LME copper (USD/ton)
2026-02-27,lme_copper_price,13237.6563,USD/ton,Yahoo Finance,https://finance.yahoo.com/quote/HG=F,2026-08-03T00:06:23.429927,daily,B,COMEX front-month proxy for LME copper (USD/ton)
2026-03-02,lme_copper_price,12995.1476,USD/ton,Yahoo Finance,https://finance.yahoo.com/quote/HG=F,2026-08-03T00:06:23.429969,daily,B,COMEX front-month proxy for LME copper (USD/ton)
2026-03-03,lme_copper_price,12728.3886,USD/ton,Yahoo Finance,https://finance.yahoo.com/quote/HG=F,2026-08-03T00:06:23.430012,daily,B,COMEX front-month proxy for LME copper (USD/ton)
2026-03-04,lme_copper_price,12908.0655,USD/ton,Yahoo Finance,https://finance.yahoo.com/quote/HG=F,2026-08-03T00:06:23.430054,daily,B,COMEX front-month proxy for LME copper (USD/ton)
2026-03-05,lme_copper_price,12683.1935,USD/ton,Yahoo Finance,https://finance.yahoo.com/quote/HG=F,2026-08-03T00:06:23.430097,daily,B,COMEX front-month proxy for LME copper (USD/ton)
2026-03-06,lme_copper_price,12692.0124,USD/ton,Yahoo Finance,https://finance.yahoo.com/quote/HG=F,2026-08-03T00:06:23.430140,daily,B,COMEX front-month proxy for LME copper (USD/ton)
2026-03-09,lme_copper_price,12787.9133,USD/ton,Yahoo Finance,https://finance.yahoo.com/quote/HG=F,2026-08-03T00:06:23.430183,daily,B,COMEX front-month proxy for LME copper (USD/ton)
2026-03-10,lme_copper_price,13016.0915,USD/ton,Yahoo Finance,https://finance.yahoo.com/quote/HG=F,2026-08-03T00:06:23.430225,daily,B,COMEX front-month proxy for LME copper (USD/ton)
2026-03-11,lme_copper_price,12887.1215,USD/ton,Yahoo Finance,https://finance.yahoo.com/quote/HG=F,2026-08-03T00:06:23.430296,daily,B,COMEX front-month proxy for LME copper (USD/ton)
2026-03-12,lme_copper_price,12840.8246,USD/ton,Yahoo Finance,https://finance.yahoo.com/quote/HG=F,2026-08-03T00:06:23.430366,daily,B,COMEX front-month proxy for LME copper (USD/ton)
2026-03-13,lme_copper_price,12598.3159,USD/ton,Yahoo Finance,https://finance.yahoo.com/quote/HG=F,2026-08-03T00:06:23.430431,daily,B,COMEX front-month proxy for LME copper (USD/ton)
2026-03-16,lme_copper_price,12765.8677,USD/ton,Yahoo Finance,https://finance.yahoo.com/quote/HG=F,2026-08-03T00:06:23.430501,daily,B,COMEX front-month proxy for LME copper (USD/ton)
2026-03-17,lme_copper_price,12624.7715,USD/ton,Yahoo Finance,https://finance.yahoo.com/quote/HG=F,2026-08-03T00:06:23.430560,daily,B,COMEX front-month proxy for LME copper (USD/ton)
2026-03-18,lme_copper_price,12244.4738,USD/ton,Yahoo Finance,https://finance.yahoo.com/quote/HG=F,2026-08-03T00:06:23.430612,daily,B,COMEX front-month proxy for LME copper (USD/ton)
2026-03-19,lme_copper_price,11977.7149,USD/ton,Yahoo Finance,https://finance.yahoo.com/quote/HG=F,2026-08-03T00:06:23.430689,daily,B,COMEX front-month proxy for LME copper (USD/ton)
2026-03-20,lme_copper_price,11778.1968,USD/ton,Yahoo Finance,https://finance.yahoo.com/quote/HG=F,2026-08-03T00:06:23.430758,daily,B,COMEX front-month proxy for LME copper (USD/ton)
2026-03-23,lme_copper_price,11992.0444,USD/ton,Yahoo Finance,https://finance.yahoo.com/quote/HG=F,2026-08-03T00:06:23.430821,daily,B,COMEX front-month proxy for LME copper (USD/ton)
2026-03-24,lme_copper_price,11954.5665,USD/ton,Yahoo Finance,https://finance.yahoo.com/quote/HG=F,2026-08-03T00:06:23.430885,daily,B,COMEX front-month proxy for LME copper (USD/ton)
2026-03-25,lme_copper_price,12189.358,USD/ton,Yahoo Finance,https://finance.yahoo.com/quote/HG=F,2026-08-03T00:06:23.430947,daily,B,COMEX front-month proxy for LME copper (USD/ton)
2026-03-26,lme_copper_price,12007.4767,USD/ton,Yahoo Finance,https://finance.yahoo.com/quote/HG=F,2026-08-03T00:06:23.431007,daily,B,COMEX front-month proxy for LME copper (USD/ton)
2026-03-27,lme_copper_price,12052.6719,USD/ton,Yahoo Finance,https://finance.yahoo.com/quote/HG=F,2026-08-03T00:06:23.431067,daily,B,COMEX front-month proxy for LME copper (USD/ton)
2026-03-30,lme_copper_price,12072.5131,USD/ton,Yahoo Finance,https://finance.yahoo.com/quote/HG=F,2026-08-03T00:06:23.431131,daily,B,COMEX front-month proxy for LME copper (USD/ton)
2026-03-31,lme_copper_price,12318.3291,USD/ton,Yahoo Finance,https://finance.yahoo.com/quote/HG=F,2026-08-03T00:06:23.431191,daily,B,COMEX front-month proxy for LME copper (USD/ton)
2026-04-01,lme_copper_price,12398.7978,USD/ton,Yahoo Finance,https://finance.yahoo.com/quote/HG=F,2026-08-03T00:06:23.431252,daily,B,COMEX front-month proxy for LME copper (USD/ton)
2026-04-02,lme_copper_price,12264.3161,USD/ton,Yahoo Finance,https://finance.yahoo.com/quote/HG=F,2026-08-03T00:06:23.431314,daily,B,COMEX front-month proxy for LME copper (USD/ton)
2026-04-06,lme_copper_price,12309.5102,USD/ton,Yahoo Finance,https://finance.yahoo.com/quote/HG=F,2026-08-03T00:06:23.431377,daily,B,COMEX front-month proxy for LME copper (USD/ton)
2026-04-07,lme_copper_price,12223.5298,USD/ton,Yahoo Finance,https://finance.yahoo.com/quote/HG=F,2026-08-03T00:06:23.431440,daily,B,COMEX front-month proxy for LME copper (USD/ton)
2026-04-08,lme_copper_price,12697.524,USD/ton,Yahoo Finance,https://finance.yahoo.com/quote/HG=F,2026-08-03T00:06:23.431502,daily,B,COMEX front-month proxy for LME copper (USD/ton)
2026-04-09,lme_copper_price,12672.1711,USD/ton,Yahoo Finance,https://finance.yahoo.com/quote/HG=F,2026-08-03T00:06:23.431568,daily,B,COMEX front-month proxy for LME copper (USD/ton)
2026-04-10,lme_copper_price,12942.2373,USD/ton,Yahoo Finance,https://finance.yahoo.com/quote/HG=F,2026-08-03T00:06:23.431633,daily,B,COMEX front-month proxy for LME copper (USD/ton)
2026-04-13,lme_copper_price,13174.8244,USD/ton,Yahoo Finance,https://finance.yahoo.com/quote/HG=F,2026-08-03T00:06:23.431704,daily,B,COMEX front-month proxy for LME copper (USD/ton)
2026-04-14,lme_copper_price,13383.1614,USD/ton,Yahoo Finance,https://finance.yahoo.com/quote/HG=F,2026-08-03T00:06:23.431752,daily,B,COMEX front-month proxy for LME copper (USD/ton)
2026-04-15,lme_copper_price,13386.4686,USD/ton,Yahoo Finance,https://finance.yahoo.com/quote/HG=F,2026-08-03T00:06:23.431796,daily,B,COMEX front-month proxy for LME copper (USD/ton)
2026-04-16,lme_copper_price,13374.3435,USD/ton,Yahoo Finance,https://finance.yahoo.com/quote/HG=F,2026-08-03T00:06:23.431841,daily,B,COMEX front-month proxy for LME copper (USD/ton)
2026-04-17,lme_copper_price,13455.9139,USD/ton,Yahoo Finance,https://finance.yahoo.com/quote/HG=F,2026-08-03T00:06:23.431884,daily,B,COMEX front-month proxy for LME copper (USD/ton)
2026-04-20,lme_copper_price,13307.1016,USD/ton,Yahoo Finance,https://finance.yahoo.com/quote/HG=F,2026-08-03T00:06:23.431928,daily,B,COMEX front-month proxy for LME copper (USD/ton)
2026-04-21,lme_copper_price,13231.043,USD/ton,Yahoo Finance,https://finance.yahoo.com/quote/HG=F,2026-08-03T00:06:23.431971,daily,B,COMEX front-month proxy for LME copper (USD/ton)
2026-04-22,lme_copper_price,13492.2902,USD/ton,Yahoo Finance,https://finance.yahoo.com/quote/HG=F,2026-08-03T00:06:23.432015,daily,B,COMEX front-month proxy for LME copper (USD/ton)
2026-04-23,lme_copper_price,13394.1848,USD/ton,Yahoo Finance,https://finance.yahoo.com/quote/HG=F,2026-08-03T00:06:23.432058,daily,B,COMEX front-month proxy for LME copper (USD/ton)
2026-04-24,lme_copper_price,13279.5443,USD/ton,Yahoo Finance,https://finance.yahoo.com/quote/HG=F,2026-08-03T00:06:23.432101,daily,B,COMEX front-month proxy for LME copper (USD/ton)
2026-04-27,lme_copper_price,13267.4192,USD/ton,Yahoo Finance,https://finance.yahoo.com/quote/HG=F,2026-08-03T00:06:23.432144,daily,B,COMEX front-month proxy for LME copper (USD/ton)
2026-04-28,lme_copper_price,13039.241,USD/ton,Yahoo Finance,https://finance.yahoo.com/quote/HG=F,2026-08-03T00:06:23.432187,daily,B,COMEX front-month proxy for LME copper (USD/ton)
2026-04-29,lme_copper_price,12959.874,USD/ton,Yahoo Finance,https://finance.yahoo.com/quote/HG=F,2026-08-03T00:06:23.432231,daily,B,COMEX front-month proxy for LME copper (USD/ton)
2026-04-30,lme_copper_price,13064.5939,USD/ton,Yahoo Finance,https://finance.yahoo.com/quote/HG=F,2026-08-03T00:06:23.432274,daily,B,COMEX front-month proxy for LME copper (USD/ton)
2026-05-01,lme_copper_price,13077.8217,USD/ton,Yahoo Finance,https://finance.yahoo.com/quote/HG=F,2026-08-03T00:06:23.432318,daily,B,COMEX front-month proxy for LME copper (USD/ton)
2026-05-04,lme_copper_price,12775.7883,USD/ton,Yahoo Finance,https://finance.yahoo.com/quote/HG=F,2026-08-03T00:06:23.432361,daily,B,COMEX front-month proxy for LME copper (USD/ton)
2026-05-05,lme_copper_price,13102.0719,USD/ton,Yahoo Finance,https://finance.yahoo.com/quote/HG=F,2026-08-03T00:06:23.432404,daily,B,COMEX front-month proxy for LME copper (USD/ton)
2026-05-06,lme_copper_price,13528.6665,USD/ton,Yahoo Finance,https://finance.yahoo.com/quote/HG=F,2026-08-03T00:06:23.432447,daily,B,COMEX front-month proxy for LME copper (USD/ton)
2026-05-07,lme_copper_price,13508.8252,USD/ton,Yahoo Finance,https://finance.yahoo.com/quote/HG=F,2026-08-03T00:06:23.432490,daily,B,COMEX front-month proxy for LME copper (USD/ton)
2026-05-08,lme_copper_price,13776.6869,USD/ton,Yahoo Finance,https://finance.yahoo.com/quote/HG=F,2026-08-03T00:06:23.432551,daily,B,COMEX front-month proxy for LME copper (USD/ton)
2026-05-11,lme_copper_price,14139.3468,USD/ton,Yahoo Finance,https://finance.yahoo.com/quote/HG=F,2026-08-03T00:06:23.432596,daily,B,COMEX front-month proxy for LME copper (USD/ton)
2026-05-12,lme_copper_price,14296.978,USD/ton,Yahoo Finance,https://finance.yahoo.com/quote/HG=F,2026-08-03T00:06:23.432640,daily,B,COMEX front-month proxy for LME copper (USD/ton)
2026-05-13,lme_copper_price,14628.7733,USD/ton,Yahoo Finance,https://finance.yahoo.com/quote/HG=F,2026-08-03T00:06:23.432692,daily,B,COMEX front-month proxy for LME copper (USD/ton)
2026-05-14,lme_copper_price,14478.8593,USD/ton,Yahoo Finance,https://finance.yahoo.com/quote/HG=F,2026-08-03T00:06:23.432743,daily,B,COMEX front-month proxy for LME copper (USD/ton)
2026-05-15,lme_copper_price,13782.1986,USD/ton,Yahoo Finance,https://finance.yahoo.com/quote/HG=F,2026-08-03T00:06:23.432786,daily,B,COMEX front-month proxy for LME copper (USD/ton)
2026-05-18,lme_copper_price,13827.3927,USD/ton,Yahoo Finance,https://finance.yahoo.com/quote/HG=F,2026-08-03T00:06:23.432829,daily,B,COMEX front-month proxy for LME copper (USD/ton)
2026-05-19,lme_copper_price,13591.4984,USD/ton,Yahoo Finance,https://finance.yahoo.com/quote/HG=F,2026-08-03T00:06:23.432872,daily,B,COMEX front-month proxy for LME copper (USD/ton)
2026-05-20,lme_copper_price,13868.179,USD/ton,Yahoo Finance,https://finance.yahoo.com/quote/HG=F,2026-08-03T00:06:23.432915,daily,B,COMEX front-month proxy for LME copper (USD/ton)
2026-05-21,lme_copper_price,13794.3237,USD/ton,Yahoo Finance,https://finance.yahoo.com/quote/HG=F,2026-08-03T00:06:23.432958,daily,B,COMEX front-month proxy for LME copper (USD/ton)
2026-05-22,lme_copper_price,13981.7167,USD/ton,Yahoo Finance,https://finance.yahoo.com/quote/HG=F,2026-08-03T00:06:23.433001,daily,B,COMEX front-month proxy for LME copper (USD/ton)
2026-05-26,lme_copper_price,14023.6046,USD/ton,Yahoo Finance,https://finance.yahoo.com/quote/HG=F,2026-08-03T00:06:23.433043,daily,B,COMEX front-month proxy for LME copper (USD/ton)
2026-05-27,lme_copper_price,13900.1453,USD/ton,Yahoo Finance,https://finance.yahoo.com/quote/HG=F,2026-08-03T00:06:23.433086,daily,B,COMEX front-month proxy for LME copper (USD/ton)
2026-05-28,lme_copper_price,14100.7661,USD/ton,Yahoo Finance,https://finance.yahoo.com/quote/HG=F,2026-08-03T00:06:23.433129,daily,B,COMEX front-month proxy for LME copper (USD/ton)
2026-05-29,lme_copper_price,14020.2974,USD/ton,Yahoo Finance,https://finance.yahoo.com/quote/HG=F,2026-08-03T00:06:23.433172,daily,B,COMEX front-month proxy for LME copper (USD/ton)
2026-06-01,lme_copper_price,14382.9584,USD/ton,Yahoo Finance,https://finance.yahoo.com/quote/HG=F,2026-08-03T00:06:23.433214,daily,B,COMEX front-month proxy for LME copper (USD/ton)
2026-06-02,lme_copper_price,14659.6379,USD/ton,Yahoo Finance,https://finance.yahoo.com/quote/HG=F,2026-08-03T00:06:23.433258,daily,B,COMEX front-month proxy for LME copper (USD/ton)
2026-06-03,lme_copper_price,14288.1591,USD/ton,Yahoo Finance,https://finance.yahoo.com/quote/HG=F,2026-08-03T00:06:23.433300,daily,B,COMEX front-month proxy for LME copper (USD/ton)
2026-06-04,lme_copper_price,14354.2982,USD/ton,Yahoo Finance,https://finance.yahoo.com/quote/HG=F,2026-08-03T00:06:23.433343,daily,B,COMEX front-month proxy for LME copper (USD/ton)
2026-06-05,lme_copper_price,13808.6543,USD/ton,Yahoo Finance,https://finance.yahoo.com/quote/HG=F,2026-08-03T00:06:23.433386,daily,B,COMEX front-month proxy for LME copper (USD/ton)
2026-06-08,lme_copper_price,13954.1593,USD/ton,Yahoo Finance,https://finance.yahoo.com/quote/HG=F,2026-08-03T00:06:23.433429,daily,B,COMEX front-month proxy for LME copper (USD/ton)
2026-06-09,lme_copper_price,13894.6336,USD/ton,Yahoo Finance,https://finance.yahoo.com/quote/HG=F,2026-08-03T00:06:23.433471,daily,B,COMEX front-month proxy for LME copper (USD/ton)
2026-06-10,lme_copper_price,13776.6869,USD/ton,Yahoo Finance,https://finance.yahoo.com/quote/HG=F,2026-08-03T00:06:23.433513,daily,B,COMEX front-month proxy for LME copper (USD/ton)
2026-06-11,lme_copper_price,13798.7326,USD/ton,Yahoo Finance,https://finance.yahoo.com/quote/HG=F,2026-08-03T00:06:23.433555,daily,B,COMEX front-month proxy for LME copper (USD/ton)
2026-06-12,lme_copper_price,14176.8258,USD/ton,Yahoo Finance,https://finance.yahoo.com/quote/HG=F,2026-08-03T00:06:23.433597,daily,B,COMEX front-month proxy for LME copper (USD/ton)
2026-06-15,lme_copper_price,14291.4663,USD/ton,Yahoo Finance,https://finance.yahoo.com/quote/HG=F,2026-08-03T00:06:23.433639,daily,B,COMEX front-month proxy for LME copper (USD/ton)
2026-06-16,lme_copper_price,14305.7958,USD/ton,Yahoo Finance,https://finance.yahoo.com/quote/HG=F,2026-08-03T00:06:23.433692,daily,B,COMEX front-month proxy for LME copper (USD/ton)
2026-06-17,lme_copper_price,14289.2619,USD/ton,Yahoo Finance,https://finance.yahoo.com/quote/HG=F,2026-08-03T00:06:23.433736,daily,B,COMEX front-month proxy for LME copper (USD/ton)
2026-06-18,lme_copper_price,14053.3665,USD/ton,Yahoo Finance,https://finance.yahoo.com/quote/HG=F,2026-08-03T00:06:23.433779,daily,B,COMEX front-month proxy for LME copper (USD/ton)
2026-06-22,lme_copper_price,14013.684,USD/ton,Yahoo Finance,https://finance.yahoo.com/quote/HG=F,2026-08-03T00:06:23.433822,daily,B,COMEX front-month proxy for LME copper (USD/ton)
2026-06-23,lme_copper_price,13538.5871,USD/ton,Yahoo Finance,https://finance.yahoo.com/quote/HG=F,2026-08-03T00:06:23.433865,daily,B,COMEX front-month proxy for LME copper (USD/ton)
2026-06-24,lme_copper_price,13102.0719,USD/ton,Yahoo Finance,https://finance.yahoo.com/quote/HG=F,2026-08-03T00:06:23.433908,daily,B,COMEX front-month proxy for LME copper (USD/ton)
2026-06-25,lme_copper_price,13383.1614,USD/ton,Yahoo Finance,https://finance.yahoo.com/quote/HG=F,2026-08-03T00:06:23.433951,daily,B,COMEX front-month proxy for LME copper (USD/ton)
2026-06-26,lme_copper_price,13539.6898,USD/ton,Yahoo Finance,https://finance.yahoo.com/quote/HG=F,2026-08-03T00:06:23.433994,daily,B,COMEX front-month proxy for LME copper (USD/ton)
2026-06-29,lme_copper_price,13442.6861,USD/ton,Yahoo Finance,https://finance.yahoo.com/quote/HG=F,2026-08-03T00:06:23.434037,daily,B,COMEX front-month proxy for LME copper (USD/ton)
2026-06-30,lme_copper_price,13652.1258,USD/ton,Yahoo Finance,https://finance.yahoo.com/quote/HG=F,2026-08-03T00:06:23.434080,daily,B,COMEX front-month proxy for LME copper (USD/ton)
2026-07-01,lme_copper_price,13500.0063,USD/ton,Yahoo Finance,https://finance.yahoo.com/quote/HG=F,2026-08-03T00:06:23.434123,daily,B,COMEX front-month proxy for LME copper (USD/ton)
2026-07-02,lme_copper_price,13480.1651,USD/ton,Yahoo Finance,https://finance.yahoo.com/quote/HG=F,2026-08-03T00:06:23.434167,daily,B,COMEX front-month proxy for LME copper (USD/ton)
2026-07-03,lme_copper_price,13721.5711,USD/ton,Yahoo Finance,https://finance.yahoo.com/quote/HG=F,2026-07-05T00:03:02.533064,daily,B,
2026-07-05,lme_copper_price,13720.4684,USD/ton,Yahoo Finance,https://finance.yahoo.com/quote/HG=F,2026-07-06T10:42:39.296612,daily,B,
2026-07-06,lme_copper_price,13620.1585,USD/ton,Yahoo Finance,https://finance.yahoo.com/quote/HG=F,2026-08-03T00:06:23.434210,daily,B,COMEX front-month proxy for LME copper (USD/ton)
2026-07-07,lme_copper_price,13605.829,USD/ton,Yahoo Finance,https://finance.yahoo.com/quote/HG=F,2026-08-03T00:06:23.434254,daily,B,COMEX front-month proxy for LME copper (USD/ton)
2026-07-08,lme_copper_price,13347.8879,USD/ton,Yahoo Finance,https://finance.yahoo.com/quote/HG=F,2026-08-03T00:06:23.434297,daily,B,COMEX front-month proxy for LME copper (USD/ton)
2026-07-09,lme_copper_price,13701.7299,USD/ton,Yahoo Finance,https://finance.yahoo.com/quote/HG=F,2026-08-03T00:06:23.434340,daily,B,COMEX front-month proxy for LME copper (USD/ton)
2026-07-10,lme_copper_price,13742.5151,USD/ton,Yahoo Finance,https://finance.yahoo.com/quote/HG=F,2026-08-03T00:06:23.434383,daily,B,COMEX front-month proxy for LME copper (USD/ton)
2026-07-12,lme_copper_price,13743.6179,USD/ton,Yahoo Finance,https://finance.yahoo.com/quote/HG=F,2026-07-13T09:17:09.488879,daily,B,
2026-07-13,lme_copper_price,13741.4124,USD/ton,Yahoo Finance,https://finance.yahoo.com/quote/HG=F,2026-08-03T00:06:23.434432,daily,B,COMEX front-month proxy for LME copper (USD/ton)
2026-07-14,lme_copper_price,13955.261,USD/ton,Yahoo Finance,https://finance.yahoo.com/quote/HG=F,2026-08-03T00:06:23.434484,daily,B,COMEX front-month proxy for LME copper (USD/ton)
2026-07-15,lme_copper_price,13874.7924,USD/ton,Yahoo Finance,https://finance.yahoo.com/quote/HG=F,2026-08-03T00:06:23.434529,daily,B,COMEX front-month proxy for LME copper (USD/ton)
2026-07-16,lme_copper_price,13880.304,USD/ton,Yahoo Finance,https://finance.yahoo.com/quote/HG=F,2026-08-03T00:06:23.434572,daily,B,COMEX front-month proxy for LME copper (USD/ton)
2026-07-17,lme_copper_price,13712.7522,USD/ton,Yahoo Finance,https://finance.yahoo.com/quote/HG=F,2026-08-03T00:06:23.434615,daily,B,COMEX front-month proxy for LME copper (USD/ton)
2026-07-19,lme_copper_price,13818.5749,USD/ton,Yahoo Finance,https://finance.yahoo.com/quote/HG=F,2026-07-20T00:05:33.245562,daily,B,
2026-07-20,lme_copper_price,13886.9174,USD/ton,Yahoo Finance,https://finance.yahoo.com/quote/HG=F,2026-08-03T00:06:23.434665,daily,B,COMEX front-month proxy for LME copper (USD/ton)
2026-07-21,lme_copper_price,14354.2982,USD/ton,Yahoo Finance,https://finance.yahoo.com/quote/HG=F,2026-08-03T00:06:23.434710,daily,B,COMEX front-month proxy for LME copper (USD/ton)
2026-07-22,lme_copper_price,14222.021,USD/ton,Yahoo Finance,https://finance.yahoo.com/quote/HG=F,2026-08-03T00:06:23.434754,daily,B,COMEX front-month proxy for LME copper (USD/ton)
2026-07-23,lme_copper_price,13900.1453,USD/ton,Yahoo Finance,https://finance.yahoo.com/quote/HG=F,2026-08-03T00:06:23.434798,daily,B,COMEX front-month proxy for LME copper (USD/ton)
2026-07-24,lme_copper_price,13933.2153,USD/ton,Yahoo Finance,https://finance.yahoo.com/quote/HG=F,2026-08-03T00:06:23.434842,daily,B,COMEX front-month proxy for LME copper (USD/ton)
2026-07-26,lme_copper_price,14032.4225,USD/ton,Yahoo Finance,https://finance.yahoo.com/quote/HG=F,2026-07-27T00:05:23.685024,daily,B,
2026-07-27,lme_copper_price,13975.1033,USD/ton,Yahoo Finance,https://finance.yahoo.com/quote/HG=F,2026-08-03T00:06:23.434884,daily,B,COMEX front-month proxy for LME copper (USD/ton)
2026-07-28,lme_copper_price,13937.6243,USD/ton,Yahoo Finance,https://finance.yahoo.com/quote/HG=F,2026-08-03T00:06:23.434927,daily,B,COMEX front-month proxy for LME copper (USD/ton)
2026-07-29,lme_copper_price,13830.6999,USD/ton,Yahoo Finance,https://finance.yahoo.com/quote/HG=F,2026-08-03T00:06:23.434970,daily,B,COMEX front-month proxy for LME copper (USD/ton)
2026-07-30,lme_copper_price,14207.6904,USD/ton,Yahoo Finance,https://finance.yahoo.com/quote/HG=F,2026-08-03T00:06:23.435013,daily,B,COMEX front-month proxy for LME copper (USD/ton)
2026-07-31,lme_copper_price,14188.9509,USD/ton,Yahoo Finance,https://finance.yahoo.com/quote/HG=F,2026-08-03T00:06:23.435056,daily,B,COMEX front-month proxy for LME copper (USD/ton)
2026-08-02,lme_copper_price,14424.8463,USD/ton,Yahoo Finance,https://finance.yahoo.com/quote/HG=F,2026-08-03T00:06:23.435099,daily,B,COMEX front-month proxy for LME copper (USD/ton)
2026-03-16,lme_inventory,119060.0,ton,金属库存监控,,2026-08-03T00:06:55.755445,daily,B,from metal_inventory_monitor.csv
2026-03-17,lme_inventory,123784.0,ton,金属库存监控,,2026-08-03T00:06:55.755450,daily,B,from metal_inventory_monitor.csv
2026-03-18,lme_inventory,123814.0,ton,金属库存监控,,2026-08-03T00:06:55.755456,daily,B,from metal_inventory_monitor.csv
2026-03-19,lme_inventory,123971.0,ton,金属库存监控,,2026-08-03T00:06:55.755461,daily,B,from metal_inventory_monitor.csv
2026-03-20,lme_inventory,122743.0,ton,金属库存监控,,2026-08-03T00:06:55.755466,daily,B,from metal_inventory_monitor.csv
2026-03-21,lme_inventory,122251.0,ton,金属库存监控,,2026-08-03T00:06:55.755472,daily,B,from metal_inventory_monitor.csv
2026-03-22,lme_inventory,119811.0,ton,金属库存监控,,2026-08-03T00:06:55.755477,daily,B,from metal_inventory_monitor.csv
2026-03-23,lme_inventory,124861.0,ton,金属库存监控,,2026-08-03T00:06:55.755482,daily,B,from metal_inventory_monitor.csv
2026-03-24,lme_inventory,124130.0,ton,金属库存监控,,2026-08-03T00:06:55.755488,daily,B,from metal_inventory_monitor.csv
2026-03-25,lme_inventory,125455.0,ton,金属库存监控,,2026-08-03T00:06:55.755493,daily,B,from metal_inventory_monitor.csv
2026-03-26,lme_inventory,123489.0,ton,金属库存监控,,2026-08-03T00:06:55.755498,daily,B,from metal_inventory_monitor.csv
2026-03-27,lme_inventory,123379.0,ton,金属库存监控,,2026-08-03T00:06:55.755503,daily,B,from metal_inventory_monitor.csv
2026-03-28,lme_inventory,123283.0,ton,金属库存监控,,2026-08-03T00:06:55.755509,daily,B,from metal_inventory_monitor.csv
2026-03-29,lme_inventory,120643.0,ton,金属库存监控,,2026-08-03T00:06:55.755514,daily,B,from metal_inventory_monitor.csv
2026-03-30,lme_inventory,122340.0,ton,金属库存监控,,2026-08-03T00:06:55.755519,daily,B,from metal_inventory_monitor.csv
2026-03-31,lme_inventory,121559.0,ton,金属库存监控,,2026-08-03T00:06:55.755524,daily,B,from metal_inventory_monitor.csv
2026-04-01,lme_inventory,123308.0,ton,金属库存监控,,2026-08-03T00:06:55.755529,daily,B,from metal_inventory_monitor.csv
2026-04-02,lme_inventory,123468.0,ton,金属库存监控,,2026-08-03T00:06:55.755534,daily,B,from metal_inventory_monitor.csv
2026-04-03,lme_inventory,126456.0,ton,金属库存监控,,2026-08-03T00:06:55.755539,daily,B,from metal_inventory_monitor.csv
2026-04-04,lme_inventory,126296.0,ton,金属库存监控,,2026-08-03T00:06:55.755544,daily,B,from metal_inventory_monitor.csv
2026-04-05,lme_inventory,120520.0,ton,金属库存监控,,2026-08-03T00:06:55.755549,daily,B,from metal_inventory_monitor.csv
2026-04-06,lme_inventory,123973.0,ton,金属库存监控,,2026-08-03T00:06:55.755554,daily,B,from metal_inventory_monitor.csv
2026-04-07,lme_inventory,122874.0,ton,金属库存监控,,2026-08-03T00:06:55.755559,daily,B,from metal_inventory_monitor.csv
2026-04-08,lme_inventory,123667.0,ton,金属库存监控,,2026-08-03T00:06:55.755564,daily,B,from metal_inventory_monitor.csv
2026-04-09,lme_inventory,124444.0,ton,金属库存监控,,2026-08-03T00:06:55.755569,daily,B,from metal_inventory_monitor.csv
2026-04-10,lme_inventory,122546.0,ton,金属库存监控,,2026-08-03T00:06:55.755574,daily,B,from metal_inventory_monitor.csv
2026-04-11,lme_inventory,120146.0,ton,金属库存监控,,2026-08-03T00:06:55.755579,daily,B,from metal_inventory_monitor.csv
2026-04-12,lme_inventory,120773.0,ton,金属库存监控,,2026-08-03T00:06:55.755584,daily,B,from metal_inventory_monitor.csv
2026-04-13,lme_inventory,122257.0,ton,金属库存监控,,2026-08-03T00:06:55.755589,daily,B,from metal_inventory_monitor.csv
2026-04-14,lme_inventory,121744.0,ton,金属库存监控,,2026-08-03T00:06:55.755595,daily,B,from metal_inventory_monitor.csv
2026-04-15,lme_inventory,122430.0,ton,金属库存监控,,2026-08-03T00:06:55.755600,daily,B,from metal_inventory_monitor.csv
2026-04-16,lme_inventory,120634.0,ton,金属库存监控,,2026-08-03T00:06:55.755605,daily,B,from metal_inventory_monitor.csv
2026-04-17,lme_inventory,121431.0,ton,金属库存监控,,2026-08-03T00:06:55.755610,daily,B,from metal_inventory_monitor.csv
2026-04-18,lme_inventory,119769.0,ton,金属库存监控,,2026-08-03T00:06:55.755615,daily,B,from metal_inventory_monitor.csv
2026-04-19,lme_inventory,122258.0,ton,金属库存监控,,2026-08-03T00:06:55.755619,daily,B,from metal_inventory_monitor.csv
2026-04-20,lme_inventory,122463.0,ton,金属库存监控,,2026-08-03T00:06:55.755624,daily,B,from metal_inventory_monitor.csv
2026-04-21,lme_inventory,124040.0,ton,金属库存监控,,2026-08-03T00:06:55.755630,daily,B,from metal_inventory_monitor.csv
2026-04-22,lme_inventory,121195.0,ton,金属库存监控,,2026-08-03T00:06:55.755635,daily,B,from metal_inventory_monitor.csv
2026-04-23,lme_inventory,120468.0,ton,金属库存监控,,2026-08-03T00:06:55.755641,daily,B,from metal_inventory_monitor.csv
2026-04-24,lme_inventory,120624.0,ton,金属库存监控,,2026-08-03T00:06:55.755646,daily,B,from metal_inventory_monitor.csv
2026-04-25,lme_inventory,122185.0,ton,金属库存监控,,2026-08-03T00:06:55.755651,daily,B,from metal_inventory_monitor.csv
2026-04-26,lme_inventory,122417.0,ton,金属库存监控,,2026-08-03T00:06:55.755662,daily,B,from metal_inventory_monitor.csv
2026-04-27,lme_inventory,122620.0,ton,金属库存监控,,2026-08-03T00:06:55.755668,daily,B,from metal_inventory_monitor.csv
2026-04-28,lme_inventory,119238.0,ton,金属库存监控,,2026-08-03T00:06:55.755672,daily,B,from metal_inventory_monitor.csv
2026-04-29,lme_inventory,121335.0,ton,金属库存监控,,2026-08-03T00:06:55.755677,daily,B,from metal_inventory_monitor.csv
2026-04-30,lme_inventory,120187.0,ton,金属库存监控,,2026-08-03T00:06:55.755682,daily,B,from metal_inventory_monitor.csv
2026-05-01,lme_inventory,117070.0,ton,金属库存监控,,2026-08-03T00:06:55.755688,daily,B,from metal_inventory_monitor.csv
2026-05-02,lme_inventory,115070.0,ton,金属库存监控,,2026-08-03T00:06:55.755693,daily,B,from metal_inventory_monitor.csv
2026-05-03,lme_inventory,116663.0,ton,金属库存监控,,2026-08-03T00:06:55.755698,daily,B,from metal_inventory_monitor.csv
2026-05-04,lme_inventory,116186.0,ton,金属库存监控,,2026-08-03T00:06:55.755721,daily,B,from metal_inventory_monitor.csv
2026-05-05,lme_inventory,114186.0,ton,金属库存监控,,2026-08-03T00:06:55.755726,daily,B,from metal_inventory_monitor.csv
2026-05-06,lme_inventory,115802.0,ton,金属库存监控,,2026-08-03T00:06:55.755731,daily,B,from metal_inventory_monitor.csv
2026-05-07,lme_inventory,116399.0,ton,金属库存监控,,2026-08-03T00:06:55.755736,daily,B,from metal_inventory_monitor.csv
2026-05-08,lme_inventory,115997.0,ton,金属库存监控,,2026-08-03T00:06:55.755742,daily,B,from metal_inventory_monitor.csv
2026-05-09,lme_inventory,114556.0,ton,金属库存监控,,2026-08-03T00:06:55.755748,daily,B,from metal_inventory_monitor.csv
2026-05-10,lme_inventory,118486.0,ton,金属库存监控,,2026-08-03T00:06:55.755753,daily,B,from metal_inventory_monitor.csv
2026-05-11,lme_inventory,114284.0,ton,金属库存监控,,2026-08-03T00:06:55.755758,daily,B,from metal_inventory_monitor.csv
2026-05-12,lme_inventory,115168.0,ton,金属库存监控,,2026-08-03T00:06:55.755764,daily,B,from metal_inventory_monitor.csv
2026-05-13,lme_inventory,113193.0,ton,金属库存监控,,2026-08-03T00:06:55.755769,daily,B,from metal_inventory_monitor.csv
2026-05-14,lme_inventory,116238.0,ton,金属库存监控,,2026-08-03T00:06:55.755774,daily,B,from metal_inventory_monitor.csv
2026-05-15,lme_inventory,112067.0,ton,金属库存监控,,2026-08-03T00:06:55.755779,daily,B,from metal_inventory_monitor.csv
2026-05-16,lme_inventory,114995.0,ton,金属库存监控,,2026-08-03T00:06:55.755784,daily,B,from metal_inventory_monitor.csv
2026-05-17,lme_inventory,113611.0,ton,金属库存监控,,2026-08-03T00:06:55.755789,daily,B,from metal_inventory_monitor.csv
2026-05-18,lme_inventory,113057.0,ton,金属库存监控,,2026-08-03T00:06:55.755794,daily,B,from metal_inventory_monitor.csv
2026-05-19,lme_inventory,115235.0,ton,金属库存监控,,2026-08-03T00:06:55.755799,daily,B,from metal_inventory_monitor.csv
2026-05-20,lme_inventory,114189.0,ton,金属库存监控,,2026-08-03T00:06:55.755804,daily,B,from metal_inventory_monitor.csv
2026-05-21,lme_inventory,111966.0,ton,金属库存监控,,2026-08-03T00:06:55.755809,daily,B,from metal_inventory_monitor.csv
2026-05-22,lme_inventory,114241.0,ton,金属库存监控,,2026-08-03T00:06:55.755815,daily,B,from metal_inventory_monitor.csv
2026-05-23,lme_inventory,113233.0,ton,金属库存监控,,2026-08-03T00:06:55.755820,daily,B,from metal_inventory_monitor.csv
2026-05-24,lme_inventory,115692.0,ton,金属库存监控,,2026-08-03T00:06:55.755826,daily,B,from metal_inventory_monitor.csv
2026-05-25,lme_inventory,114164.0,ton,金属库存监控,,2026-08-03T00:06:55.755831,daily,B,from metal_inventory_monitor.csv
2026-05-26,lme_inventory,111682.0,ton,金属库存监控,,2026-08-03T00:06:55.755836,daily,B,from metal_inventory_monitor.csv
2026-05-27,lme_inventory,114849.0,ton,金属库存监控,,2026-08-03T00:06:55.755842,daily,B,from metal_inventory_monitor.csv
2026-05-28,lme_inventory,110089.0,ton,金属库存监控,,2026-08-03T00:06:55.755847,daily,B,from metal_inventory_monitor.csv
2026-05-29,lme_inventory,114110.0,ton,金属库存监控,,2026-08-03T00:06:55.755852,daily,B,from metal_inventory_monitor.csv
2026-05-30,lme_inventory,111689.0,ton,金属库存监控,,2026-08-03T00:06:55.755857,daily,B,from metal_inventory_monitor.csv
2026-05-31,lme_inventory,110607.0,ton,金属库存监控,,2026-08-03T00:06:55.755862,daily,B,from metal_inventory_monitor.csv
2026-06-01,lme_inventory,114436.0,ton,金属库存监控,,2026-08-03T00:06:55.755867,daily,B,from metal_inventory_monitor.csv
2026-06-02,lme_inventory,112790.0,ton,金属库存监控,,2026-08-03T00:06:55.755871,daily,B,from metal_inventory_monitor.csv
2026-06-03,lme_inventory,113932.0,ton,金属库存监控,,2026-08-03T00:06:55.755876,daily,B,from metal_inventory_monitor.csv
2026-06-04,lme_inventory,115122.0,ton,金属库存监控,,2026-08-03T00:06:55.755881,daily,B,from metal_inventory_monitor.csv
2026-06-05,lme_inventory,112553.0,ton,金属库存监控,,2026-08-03T00:06:55.755886,daily,B,from metal_inventory_monitor.csv
2026-06-06,lme_inventory,112258.0,ton,金属库存监控,,2026-08-03T00:06:55.755891,daily,B,from metal_inventory_monitor.csv
2026-06-07,lme_inventory,111554.0,ton,金属库存监控,,2026-08-03T00:06:55.755896,daily,B,from metal_inventory_monitor.csv
2026-06-08,lme_inventory,112081.0,ton,金属库存监控,,2026-08-03T00:06:55.755901,daily,B,from metal_inventory_monitor.csv
2026-06-09,lme_inventory,112276.0,ton,金属库存监控,,2026-08-03T00:06:55.755906,daily,B,from metal_inventory_monitor.csv
2026-06-10,lme_inventory,116094.0,ton,金属库存监控,,2026-08-03T00:06:55.755911,daily,B,from metal_inventory_monitor.csv
2026-06-11,lme_inventory,115218.0,ton,金属库存监控,,2026-08-03T00:06:55.755917,daily,B,from metal_inventory_monitor.csv
2026-06-12,lme_inventory,116113.0,ton,金属库存监控,,2026-08-03T00:06:55.755922,daily,B,from metal_inventory_monitor.csv
2026-06-13,lme_inventory,111672.0,ton,金属库存监控,,2026-08-03T00:06:55.755928,daily,B,from metal_inventory_monitor.csv
2026-06-14,lme_inventory,111835.0,ton,金属库存监控,,2026-08-03T00:06:55.755933,daily,B,from metal_inventory_monitor.csv
2026-06-15,lme_inventory,116680.0,ton,金属库存监控,,2026-08-03T00:06:55.755938,daily,B,from metal_inventory_monitor.csv
2026-06-16,lme_inventory,113536.0,ton,金属库存监控,,2026-08-03T00:06:55.755943,daily,B,from metal_inventory_monitor.csv
2026-06-17,lme_inventory,115438.0,ton,金属库存监控,,2026-08-03T00:06:55.755948,daily,B,from metal_inventory_monitor.csv
2026-06-18,lme_inventory,111709.0,ton,金属库存监控,,2026-08-03T00:06:55.755953,daily,B,from metal_inventory_monitor.csv
2026-06-19,lme_inventory,114312.0,ton,金属库存监控,,2026-08-03T00:06:55.755958,daily,B,from metal_inventory_monitor.csv
2026-06-20,lme_inventory,117316.0,ton,金属库存监控,,2026-08-03T00:06:55.755963,daily,B,from metal_inventory_monitor.csv
2026-06-21,lme_inventory,117218.0,ton,金属库存监控,,2026-08-03T00:06:55.755968,daily,B,from metal_inventory_monitor.csv
2026-06-22,lme_inventory,114123.0,ton,金属库存监控,,2026-08-03T00:06:55.755973,daily,B,from metal_inventory_monitor.csv
2026-06-23,lme_inventory,114925.0,ton,金属库存监控,,2026-08-03T00:06:55.755978,daily,B,from metal_inventory_monitor.csv
2026-06-24,lme_inventory,113867.0,ton,金属库存监控,,2026-08-03T00:06:55.755983,daily,B,from metal_inventory_monitor.csv
2026-06-25,lme_inventory,117778.0,ton,金属库存监控,,2026-08-03T00:06:55.755988,daily,B,from metal_inventory_monitor.csv
2026-06-26,lme_inventory,113067.0,ton,金属库存监控,,2026-08-03T00:06:55.755993,daily,B,from metal_inventory_monitor.csv
2026-06-27,lme_inventory,117351.0,ton,金属库存监控,,2026-08-03T00:06:55.755998,daily,B,from metal_inventory_monitor.csv
2026-06-28,lme_inventory,117479.0,ton,金属库存监控,,2026-08-03T00:06:55.756003,daily,B,from metal_inventory_monitor.csv
2026-06-29,lme_inventory,116739.0,ton,金属库存监控,,2026-08-03T00:06:55.756008,daily,B,from metal_inventory_monitor.csv
2026-06-30,lme_inventory,115633.0,ton,金属库存监控,,2026-08-03T00:06:55.756013,daily,B,from metal_inventory_monitor.csv
2026-07-01,lme_inventory,116635.0,ton,金属库存监控,,2026-08-03T00:06:55.756018,daily,B,from metal_inventory_monitor.csv
2026-07-02,lme_inventory,113922.0,ton,金属库存监控,,2026-08-03T00:06:55.756023,daily,B,from metal_inventory_monitor.csv
2026-07-03,lme_inventory,118785.0,ton,金属库存监控,,2026-08-03T00:06:55.756028,daily,B,from metal_inventory_monitor.csv
2026-07-04,lme_inventory,117204.0,ton,金属库存监控,,2026-08-03T00:06:55.756033,daily,B,from metal_inventory_monitor.csv
2026-07-05,lme_inventory,118891.0,ton,金属库存监控,,2026-08-03T00:06:55.756038,daily,B,from metal_inventory_monitor.csv
2026-07-06,lme_inventory,116940.0,ton,金属库存监控,,2026-08-03T00:06:55.756043,daily,B,from metal_inventory_monitor.csv
2026-07-07,lme_inventory,118326.0,ton,金属库存监控,,2026-08-03T00:06:55.756048,daily,B,from metal_inventory_monitor.csv
2026-07-08,lme_inventory,115679.0,ton,金属库存监控,,2026-08-03T00:06:55.756053,daily,B,from metal_inventory_monitor.csv
2026-07-09,lme_inventory,117800.0,ton,金属库存监控,,2026-08-03T00:06:55.756058,daily,B,from metal_inventory_monitor.csv
2026-07-10,lme_inventory,118034.0,ton,金属库存监控,,2026-08-03T00:06:55.756063,daily,B,from metal_inventory_monitor.csv
2026-07-11,lme_inventory,117022.0,ton,金属库存监控,,2026-08-03T00:06:55.756085,daily,B,from metal_inventory_monitor.csv
2026-07-12,lme_inventory,120697.0,ton,金属库存监控,,2026-08-03T00:06:55.756090,daily,B,from metal_inventory_monitor.csv
2026-07-13,lme_inventory,121408.0,ton,金属库存监控,,2026-08-03T00:06:55.756095,daily,B,from metal_inventory_monitor.csv
2025-05-28,m1,1089147.65,CNY_bn,东方财富-货币供应,https://data.eastmoney.com/cjsj/hbgyl.html,2026-07-02T02:41:15.494537,monthly,A,
2025-06-28,m1,1139494.08,CNY_bn,东方财富-货币供应,https://data.eastmoney.com/cjsj/hbgyl.html,2026-08-02T00:02:21.013571,monthly,A,
2025-07-28,m1,1110586.92,CNY_bn,东方财富-货币供应,https://data.eastmoney.com/cjsj/hbgyl.html,2026-08-03T00:06:43.898347,monthly,A,
2025-08-28,m1,1112255.7,CNY_bn,东方财富-货币供应,https://data.eastmoney.com/cjsj/hbgyl.html,2026-08-03T00:06:43.898305,monthly,A,
2025-09-28,m1,1131455.07,CNY_bn,东方财富-货币供应,https://data.eastmoney.com/cjsj/hbgyl.html,2026-08-03T00:06:43.898263,monthly,A,
2025-10-28,m1,1119962.73,CNY_bn,东方财富-货币供应,https://data.eastmoney.com/cjsj/hbgyl.html,2026-08-03T00:06:43.898221,monthly,A,
2025-11-28,m1,1128866.64,CNY_bn,东方财富-货币供应,https://data.eastmoney.com/cjsj/hbgyl.html,2026-08-03T00:06:43.898179,monthly,A,
2025-12-28,m1,1155146.5,CNY_bn,东方财富-货币供应,https://data.eastmoney.com/cjsj/hbgyl.html,2026-08-03T00:06:43.898136,monthly,A,
2026-01-28,m1,1179680.52,CNY_bn,东方财富-货币供应,https://data.eastmoney.com/cjsj/hbgyl.html,2026-08-03T00:06:43.898094,monthly,A,
2026-02-28,m1,1159258.82,CNY_bn,东方财富-货币供应,https://data.eastmoney.com/cjsj/hbgyl.html,2026-08-03T00:06:43.898050,monthly,A,
2026-03-28,m1,1193202.99,CNY_bn,东方财富-货币供应,https://data.eastmoney.com/cjsj/hbgyl.html,2026-08-03T00:06:43.898005,monthly,A,
2026-04-28,m1,1145833.73,CNY_bn,东方财富-货币供应,https://data.eastmoney.com/cjsj/hbgyl.html,2026-08-03T00:06:43.897959,monthly,A,
2026-05-28,m1,1148891.41,CNY_bn,东方财富-货币供应,https://data.eastmoney.com/cjsj/hbgyl.html,2026-08-03T00:06:43.897907,monthly,A,
2026-06-28,m1,1184775.53,CNY_bn,东方财富-货币供应,https://data.eastmoney.com/cjsj/hbgyl.html,2026-08-03T00:06:43.897841,monthly,A,
2026-01-01,new_energy_grid_connection,1700.0,10kW,国家能源局,,2026-08-03T00:06:55.756101,monthly,A,from 电网指标监控数据_2026-06-29.csv
2026-02-01,new_energy_grid_connection,2670.0,10kW,国家能源局,,2026-08-03T00:06:55.756106,monthly,A,from 电网指标监控数据_2026-06-29.csv
2026-03-01,new_energy_grid_connection,1380.0,10kW,国家能源局,,2026-08-03T00:06:55.756112,monthly,A,from 电网指标监控数据_2026-06-29.csv
2026-04-01,new_energy_grid_connection,1840.0,10kW,国家能源局,,2026-08-03T00:06:55.756117,monthly,A,from 电网指标监控数据_2026-06-29.csv
2026-05-01,new_energy_grid_connection,2550.0,10kW,国家能源局,,2026-08-03T00:06:55.756122,monthly,A,from 电网指标监控数据_2026-06-29.csv
2026-01-01,power_consumption_yoy,5.9,pct,国家能源局,,2026-08-03T00:06:55.756128,monthly,A,from 电网指标监控数据_2026-06-29.csv
2026-02-01,power_consumption_yoy,4.8,pct,国家能源局,,2026-08-03T00:06:55.756133,monthly,A,from 电网指标监控数据_2026-06-29.csv
2026-03-01,power_consumption_yoy,5.6,pct,国家能源局,,2026-08-03T00:06:55.756138,monthly,A,from 电网指标监控数据_2026-06-29.csv
2026-04-01,power_consumption_yoy,4.5,pct,国家能源局,,2026-08-03T00:06:55.756143,monthly,A,from 电网指标监控数据_2026-06-29.csv
2026-05-01,power_consumption_yoy,6.2,pct,国家能源局,,2026-08-03T00:06:55.756148,monthly,A,from 电网指标监控数据_2026-06-29.csv
2026-06-01,power_consumption_yoy,3.7,pct,国家能源局,https://obor.nea.gov.cn/detail2/23027.html,2026-08-03T00:06:55.756155,monthly,A,NEA 07-15: June 2026 total electricity 8981亿kWh YoY +3.7%; H1 +5.3%
2026-03-16,shfe_inventory,146882.0,ton,金属库存监控,,2026-08-03T00:06:55.756160,daily,B,from metal_inventory_monitor.csv
2026-03-17,shfe_inventory,140672.0,ton,金属库存监控,,2026-08-03T00:06:55.756165,daily,B,from metal_inventory_monitor.csv
2026-03-18,shfe_inventory,138686.0,ton,金属库存监控,,2026-08-03T00:06:55.756170,daily,B,from metal_inventory_monitor.csv
2026-03-19,shfe_inventory,145859.0,ton,金属库存监控,,2026-08-03T00:06:55.756175,daily,B,from metal_inventory_monitor.csv
2026-03-20,shfe_inventory,139773.0,ton,金属库存监控,,2026-08-03T00:06:55.756180,daily,B,from metal_inventory_monitor.csv
2026-03-21,shfe_inventory,146957.0,ton,金属库存监控,,2026-08-03T00:06:55.756185,daily,B,from metal_inventory_monitor.csv
2026-03-22,shfe_inventory,153479.0,ton,金属库存监控,,2026-08-03T00:06:55.756190,daily,B,from metal_inventory_monitor.csv
2026-03-23,shfe_inventory,150570.0,ton,金属库存监控,,2026-08-03T00:06:55.756195,daily,B,from metal_inventory_monitor.csv
2026-03-24,shfe_inventory,149121.0,ton,金属库存监控,,2026-08-03T00:06:55.756200,daily,B,from metal_inventory_monitor.csv
2026-03-25,shfe_inventory,147304.0,ton,金属库存监控,,2026-08-03T00:06:55.756205,daily,B,from metal_inventory_monitor.csv
2026-03-26,shfe_inventory,143607.0,ton,金属库存监控,,2026-08-03T00:06:55.756210,daily,B,from metal_inventory_monitor.csv
2026-03-27,shfe_inventory,149069.0,ton,金属库存监控,,2026-08-03T00:06:55.756215,daily,B,from metal_inventory_monitor.csv
2026-03-28,shfe_inventory,150391.0,ton,金属库存监控,,2026-08-03T00:06:55.756220,daily,B,from metal_inventory_monitor.csv
2026-03-29,shfe_inventory,152556.0,ton,金属库存监控,,2026-08-03T00:06:55.756225,daily,B,from metal_inventory_monitor.csv
2026-03-30,shfe_inventory,152229.0,ton,金属库存监控,,2026-08-03T00:06:55.756230,daily,B,from metal_inventory_monitor.csv
2026-03-31,shfe_inventory,146973.0,ton,金属库存监控,,2026-08-03T00:06:55.756235,daily,B,from metal_inventory_monitor.csv
2026-04-01,shfe_inventory,153577.0,ton,金属库存监控,,2026-08-03T00:06:55.756240,daily,B,from metal_inventory_monitor.csv
2026-04-02,shfe_inventory,146744.0,ton,金属库存监控,,2026-08-03T00:06:55.756244,daily,B,from metal_inventory_monitor.csv
2026-04-03,shfe_inventory,148764.0,ton,金属库存监控,,2026-08-03T00:06:55.756249,daily,B,from metal_inventory_monitor.csv
2026-04-04,shfe_inventory,153407.0,ton,金属库存监控,,2026-08-03T00:06:55.756254,daily,B,from metal_inventory_monitor.csv
2026-04-05,shfe_inventory,154709.0,ton,金属库存监控,,2026-08-03T00:06:55.756259,daily,B,from metal_inventory_monitor.csv
2026-04-06,shfe_inventory,150955.0,ton,金属库存监控,,2026-08-03T00:06:55.756264,daily,B,from metal_inventory_monitor.csv
2026-04-07,shfe_inventory,158040.0,ton,金属库存监控,,2026-08-03T00:06:55.756269,daily,B,from metal_inventory_monitor.csv
2026-04-08,shfe_inventory,151426.0,ton,金属库存监控,,2026-08-03T00:06:55.756274,daily,B,from metal_inventory_monitor.csv
2026-04-09,shfe_inventory,146849.0,ton,金属库存监控,,2026-08-03T00:06:55.756279,daily,B,from metal_inventory_monitor.csv
2026-04-10,shfe_inventory,140289.0,ton,金属库存监控,,2026-08-03T00:06:55.756284,daily,B,from metal_inventory_monitor.csv
2026-04-11,shfe_inventory,138650.0,ton,金属库存监控,,2026-08-03T00:06:55.756289,daily,B,from metal_inventory_monitor.csv
2026-04-12,shfe_inventory,138672.0,ton,金属库存监控,,2026-08-03T00:06:55.756294,daily,B,from metal_inventory_monitor.csv
2026-04-13,shfe_inventory,132908.0,ton,金属库存监控,,2026-08-03T00:06:55.756299,daily,B,from metal_inventory_monitor.csv
2026-04-14,shfe_inventory,133872.0,ton,金属库存监控,,2026-08-03T00:06:55.756304,daily,B,from metal_inventory_monitor.csv
2026-04-15,shfe_inventory,134620.0,ton,金属库存监控,,2026-08-03T00:06:55.756309,daily,B,from metal_inventory_monitor.csv
2026-04-16,shfe_inventory,130356.0,ton,金属库存监控,,2026-08-03T00:06:55.756314,daily,B,from metal_inventory_monitor.csv
2026-04-17,shfe_inventory,135240.0,ton,金属库存监控,,2026-08-03T00:06:55.756319,daily,B,from metal_inventory_monitor.csv
2026-04-18,shfe_inventory,141287.0,ton,金属库存监控,,2026-08-03T00:06:55.756324,daily,B,from metal_inventory_monitor.csv
2026-04-19,shfe_inventory,136948.0,ton,金属库存监控,,2026-08-03T00:06:55.756330,daily,B,from metal_inventory_monitor.csv
2026-04-20,shfe_inventory,137736.0,ton,金属库存监控,,2026-08-03T00:06:55.756335,daily,B,from metal_inventory_monitor.csv
2026-04-21,shfe_inventory,128568.0,ton,金属库存监控,,2026-08-03T00:06:55.756340,daily,B,from metal_inventory_monitor.csv
2026-04-22,shfe_inventory,130497.0,ton,金属库存监控,,2026-08-03T00:06:55.756345,daily,B,from metal_inventory_monitor.csv
2026-04-23,shfe_inventory,134566.0,ton,金属库存监控,,2026-08-03T00:06:55.756350,daily,B,from metal_inventory_monitor.csv
2026-04-24,shfe_inventory,133839.0,ton,金属库存监控,,2026-08-03T00:06:55.756354,daily,B,from metal_inventory_monitor.csv
2026-04-25,shfe_inventory,131883.0,ton,金属库存监控,,2026-08-03T00:06:55.756360,daily,B,from metal_inventory_monitor.csv
2026-04-26,shfe_inventory,132535.0,ton,金属库存监控,,2026-08-03T00:06:55.756365,daily,B,from metal_inventory_monitor.csv
2026-04-27,shfe_inventory,123185.0,ton,金属库存监控,,2026-08-03T00:06:55.756370,daily,B,from metal_inventory_monitor.csv
2026-04-28,shfe_inventory,132807.0,ton,金属库存监控,,2026-08-03T00:06:55.756375,daily,B,from metal_inventory_monitor.csv
2026-04-29,shfe_inventory,132326.0,ton,金属库存监控,,2026-08-03T00:06:55.756379,daily,B,from metal_inventory_monitor.csv
2026-04-30,shfe_inventory,132215.0,ton,金属库存监控,,2026-08-03T00:06:55.756384,daily,B,from metal_inventory_monitor.csv
2026-05-01,shfe_inventory,121248.0,ton,金属库存监控,,2026-08-03T00:06:55.756389,daily,B,from metal_inventory_monitor.csv
2026-05-02,shfe_inventory,126557.0,ton,金属库存监控,,2026-08-03T00:06:55.756394,daily,B,from metal_inventory_monitor.csv
2026-05-03,shfe_inventory,126604.0,ton,金属库存监控,,2026-08-03T00:06:55.756399,daily,B,from metal_inventory_monitor.csv
2026-05-04,shfe_inventory,121364.0,ton,金属库存监控,,2026-08-03T00:06:55.756404,daily,B,from metal_inventory_monitor.csv
2026-05-05,shfe_inventory,117115.0,ton,金属库存监控,,2026-08-03T00:06:55.756409,daily,B,from metal_inventory_monitor.csv
2026-05-06,shfe_inventory,124771.0,ton,金属库存监控,,2026-08-03T00:06:55.756414,daily,B,from metal_inventory_monitor.csv
2026-05-07,shfe_inventory,124939.0,ton,金属库存监控,,2026-08-03T00:06:55.756436,daily,B,from metal_inventory_monitor.csv
2026-05-08,shfe_inventory,120026.0,ton,金属库存监控,,2026-08-03T00:06:55.756441,daily,B,from metal_inventory_monitor.csv
2026-05-09,shfe_inventory,125718.0,ton,金属库存监控,,2026-08-03T00:06:55.756446,daily,B,from metal_inventory_monitor.csv
2026-05-10,shfe_inventory,130512.0,ton,金属库存监控,,2026-08-03T00:06:55.756451,daily,B,from metal_inventory_monitor.csv
2026-05-11,shfe_inventory,127402.0,ton,金属库存监控,,2026-08-03T00:06:55.756456,daily,B,from metal_inventory_monitor.csv
2026-05-12,shfe_inventory,133703.0,ton,金属库存监控,,2026-08-03T00:06:55.756461,daily,B,from metal_inventory_monitor.csv
2026-05-13,shfe_inventory,133761.0,ton,金属库存监控,,2026-08-03T00:06:55.756466,daily,B,from metal_inventory_monitor.csv
2026-05-14,shfe_inventory,121513.0,ton,金属库存监控,,2026-08-03T00:06:55.756471,daily,B,from metal_inventory_monitor.csv
2026-05-15,shfe_inventory,132631.0,ton,金属库存监控,,2026-08-03T00:06:55.756476,daily,B,from metal_inventory_monitor.csv
2026-05-16,shfe_inventory,127456.0,ton,金属库存监控,,2026-08-03T00:06:55.756481,daily,B,from metal_inventory_monitor.csv
2026-05-17,shfe_inventory,131881.0,ton,金属库存监控,,2026-08-03T00:06:55.756486,daily,B,from metal_inventory_monitor.csv
2026-05-18,shfe_inventory,134670.0,ton,金属库存监控,,2026-08-03T00:06:55.756492,daily,B,from metal_inventory_monitor.csv
2026-05-19,shfe_inventory,127730.0,ton,金属库存监控,,2026-08-03T00:06:55.756497,daily,B,from metal_inventory_monitor.csv
2026-05-20,shfe_inventory,131853.0,ton,金属库存监控,,2026-08-03T00:06:55.756502,daily,B,from metal_inventory_monitor.csv
2026-05-21,shfe_inventory,130470.0,ton,金属库存监控,,2026-08-03T00:06:55.756517,daily,B,from metal_inventory_monitor.csv
2026-05-22,shfe_inventory,132459.0,ton,金属库存监控,,2026-08-03T00:06:55.756523,daily,B,from metal_inventory_monitor.csv
2026-05-23,shfe_inventory,129793.0,ton,金属库存监控,,2026-08-03T00:06:55.756528,daily,B,from metal_inventory_monitor.csv
2026-05-24,shfe_inventory,130447.0,ton,金属库存监控,,2026-08-03T00:06:55.756533,daily,B,from metal_inventory_monitor.csv
2026-05-25,shfe_inventory,138587.0,ton,金属库存监控,,2026-08-03T00:06:55.756538,daily,B,from metal_inventory_monitor.csv
2026-05-26,shfe_inventory,130829.0,ton,金属库存监控,,2026-08-03T00:06:55.756543,daily,B,from metal_inventory_monitor.csv
2026-05-27,shfe_inventory,130953.0,ton,金属库存监控,,2026-08-03T00:06:55.756548,daily,B,from metal_inventory_monitor.csv
2026-05-28,shfe_inventory,141559.0,ton,金属库存监控,,2026-08-03T00:06:55.756553,daily,B,from metal_inventory_monitor.csv
2026-05-29,shfe_inventory,141808.0,ton,金属库存监控,,2026-08-03T00:06:55.756559,daily,B,from metal_inventory_monitor.csv
2026-05-30,shfe_inventory,130331.0,ton,金属库存监控,,2026-08-03T00:06:55.756564,daily,B,from metal_inventory_monitor.csv
2026-05-31,shfe_inventory,132499.0,ton,金属库存监控,,2026-08-03T00:06:55.756569,daily,B,from metal_inventory_monitor.csv
2026-06-01,shfe_inventory,139324.0,ton,金属库存监控,,2026-08-03T00:06:55.756575,daily,B,from metal_inventory_monitor.csv
2026-06-02,shfe_inventory,143788.0,ton,金属库存监控,,2026-08-03T00:06:55.756581,daily,B,from metal_inventory_monitor.csv
2026-06-03,shfe_inventory,144891.0,ton,金属库存监控,,2026-08-03T00:06:55.756586,daily,B,from metal_inventory_monitor.csv
2026-06-04,shfe_inventory,147660.0,ton,金属库存监控,,2026-08-03T00:06:55.756591,daily,B,from metal_inventory_monitor.csv
2026-06-05,shfe_inventory,135995.0,ton,金属库存监控,,2026-08-03T00:06:55.756596,daily,B,from metal_inventory_monitor.csv
2026-06-06,shfe_inventory,138532.0,ton,金属库存监控,,2026-08-03T00:06:55.756601,daily,B,from metal_inventory_monitor.csv
2026-06-07,shfe_inventory,139682.0,ton,金属库存监控,,2026-08-03T00:06:55.756606,daily,B,from metal_inventory_monitor.csv
2026-06-08,shfe_inventory,141801.0,ton,金属库存监控,,2026-08-03T00:06:55.756611,daily,B,from metal_inventory_monitor.csv
2026-06-09,shfe_inventory,134027.0,ton,金属库存监控,,2026-08-03T00:06:55.756616,daily,B,from metal_inventory_monitor.csv
2026-06-10,shfe_inventory,146537.0,ton,金属库存监控,,2026-08-03T00:06:55.756621,daily,B,from metal_inventory_monitor.csv
2026-06-11,shfe_inventory,139815.0,ton,金属库存监控,,2026-08-03T00:06:55.756626,daily,B,from metal_inventory_monitor.csv
2026-06-12,shfe_inventory,146525.0,ton,金属库存监控,,2026-08-03T00:06:55.756631,daily,B,from metal_inventory_monitor.csv
2026-06-13,shfe_inventory,135349.0,ton,金属库存监控,,2026-08-03T00:06:55.756636,daily,B,from metal_inventory_monitor.csv
2026-06-14,shfe_inventory,137960.0,ton,金属库存监控,,2026-08-03T00:06:55.756641,daily,B,from metal_inventory_monitor.csv
2026-06-15,shfe_inventory,146284.0,ton,金属库存监控,,2026-08-03T00:06:55.756647,daily,B,from metal_inventory_monitor.csv
2026-06-16,shfe_inventory,142379.0,ton,金属库存监控,,2026-08-03T00:06:55.756652,daily,B,from metal_inventory_monitor.csv
2026-06-17,shfe_inventory,142225.0,ton,金属库存监控,,2026-08-03T00:06:55.756664,daily,B,from metal_inventory_monitor.csv
2026-06-18,shfe_inventory,136633.0,ton,金属库存监控,,2026-08-03T00:06:55.756669,daily,B,from metal_inventory_monitor.csv
2026-06-19,shfe_inventory,138676.0,ton,金属库存监控,,2026-08-03T00:06:55.756675,daily,B,from metal_inventory_monitor.csv
2026-06-20,shfe_inventory,146084.0,ton,金属库存监控,,2026-08-03T00:06:55.756680,daily,B,from metal_inventory_monitor.csv
2026-06-21,shfe_inventory,146082.0,ton,金属库存监控,,2026-08-03T00:06:55.756685,daily,B,from metal_inventory_monitor.csv
2026-06-22,shfe_inventory,135213.0,ton,金属库存监控,,2026-08-03T00:06:55.756690,daily,B,from metal_inventory_monitor.csv
2026-06-23,shfe_inventory,144578.0,ton,金属库存监控,,2026-08-03T00:06:55.756696,daily,B,from metal_inventory_monitor.csv
2026-06-24,shfe_inventory,146161.0,ton,金属库存监控,,2026-08-03T00:06:55.756700,daily,B,from metal_inventory_monitor.csv
2026-06-25,shfe_inventory,138195.0,ton,金属库存监控,,2026-08-03T00:06:55.756705,daily,B,from metal_inventory_monitor.csv
2026-06-26,shfe_inventory,146861.0,ton,金属库存监控,,2026-08-03T00:06:55.756710,daily,B,from metal_inventory_monitor.csv
2026-06-27,shfe_inventory,133310.0,ton,金属库存监控,,2026-08-03T00:06:55.756716,daily,B,from metal_inventory_monitor.csv
2026-06-28,shfe_inventory,140039.0,ton,金属库存监控,,2026-08-03T00:06:55.756721,daily,B,from metal_inventory_monitor.csv
2026-06-29,shfe_inventory,137102.0,ton,金属库存监控,,2026-08-03T00:06:55.756727,daily,B,from metal_inventory_monitor.csv
2026-06-30,shfe_inventory,137967.0,ton,金属库存监控,,2026-08-03T00:06:55.756732,daily,B,from metal_inventory_monitor.csv
2026-07-01,shfe_inventory,136393.0,ton,金属库存监控,,2026-08-03T00:06:55.756737,daily,B,from metal_inventory_monitor.csv
2026-07-02,shfe_inventory,140787.0,ton,金属库存监控,,2026-08-03T00:06:55.756743,daily,B,from metal_inventory_monitor.csv
2026-07-03,shfe_inventory,142297.0,ton,金属库存监控,,2026-08-03T00:06:55.756749,daily,B,from metal_inventory_monitor.csv
2026-07-04,shfe_inventory,132801.0,ton,金属库存监控,,2026-08-03T00:06:55.756754,daily,B,from metal_inventory_monitor.csv
2026-07-05,shfe_inventory,131910.0,ton,金属库存监控,,2026-08-03T00:06:55.756759,daily,B,from metal_inventory_monitor.csv
2026-07-06,shfe_inventory,127620.0,ton,金属库存监控,,2026-08-03T00:06:55.756764,daily,B,from metal_inventory_monitor.csv
2026-07-07,shfe_inventory,136050.0,ton,金属库存监控,,2026-08-03T00:06:55.756769,daily,B,from metal_inventory_monitor.csv
2026-07-08,shfe_inventory,130039.0,ton,金属库存监控,,2026-08-03T00:06:55.756884,daily,B,from metal_inventory_monitor.csv
2026-07-09,shfe_inventory,133346.0,ton,金属库存监控,,2026-08-03T00:06:55.756890,daily,B,from metal_inventory_monitor.csv
2026-07-10,shfe_inventory,128139.0,ton,金属库存监控,,2026-08-03T00:06:55.756895,daily,B,from metal_inventory_monitor.csv
2026-07-11,shfe_inventory,126735.0,ton,金属库存监控,,2026-08-03T00:06:55.756900,daily,B,from metal_inventory_monitor.csv
2026-07-12,shfe_inventory,124537.0,ton,金属库存监控,,2026-08-03T00:06:55.756905,daily,B,from metal_inventory_monitor.csv
2026-07-13,shfe_inventory,120479.0,ton,金属库存监控,,2026-08-03T00:06:55.756909,daily,B,from metal_inventory_monitor.csv
2025-05-28,social_financing,5923.0,CNY_bn,东方财富-社融,https://data.eastmoney.com/cjsj/xzxd.html,2026-07-02T02:41:12.620725,monthly,A,
2025-06-28,social_financing,23600.0,CNY_bn,东方财富-社融,https://data.eastmoney.com/cjsj/xzxd.html,2026-08-02T00:02:18.259927,monthly,A,
2025-07-28,social_financing,-4296.0,CNY_bn,东方财富-社融,https://data.eastmoney.com/cjsj/xzxd.html,2026-08-03T00:06:39.881951,monthly,A,
2025-08-28,social_financing,6253.0,CNY_bn,东方财富-社融,https://data.eastmoney.com/cjsj/xzxd.html,2026-08-03T00:06:39.881908,monthly,A,
2025-09-28,social_financing,16081.0,CNY_bn,东方财富-社融,https://data.eastmoney.com/cjsj/xzxd.html,2026-08-03T00:06:39.881865,monthly,A,
2025-10-28,social_financing,-154.0,CNY_bn,东方财富-社融,https://data.eastmoney.com/cjsj/xzxd.html,2026-08-03T00:06:39.881823,monthly,A,
2025-11-28,social_financing,4096.0,CNY_bn,东方财富-社融,https://data.eastmoney.com/cjsj/xzxd.html,2026-08-03T00:06:39.881780,monthly,A,
2025-12-28,social_financing,9804.0,CNY_bn,东方财富-社融,https://data.eastmoney.com/cjsj/xzxd.html,2026-08-03T00:06:39.881737,monthly,A,
2026-01-28,social_financing,49016.0,CNY_bn,东方财富-社融,https://data.eastmoney.com/cjsj/xzxd.html,2026-08-03T00:06:39.881691,monthly,A,
2026-02-28,social_financing,8458.0,CNY_bn,东方财富-社融,https://data.eastmoney.com/cjsj/xzxd.html,2026-08-03T00:06:39.881633,monthly,A,
2026-03-28,social_financing,31522.0,CNY_bn,东方财富-社融,https://data.eastmoney.com/cjsj/xzxd.html,2026-08-03T00:06:39.881588,monthly,A,
2026-04-28,social_financing,-4006.0,CNY_bn,东方财富-社融,https://data.eastmoney.com/cjsj/xzxd.html,2026-08-03T00:06:39.881540,monthly,A,
2026-05-28,social_financing,4965.0,CNY_bn,东方财富-社融,https://data.eastmoney.com/cjsj/xzxd.html,2026-08-03T00:06:39.881486,monthly,A,
2026-06-28,social_financing,17650.0,CNY_bn,东方财富-社融,https://data.eastmoney.com/cjsj/xzxd.html,2026-08-03T00:06:39.881416,monthly,A,
2025-05-27,spot_premium,1087.63,USD/ton,derived,,2026-07-01T10:03:05.434884,daily,C,
2025-05-28,spot_premium,1240.72,USD/ton,derived,,2026-07-02T02:41:23.846822,daily,C,
2025-05-29,spot_premium,1240.3,USD/ton,derived,,2026-07-03T00:05:23.839567,daily,C,
2025-05-30,spot_premium,1204.99,USD/ton,derived,,2026-07-04T00:03:59.798328,daily,C,
2025-06-03,spot_premium,838.19,USD/ton,derived,,2026-07-08T00:02:07.495663,daily,C,
2025-06-04,spot_premium,772.23,USD/ton,derived,,2026-07-09T00:04:17.148740,daily,C,
2025-06-05,spot_premium,690.8,USD/ton,derived,,2026-07-10T00:03:24.945007,daily,C,
2025-06-06,spot_premium,1016.15,USD/ton,derived,,2026-07-11T00:04:46.341101,daily,C,
2025-06-09,spot_premium,820.89,USD/ton,derived,,2026-07-14T00:02:42.790883,daily,C,
2025-06-10,spot_premium,867.7,USD/ton,derived,,2026-07-15T00:04:53.814400,daily,C,
2025-06-11,spot_premium,1127.57,USD/ton,derived,,2026-07-16T00:03:03.869128,daily,C,
2025-06-12,spot_premium,978.33,USD/ton,derived,,2026-07-17T09:02:26.426332,daily,C,
2025-06-13,spot_premium,938.01,USD/ton,derived,,2026-07-18T00:02:55.976727,daily,C,
2025-06-16,spot_premium,983.68,USD/ton,derived,,2026-07-21T00:04:14.814272,daily,C,
2025-06-17,spot_premium,1030.73,USD/ton,derived,,2026-07-22T00:04:44.836442,daily,C,
2025-06-18,spot_premium,974.63,USD/ton,derived,,2026-07-23T00:06:43.937790,daily,C,
2025-06-19,spot_premium,893.33,USD/ton,derived,,2026-07-23T00:06:43.937882,daily,C,
2025-06-20,spot_premium,878.05,USD/ton,derived,,2026-07-25T00:02:49.115501,daily,C,
2025-06-23,spot_premium,913.98,USD/ton,derived,,2026-07-28T00:02:50.982921,daily,C,
2025-06-24,spot_premium,900.83,USD/ton,derived,,2026-07-29T00:04:06.765534,daily,C,
2025-06-25,spot_premium,788.83,USD/ton,derived,,2026-07-30T00:05:36.771443,daily,C,
2025-06-26,spot_premium,535.84,USD/ton,derived,,2026-07-31T00:05:13.017188,daily,C,
2025-06-27,spot_premium,675.0,USD/ton,derived,,2026-08-01T00:06:55.649108,daily,C,
2025-06-30,spot_premium,742.64,USD/ton,derived,,2026-08-03T00:06:55.741771,daily,C,SHFE CU0 vs COMEX HG=F after USDCNY conversion
2025-07-01,spot_premium,817.02,USD/ton,derived,,2026-08-03T00:06:55.741856,daily,C,SHFE CU0 vs COMEX HG=F after USDCNY conversion
2025-07-02,spot_premium,579.54,USD/ton,derived,,2026-08-03T00:06:55.741914,daily,C,SHFE CU0 vs COMEX HG=F after USDCNY conversion
2025-07-03,spot_premium,697.15,USD/ton,derived,,2026-08-03T00:06:55.741967,daily,C,SHFE CU0 vs COMEX HG=F after USDCNY conversion
2025-07-04,spot_premium,747.25,USD/ton,derived,,2026-08-03T00:06:55.742017,daily,C,SHFE CU0 vs COMEX HG=F after USDCNY conversion
2025-07-07,spot_premium,754.07,USD/ton,derived,,2026-08-03T00:06:55.742066,daily,C,SHFE CU0 vs COMEX HG=F after USDCNY conversion
2025-07-08,spot_premium,-650.24,USD/ton,derived,,2026-08-03T00:06:55.742114,daily,C,SHFE CU0 vs COMEX HG=F after USDCNY conversion
2025-07-09,spot_premium,-386.74,USD/ton,derived,,2026-08-03T00:06:55.742160,daily,C,SHFE CU0 vs COMEX HG=F after USDCNY conversion
2025-07-10,spot_premium,-587.49,USD/ton,derived,,2026-08-03T00:06:55.742205,daily,C,SHFE CU0 vs COMEX HG=F after USDCNY conversion
2025-07-11,spot_premium,-643.54,USD/ton,derived,,2026-08-03T00:06:55.742251,daily,C,SHFE CU0 vs COMEX HG=F after USDCNY conversion
2025-07-14,spot_premium,-544.37,USD/ton,derived,,2026-08-03T00:06:55.742296,daily,C,SHFE CU0 vs COMEX HG=F after USDCNY conversion
2025-07-15,spot_premium,-658.63,USD/ton,derived,,2026-08-03T00:06:55.742341,daily,C,SHFE CU0 vs COMEX HG=F after USDCNY conversion
2025-07-16,spot_premium,-565.8,USD/ton,derived,,2026-08-03T00:06:55.742386,daily,C,SHFE CU0 vs COMEX HG=F after USDCNY conversion
2025-07-17,spot_premium,-563.39,USD/ton,derived,,2026-08-03T00:06:55.742431,daily,C,SHFE CU0 vs COMEX HG=F after USDCNY conversion
2025-07-18,spot_premium,-681.78,USD/ton,derived,,2026-08-03T00:06:55.742475,daily,C,SHFE CU0 vs COMEX HG=F after USDCNY conversion
2025-07-21,spot_premium,-562.33,USD/ton,derived,,2026-08-03T00:06:55.742519,daily,C,SHFE CU0 vs COMEX HG=F after USDCNY conversion
2025-07-22,spot_premium,-747.1,USD/ton,derived,,2026-08-03T00:06:55.742562,daily,C,SHFE CU0 vs COMEX HG=F after USDCNY conversion
2025-07-23,spot_premium,-985.38,USD/ton,derived,,2026-08-03T00:06:55.742607,daily,C,SHFE CU0 vs COMEX HG=F after USDCNY conversion
2025-07-24,spot_premium,-901.25,USD/ton,derived,,2026-08-03T00:06:55.742650,daily,C,SHFE CU0 vs COMEX HG=F after USDCNY conversion
2025-07-25,spot_premium,-966.3,USD/ton,derived,,2026-08-03T00:06:55.742704,daily,C,SHFE CU0 vs COMEX HG=F after USDCNY conversion
2025-07-28,spot_premium,-631.85,USD/ton,derived,,2026-08-03T00:06:55.742749,daily,C,SHFE CU0 vs COMEX HG=F after USDCNY conversion
2025-07-29,spot_premium,-674.29,USD/ton,derived,,2026-08-03T00:06:55.742792,daily,C,SHFE CU0 vs COMEX HG=F after USDCNY conversion
2025-07-30,spot_premium,-587.11,USD/ton,derived,,2026-08-03T00:06:55.742836,daily,C,SHFE CU0 vs COMEX HG=F after USDCNY conversion
2025-07-31,spot_premium,2013.68,USD/ton,derived,,2026-08-03T00:06:55.742880,daily,C,SHFE CU0 vs COMEX HG=F after USDCNY conversion
2025-08-01,spot_premium,1886.23,USD/ton,derived,,2026-08-03T00:06:55.742924,daily,C,SHFE CU0 vs COMEX HG=F after USDCNY conversion
2025-08-04,spot_premium,1870.35,USD/ton,derived,,2026-08-03T00:06:55.742968,daily,C,SHFE CU0 vs COMEX HG=F after USDCNY conversion
2025-08-05,spot_premium,2019.82,USD/ton,derived,,2026-08-03T00:06:55.743012,daily,C,SHFE CU0 vs COMEX HG=F after USDCNY conversion
2025-08-06,spot_premium,1915.85,USD/ton,derived,,2026-08-03T00:06:55.743055,daily,C,SHFE CU0 vs COMEX HG=F after USDCNY conversion
2025-08-07,spot_premium,1970.07,USD/ton,derived,,2026-08-03T00:06:55.743098,daily,C,SHFE CU0 vs COMEX HG=F after USDCNY conversion
2025-08-08,spot_premium,1804.76,USD/ton,derived,,2026-08-03T00:06:55.743141,daily,C,SHFE CU0 vs COMEX HG=F after USDCNY conversion
2025-08-11,spot_premium,1953.82,USD/ton,derived,,2026-08-03T00:06:55.743184,daily,C,SHFE CU0 vs COMEX HG=F after USDCNY conversion
2025-08-12,spot_premium,1766.43,USD/ton,derived,,2026-08-03T00:06:55.743227,daily,C,SHFE CU0 vs COMEX HG=F after USDCNY conversion
2025-08-13,spot_premium,1878.18,USD/ton,derived,,2026-08-03T00:06:55.743270,daily,C,SHFE CU0 vs COMEX HG=F after USDCNY conversion
2025-08-14,spot_premium,1853.07,USD/ton,derived,,2026-08-03T00:06:55.743313,daily,C,SHFE CU0 vs COMEX HG=F after USDCNY conversion
2025-08-15,spot_premium,1839.6,USD/ton,derived,,2026-08-03T00:06:55.743356,daily,C,SHFE CU0 vs COMEX HG=F after USDCNY conversion
2025-08-18,spot_premium,1869.6,USD/ton,derived,,2026-08-03T00:06:55.743399,daily,C,SHFE CU0 vs COMEX HG=F after USDCNY conversion
2025-08-19,spot_premium,1966.53,USD/ton,derived,,2026-08-03T00:06:55.743442,daily,C,SHFE CU0 vs COMEX HG=F after USDCNY conversion
2025-08-20,spot_premium,1892.02,USD/ton,derived,,2026-08-03T00:06:55.743485,daily,C,SHFE CU0 vs COMEX HG=F after USDCNY conversion
2025-08-21,spot_premium,1860.64,USD/ton,derived,,2026-08-03T00:06:55.743528,daily,C,SHFE CU0 vs COMEX HG=F after USDCNY conversion
2025-08-22,spot_premium,1846.1,USD/ton,derived,,2026-08-03T00:06:55.743571,daily,C,SHFE CU0 vs COMEX HG=F after USDCNY conversion
2025-08-25,spot_premium,1958.28,USD/ton,derived,,2026-08-03T00:06:55.743614,daily,C,SHFE CU0 vs COMEX HG=F after USDCNY conversion
2025-08-26,spot_premium,1919.48,USD/ton,derived,,2026-08-03T00:06:55.743665,daily,C,SHFE CU0 vs COMEX HG=F after USDCNY conversion
2025-08-27,spot_premium,1998.85,USD/ton,derived,,2026-08-03T00:06:55.743711,daily,C,SHFE CU0 vs COMEX HG=F after USDCNY conversion
2025-08-28,spot_premium,1852.31,USD/ton,derived,,2026-08-03T00:06:55.743755,daily,C,SHFE CU0 vs COMEX HG=F after USDCNY conversion
2025-08-29,spot_premium,1802.16,USD/ton,derived,,2026-08-03T00:06:55.743798,daily,C,SHFE CU0 vs COMEX HG=F after USDCNY conversion
2025-09-01,spot_premium,1856.97,USD/ton,derived,,2026-08-03T00:06:55.743842,daily,C,SHFE CU0 vs COMEX HG=F after USDCNY conversion
2025-09-02,spot_premium,1726.76,USD/ton,derived,,2026-08-03T00:06:55.743885,daily,C,SHFE CU0 vs COMEX HG=F after USDCNY conversion
2025-09-03,spot_premium,1817.67,USD/ton,derived,,2026-08-03T00:06:55.743929,daily,C,SHFE CU0 vs COMEX HG=F after USDCNY conversion
2025-09-04,spot_premium,1922.73,USD/ton,derived,,2026-08-03T00:06:55.743972,daily,C,SHFE CU0 vs COMEX HG=F after USDCNY conversion
2025-09-05,spot_premium,1989.67,USD/ton,derived,,2026-08-03T00:06:55.744016,daily,C,SHFE CU0 vs COMEX HG=F after USDCNY conversion
2025-09-08,spot_premium,1899.44,USD/ton,derived,,2026-08-03T00:06:55.744059,daily,C,SHFE CU0 vs COMEX HG=F after USDCNY conversion
2025-09-09,spot_premium,1876.29,USD/ton,derived,,2026-08-03T00:06:55.744102,daily,C,SHFE CU0 vs COMEX HG=F after USDCNY conversion
2025-09-10,spot_premium,1789.01,USD/ton,derived,,2026-08-03T00:06:55.744148,daily,C,SHFE CU0 vs COMEX HG=F after USDCNY conversion
2025-09-11,spot_premium,1750.09,USD/ton,derived,,2026-08-03T00:06:55.744221,daily,C,SHFE CU0 vs COMEX HG=F after USDCNY conversion
2025-09-12,spot_premium,1892.27,USD/ton,derived,,2026-08-03T00:06:55.744288,daily,C,SHFE CU0 vs COMEX HG=F after USDCNY conversion
2025-09-15,spot_premium,1726.78,USD/ton,derived,,2026-08-03T00:06:55.744337,daily,C,SHFE CU0 vs COMEX HG=F after USDCNY conversion
2025-09-16,spot_premium,1767.5,USD/ton,derived,,2026-08-03T00:06:55.744380,daily,C,SHFE CU0 vs COMEX HG=F after USDCNY conversion
2025-09-17,spot_premium,1856.78,USD/ton,derived,,2026-08-03T00:06:55.744436,daily,C,SHFE CU0 vs COMEX HG=F after USDCNY conversion
2025-09-18,spot_premium,1777.74,USD/ton,derived,,2026-08-03T00:06:55.744478,daily,C,SHFE CU0 vs COMEX HG=F after USDCNY conversion
2025-09-19,spot_premium,1756.01,USD/ton,derived,,2026-08-03T00:06:55.744551,daily,C,SHFE CU0 vs COMEX HG=F after USDCNY conversion
2025-09-22,spot_premium,1793.11,USD/ton,derived,,2026-08-03T00:06:55.744598,daily,C,SHFE CU0 vs COMEX HG=F after USDCNY conversion
2025-09-23,spot_premium,1732.21,USD/ton,derived,,2026-08-03T00:06:55.744641,daily,C,SHFE CU0 vs COMEX HG=F after USDCNY conversion
2025-09-24,spot_premium,1367.75,USD/ton,derived,,2026-08-03T00:06:55.744694,daily,C,SHFE CU0 vs COMEX HG=F after USDCNY conversion
2025-09-25,spot_premium,1890.88,USD/ton,derived,,2026-08-03T00:06:55.744738,daily,C,SHFE CU0 vs COMEX HG=F after USDCNY conversion
2025-09-26,spot_premium,1821.16,USD/ton,derived,,2026-08-03T00:06:55.744781,daily,C,SHFE CU0 vs COMEX HG=F after USDCNY conversion
2025-09-29,spot_premium,1529.66,USD/ton,derived,,2026-08-03T00:06:55.744825,daily,C,SHFE CU0 vs COMEX HG=F after USDCNY conversion
2025-09-30,spot_premium,1718.65,USD/ton,derived,,2026-08-03T00:06:55.744869,daily,C,SHFE CU0 vs COMEX HG=F after USDCNY conversion
2025-10-09,spot_premium,1661.53,USD/ton,derived,,2026-08-03T00:06:55.744912,daily,C,SHFE CU0 vs COMEX HG=F after USDCNY conversion
2025-10-10,spot_premium,2037.54,USD/ton,derived,,2026-08-03T00:06:55.744956,daily,C,SHFE CU0 vs COMEX HG=F after USDCNY conversion
2025-10-13,spot_premium,1364.95,USD/ton,derived,,2026-08-03T00:06:55.745000,daily,C,SHFE CU0 vs COMEX HG=F after USDCNY conversion
2025-10-14,spot_premium,1524.32,USD/ton,derived,,2026-08-03T00:06:55.745043,daily,C,SHFE CU0 vs COMEX HG=F after USDCNY conversion
2025-10-15,spot_premium,1756.38,USD/ton,derived,,2026-08-03T00:06:55.745086,daily,C,SHFE CU0 vs COMEX HG=F after USDCNY conversion
2025-10-16,spot_premium,1671.7,USD/ton,derived,,2026-08-03T00:06:55.745129,daily,C,SHFE CU0 vs COMEX HG=F after USDCNY conversion
2025-10-17,spot_premium,1629.38,USD/ton,derived,,2026-08-03T00:06:55.745172,daily,C,SHFE CU0 vs COMEX HG=F after USDCNY conversion
2025-10-20,spot_premium,1629.44,USD/ton,derived,,2026-08-03T00:06:55.745215,daily,C,SHFE CU0 vs COMEX HG=F after USDCNY conversion
2025-10-21,spot_premium,1782.31,USD/ton,derived,,2026-08-03T00:06:55.745258,daily,C,SHFE CU0 vs COMEX HG=F after USDCNY conversion
2025-10-22,spot_premium,1716.93,USD/ton,derived,,2026-08-03T00:06:55.745300,daily,C,SHFE CU0 vs COMEX HG=F after USDCNY conversion
2025-10-23,spot_premium,1546.46,USD/ton,derived,,2026-08-03T00:06:55.745345,daily,C,SHFE CU0 vs COMEX HG=F after USDCNY conversion
2025-10-24,spot_premium,1765.54,USD/ton,derived,,2026-08-03T00:06:55.745388,daily,C,SHFE CU0 vs COMEX HG=F after USDCNY conversion
2025-10-27,spot_premium,1758.21,USD/ton,derived,,2026-08-03T00:06:55.745431,daily,C,SHFE CU0 vs COMEX HG=F after USDCNY conversion
2025-10-28,spot_premium,1552.3,USD/ton,derived,,2026-08-03T00:06:55.745474,daily,C,SHFE CU0 vs COMEX HG=F after USDCNY conversion
2025-10-29,spot_premium,1603.55,USD/ton,derived,,2026-08-03T00:06:55.745517,daily,C,SHFE CU0 vs COMEX HG=F after USDCNY conversion
2025-10-30,spot_premium,1835.26,USD/ton,derived,,2026-08-03T00:06:55.745560,daily,C,SHFE CU0 vs COMEX HG=F after USDCNY conversion
2025-10-31,spot_premium,1722.09,USD/ton,derived,,2026-08-03T00:06:55.745602,daily,C,SHFE CU0 vs COMEX HG=F after USDCNY conversion
2025-11-03,spot_premium,1805.84,USD/ton,derived,,2026-08-03T00:06:55.745645,daily,C,SHFE CU0 vs COMEX HG=F after USDCNY conversion
2025-11-04,spot_premium,1841.5,USD/ton,derived,,2026-08-03T00:06:55.745697,daily,C,SHFE CU0 vs COMEX HG=F after USDCNY conversion
2025-11-05,spot_premium,1749.56,USD/ton,derived,,2026-08-03T00:06:55.745740,daily,C,SHFE CU0 vs COMEX HG=F after USDCNY conversion
2025-11-06,spot_premium,1884.43,USD/ton,derived,,2026-08-03T00:06:55.745784,daily,C,SHFE CU0 vs COMEX HG=F after USDCNY conversion
2025-11-07,spot_premium,1844.67,USD/ton,derived,,2026-08-03T00:06:55.745827,daily,C,SHFE CU0 vs COMEX HG=F after USDCNY conversion
2025-11-10,spot_premium,1596.18,USD/ton,derived,,2026-08-03T00:06:55.745870,daily,C,SHFE CU0 vs COMEX HG=F after USDCNY conversion
2025-11-11,spot_premium,1703.28,USD/ton,derived,,2026-08-03T00:06:55.745913,daily,C,SHFE CU0 vs COMEX HG=F after USDCNY conversion
2025-11-12,spot_premium,1644.0,USD/ton,derived,,2026-08-03T00:06:55.745956,daily,C,SHFE CU0 vs COMEX HG=F after USDCNY conversion
2025-11-13,spot_premium,1753.58,USD/ton,derived,,2026-08-03T00:06:55.746000,daily,C,SHFE CU0 vs COMEX HG=F after USDCNY conversion
2025-11-14,spot_premium,1741.07,USD/ton,derived,,2026-08-03T00:06:55.746044,daily,C,SHFE CU0 vs COMEX HG=F after USDCNY conversion
2025-11-17,spot_premium,1783.54,USD/ton,derived,,2026-08-03T00:06:55.746087,daily,C,SHFE CU0 vs COMEX HG=F after USDCNY conversion
2025-11-18,spot_premium,1747.7,USD/ton,derived,,2026-08-03T00:06:55.746131,daily,C,SHFE CU0 vs COMEX HG=F after USDCNY conversion
2025-11-19,spot_premium,1715.53,USD/ton,derived,,2026-08-03T00:06:55.746174,daily,C,SHFE CU0 vs COMEX HG=F after USDCNY conversion
2025-11-20,spot_premium,1825.42,USD/ton,derived,,2026-08-03T00:06:55.746217,daily,C,SHFE CU0 vs COMEX HG=F after USDCNY conversion
2025-11-21,spot_premium,1647.77,USD/ton,derived,,2026-08-03T00:06:55.746260,daily,C,SHFE CU0 vs COMEX HG=F after USDCNY conversion
2025-11-24,spot_premium,1812.5,USD/ton,derived,,2026-08-03T00:06:55.746306,daily,C,SHFE CU0 vs COMEX HG=F after USDCNY conversion
2025-11-25,spot_premium,1806.86,USD/ton,derived,,2026-08-03T00:06:55.746349,daily,C,SHFE CU0 vs COMEX HG=F after USDCNY conversion
2025-11-26,spot_premium,1573.89,USD/ton,derived,,2026-08-03T00:06:55.746392,daily,C,SHFE CU0 vs COMEX HG=F after USDCNY conversion
2025-11-27,spot_premium,1633.15,USD/ton,derived,,2026-08-03T00:06:55.746436,daily,C,SHFE CU0 vs COMEX HG=F after USDCNY conversion
2025-11-28,spot_premium,1519.75,USD/ton,derived,,2026-08-03T00:06:55.746479,daily,C,SHFE CU0 vs COMEX HG=F after USDCNY conversion
2025-12-01,spot_premium,1719.96,USD/ton,derived,,2026-08-03T00:06:55.746522,daily,C,SHFE CU0 vs COMEX HG=F after USDCNY conversion
2025-12-02,spot_premium,1794.5,USD/ton,derived,,2026-08-03T00:06:55.746565,daily,C,SHFE CU0 vs COMEX HG=F after USDCNY conversion
2025-12-03,spot_premium,1513.38,USD/ton,derived,,2026-08-03T00:06:55.746608,daily,C,SHFE CU0 vs COMEX HG=F after USDCNY conversion
2025-12-04,spot_premium,1811.96,USD/ton,derived,,2026-08-03T00:06:55.746651,daily,C,SHFE CU0 vs COMEX HG=F after USDCNY conversion
2025-12-05,spot_premium,1879.09,USD/ton,derived,,2026-08-03T00:06:55.746702,daily,C,SHFE CU0 vs COMEX HG=F after USDCNY conversion
2025-12-08,spot_premium,1945.82,USD/ton,derived,,2026-08-03T00:06:55.746747,daily,C,SHFE CU0 vs COMEX HG=F after USDCNY conversion
2025-12-09,spot_premium,1940.69,USD/ton,derived,,2026-08-03T00:06:55.746791,daily,C,SHFE CU0 vs COMEX HG=F after USDCNY conversion
2025-12-10,spot_premium,1976.11,USD/ton,derived,,2026-08-03T00:06:55.746834,daily,C,SHFE CU0 vs COMEX HG=F after USDCNY conversion
2025-12-11,spot_premium,1710.26,USD/ton,derived,,2026-08-03T00:06:55.746878,daily,C,SHFE CU0 vs COMEX HG=F after USDCNY conversion
2025-12-12,spot_premium,2302.16,USD/ton,derived,,2026-08-03T00:06:55.746921,daily,C,SHFE CU0 vs COMEX HG=F after USDCNY conversion
2025-12-15,spot_premium,1932.03,USD/ton,derived,,2026-08-03T00:06:55.746964,daily,C,SHFE CU0 vs COMEX HG=F after USDCNY conversion
2025-12-16,spot_premium,1961.13,USD/ton,derived,,2026-08-03T00:06:55.747007,daily,C,SHFE CU0 vs COMEX HG=F after USDCNY conversion
2025-12-17,spot_premium,1925.8,USD/ton,derived,,2026-08-03T00:06:55.747050,daily,C,SHFE CU0 vs COMEX HG=F after USDCNY conversion
2025-12-18,spot_premium,1886.6,USD/ton,derived,,2026-08-03T00:06:55.747093,daily,C,SHFE CU0 vs COMEX HG=F after USDCNY conversion
2025-12-19,spot_premium,1811.58,USD/ton,derived,,2026-08-03T00:06:55.747135,daily,C,SHFE CU0 vs COMEX HG=F after USDCNY conversion
2025-12-22,spot_premium,1984.87,USD/ton,derived,,2026-08-03T00:06:55.747178,daily,C,SHFE CU0 vs COMEX HG=F after USDCNY conversion
2025-12-23,spot_premium,1842.22,USD/ton,derived,,2026-08-03T00:06:55.747221,daily,C,SHFE CU0 vs COMEX HG=F after USDCNY conversion
2025-12-24,spot_premium,2114.08,USD/ton,derived,,2026-08-03T00:06:55.747263,daily,C,SHFE CU0 vs COMEX HG=F after USDCNY conversion
2025-12-25,spot_premium,2130.37,USD/ton,derived,,2026-08-03T00:06:55.747306,daily,C,SHFE CU0 vs COMEX HG=F after USDCNY conversion
2025-12-26,spot_premium,1911.36,USD/ton,derived,,2026-08-03T00:06:55.747349,daily,C,SHFE CU0 vs COMEX HG=F after USDCNY conversion
2025-12-29,spot_premium,2540.58,USD/ton,derived,,2026-08-03T00:06:55.747392,daily,C,SHFE CU0 vs COMEX HG=F after USDCNY conversion
2025-12-30,spot_premium,1904.01,USD/ton,derived,,2026-08-03T00:06:55.747435,daily,C,SHFE CU0 vs COMEX HG=F after USDCNY conversion
2025-12-31,spot_premium,2141.19,USD/ton,derived,,2026-08-03T00:06:55.747478,daily,C,SHFE CU0 vs COMEX HG=F after USDCNY conversion
2026-01-05,spot_premium,1952.64,USD/ton,derived,,2026-08-03T00:06:55.747521,daily,C,SHFE CU0 vs COMEX HG=F after USDCNY conversion
2026-01-06,spot_premium,2351.15,USD/ton,derived,,2026-08-03T00:06:55.747564,daily,C,SHFE CU0 vs COMEX HG=F after USDCNY conversion
2026-01-07,spot_premium,2512.44,USD/ton,derived,,2026-08-03T00:06:55.747609,daily,C,SHFE CU0 vs COMEX HG=F after USDCNY conversion
2026-01-08,spot_premium,2325.8,USD/ton,derived,,2026-08-03T00:06:55.747651,daily,C,SHFE CU0 vs COMEX HG=F after USDCNY conversion
2026-01-09,spot_premium,2138.83,USD/ton,derived,,2026-08-03T00:06:55.747702,daily,C,SHFE CU0 vs COMEX HG=F after USDCNY conversion
2026-01-12,spot_premium,2208.86,USD/ton,derived,,2026-08-03T00:06:55.747746,daily,C,SHFE CU0 vs COMEX HG=F after USDCNY conversion
2026-01-13,spot_premium,2019.73,USD/ton,derived,,2026-08-03T00:06:55.747788,daily,C,SHFE CU0 vs COMEX HG=F after USDCNY conversion
2026-01-14,spot_premium,2176.69,USD/ton,derived,,2026-08-03T00:06:55.747832,daily,C,SHFE CU0 vs COMEX HG=F after USDCNY conversion
2026-01-15,spot_premium,2117.11,USD/ton,derived,,2026-08-03T00:06:55.747875,daily,C,SHFE CU0 vs COMEX HG=F after USDCNY conversion
2026-01-16,spot_premium,2166.55,USD/ton,derived,,2026-08-03T00:06:55.747918,daily,C,SHFE CU0 vs COMEX HG=F after USDCNY conversion
2026-01-19,spot_premium,2227.28,USD/ton,derived,,2026-08-03T00:06:55.747962,daily,C,SHFE CU0 vs COMEX HG=F after USDCNY conversion
2026-01-20,spot_premium,2268.86,USD/ton,derived,,2026-08-03T00:06:55.748005,daily,C,SHFE CU0 vs COMEX HG=F after USDCNY conversion
2026-01-21,spot_premium,2372.17,USD/ton,derived,,2026-08-03T00:06:55.748048,daily,C,SHFE CU0 vs COMEX HG=F after USDCNY conversion
2026-01-22,spot_premium,2257.59,USD/ton,derived,,2026-08-03T00:06:55.748090,daily,C,SHFE CU0 vs COMEX HG=F after USDCNY conversion
2026-01-23,spot_premium,1980.92,USD/ton,derived,,2026-08-03T00:06:55.748133,daily,C,SHFE CU0 vs COMEX HG=F after USDCNY conversion
2026-01-26,spot_premium,1899.98,USD/ton,derived,,2026-08-03T00:06:55.748175,daily,C,SHFE CU0 vs COMEX HG=F after USDCNY conversion
2026-01-27,spot_premium,2349.46,USD/ton,derived,,2026-08-03T00:06:55.748218,daily,C,SHFE CU0 vs COMEX HG=F after USDCNY conversion
2026-01-28,spot_premium,2276.5,USD/ton,derived,,2026-08-03T00:06:55.748261,daily,C,SHFE CU0 vs COMEX HG=F after USDCNY conversion
2026-01-29,spot_premium,2548.84,USD/ton,derived,,2026-08-03T00:06:55.748303,daily,C,SHFE CU0 vs COMEX HG=F after USDCNY conversion
2026-01-30,spot_premium,2358.43,USD/ton,derived,,2026-08-03T00:06:55.748346,daily,C,SHFE CU0 vs COMEX HG=F after USDCNY conversion
2026-02-02,spot_premium,1813.46,USD/ton,derived,,2026-08-03T00:06:55.748389,daily,C,SHFE CU0 vs COMEX HG=F after USDCNY conversion
2026-02-03,spot_premium,2115.04,USD/ton,derived,,2026-08-03T00:06:55.748432,daily,C,SHFE CU0 vs COMEX HG=F after USDCNY conversion
2026-02-04,spot_premium,2734.2,USD/ton,derived,,2026-08-03T00:06:55.748476,daily,C,SHFE CU0 vs COMEX HG=F after USDCNY conversion
2026-02-05,spot_premium,2174.51,USD/ton,derived,,2026-08-03T00:06:55.748531,daily,C,SHFE CU0 vs COMEX HG=F after USDCNY conversion
2026-02-06,spot_premium,1901.95,USD/ton,derived,,2026-08-03T00:06:55.748577,daily,C,SHFE CU0 vs COMEX HG=F after USDCNY conversion
2026-02-09,spot_premium,1980.03,USD/ton,derived,,2026-08-03T00:06:55.748622,daily,C,SHFE CU0 vs COMEX HG=F after USDCNY conversion
2026-02-10,spot_premium,2046.58,USD/ton,derived,,2026-08-03T00:06:55.748673,daily,C,SHFE CU0 vs COMEX HG=F after USDCNY conversion
2026-02-11,spot_premium,2021.58,USD/ton,derived,,2026-08-03T00:06:55.748718,daily,C,SHFE CU0 vs COMEX HG=F after USDCNY conversion
2026-02-12,spot_premium,2436.22,USD/ton,derived,,2026-08-03T00:06:55.748761,daily,C,SHFE CU0 vs COMEX HG=F after USDCNY conversion
2026-02-13,spot_premium,2136.99,USD/ton,derived,,2026-08-03T00:06:55.748804,daily,C,SHFE CU0 vs COMEX HG=F after USDCNY conversion
2026-02-24,spot_premium,2024.09,USD/ton,derived,,2026-08-03T00:06:55.748847,daily,C,SHFE CU0 vs COMEX HG=F after USDCNY conversion
2026-02-25,spot_premium,2059.52,USD/ton,derived,,2026-08-03T00:06:55.748890,daily,C,SHFE CU0 vs COMEX HG=F after USDCNY conversion
2026-02-26,spot_premium,2098.58,USD/ton,derived,,2026-08-03T00:06:55.748933,daily,C,SHFE CU0 vs COMEX HG=F after USDCNY conversion
2026-02-27,spot_premium,2156.99,USD/ton,derived,,2026-08-03T00:06:55.748976,daily,C,SHFE CU0 vs COMEX HG=F after USDCNY conversion
2026-03-02,spot_premium,2389.13,USD/ton,derived,,2026-08-03T00:06:55.749019,daily,C,SHFE CU0 vs COMEX HG=F after USDCNY conversion
2026-03-03,spot_premium,2396.64,USD/ton,derived,,2026-08-03T00:06:55.749063,daily,C,SHFE CU0 vs COMEX HG=F after USDCNY conversion
2026-03-04,spot_premium,2151.78,USD/ton,derived,,2026-08-03T00:06:55.749106,daily,C,SHFE CU0 vs COMEX HG=F after USDCNY conversion
2026-03-05,spot_premium,2290.73,USD/ton,derived,,2026-08-03T00:06:55.749149,daily,C,SHFE CU0 vs COMEX HG=F after USDCNY conversion
2026-03-06,spot_premium,2277.47,USD/ton,derived,,2026-08-03T00:06:55.749192,daily,C,SHFE CU0 vs COMEX HG=F after USDCNY conversion
2026-03-09,spot_premium,2054.17,USD/ton,derived,,2026-08-03T00:06:55.749235,daily,C,SHFE CU0 vs COMEX HG=F after USDCNY conversion
2026-03-10,spot_premium,2023.02,USD/ton,derived,,2026-08-03T00:06:55.749278,daily,C,SHFE CU0 vs COMEX HG=F after USDCNY conversion
2026-03-11,spot_premium,2097.18,USD/ton,derived,,2026-08-03T00:06:55.749321,daily,C,SHFE CU0 vs COMEX HG=F after USDCNY conversion
2026-03-12,spot_premium,2122.73,USD/ton,derived,,2026-08-03T00:06:55.749364,daily,C,SHFE CU0 vs COMEX HG=F after USDCNY conversion
2026-03-13,spot_premium,2261.54,USD/ton,derived,,2026-08-03T00:06:55.749407,daily,C,SHFE CU0 vs COMEX HG=F after USDCNY conversion
2026-03-16,spot_premium,2006.59,USD/ton,derived,,2026-08-03T00:06:55.749450,daily,C,SHFE CU0 vs COMEX HG=F after USDCNY conversion
2026-03-17,spot_premium,2091.39,USD/ton,derived,,2026-08-03T00:06:55.749493,daily,C,SHFE CU0 vs COMEX HG=F after USDCNY conversion
2026-03-18,spot_premium,2363.55,USD/ton,derived,,2026-08-03T00:06:55.749538,daily,C,SHFE CU0 vs COMEX HG=F after USDCNY conversion
2026-03-19,spot_premium,2009.6,USD/ton,derived,,2026-08-03T00:06:55.749581,daily,C,SHFE CU0 vs COMEX HG=F after USDCNY conversion
2026-03-20,spot_premium,2256.53,USD/ton,derived,,2026-08-03T00:06:55.749625,daily,C,SHFE CU0 vs COMEX HG=F after USDCNY conversion
2026-03-23,spot_premium,1651.59,USD/ton,derived,,2026-08-03T00:06:55.749675,daily,C,SHFE CU0 vs COMEX HG=F after USDCNY conversion
2026-03-24,spot_premium,1974.98,USD/ton,derived,,2026-08-03T00:06:55.749720,daily,C,SHFE CU0 vs COMEX HG=F after USDCNY conversion
2026-03-25,spot_premium,1971.28,USD/ton,derived,,2026-08-03T00:06:55.749763,daily,C,SHFE CU0 vs COMEX HG=F after USDCNY conversion
2026-03-26,spot_premium,2117.61,USD/ton,derived,,2026-08-03T00:06:55.749806,daily,C,SHFE CU0 vs COMEX HG=F after USDCNY conversion
2026-03-27,spot_premium,2158.34,USD/ton,derived,,2026-08-03T00:06:55.749849,daily,C,SHFE CU0 vs COMEX HG=F after USDCNY conversion
2026-03-30,spot_premium,2113.31,USD/ton,derived,,2026-08-03T00:06:55.749892,daily,C,SHFE CU0 vs COMEX HG=F after USDCNY conversion
2026-03-31,spot_premium,1805.28,USD/ton,derived,,2026-08-03T00:06:55.749935,daily,C,SHFE CU0 vs COMEX HG=F after USDCNY conversion
2026-04-01,spot_premium,1975.17,USD/ton,derived,,2026-08-03T00:06:55.749978,daily,C,SHFE CU0 vs COMEX HG=F after USDCNY conversion
2026-04-02,spot_premium,1939.29,USD/ton,derived,,2026-08-03T00:06:55.750021,daily,C,SHFE CU0 vs COMEX HG=F after USDCNY conversion
2026-04-03,spot_premium,1994.1,USD/ton,derived,,2026-08-03T00:06:55.750064,daily,C,SHFE CU0 vs COMEX HG=F after USDCNY conversion
2026-04-07,spot_premium,2080.81,USD/ton,derived,,2026-08-03T00:06:55.750106,daily,C,SHFE CU0 vs COMEX HG=F after USDCNY conversion
2026-04-08,spot_premium,1852.72,USD/ton,derived,,2026-08-03T00:06:55.750151,daily,C,SHFE CU0 vs COMEX HG=F after USDCNY conversion
2026-04-09,spot_premium,1817.34,USD/ton,derived,,2026-08-03T00:06:55.750195,daily,C,SHFE CU0 vs COMEX HG=F after USDCNY conversion
2026-04-10,spot_premium,1640.6,USD/ton,derived,,2026-08-03T00:06:55.750238,daily,C,SHFE CU0 vs COMEX HG=F after USDCNY conversion
2026-04-13,spot_premium,1581.34,USD/ton,derived,,2026-08-03T00:06:55.750281,daily,C,SHFE CU0 vs COMEX HG=F after USDCNY conversion
2026-04-14,spot_premium,1607.06,USD/ton,derived,,2026-08-03T00:06:55.750324,daily,C,SHFE CU0 vs COMEX HG=F after USDCNY conversion
2026-04-15,spot_premium,1737.08,USD/ton,derived,,2026-08-03T00:06:55.750367,daily,C,SHFE CU0 vs COMEX HG=F after USDCNY conversion
2026-04-16,spot_premium,1842.53,USD/ton,derived,,2026-08-03T00:06:55.750409,daily,C,SHFE CU0 vs COMEX HG=F after USDCNY conversion
2026-04-17,spot_premium,1703.19,USD/ton,derived,,2026-08-03T00:06:55.750453,daily,C,SHFE CU0 vs COMEX HG=F after USDCNY conversion
2026-04-20,spot_premium,1894.96,USD/ton,derived,,2026-08-03T00:06:55.750496,daily,C,SHFE CU0 vs COMEX HG=F after USDCNY conversion
2026-04-21,spot_premium,1899.91,USD/ton,derived,,2026-08-03T00:06:55.750539,daily,C,SHFE CU0 vs COMEX HG=F after USDCNY conversion
2026-04-22,spot_premium,1712.73,USD/ton,derived,,2026-08-03T00:06:55.750582,daily,C,SHFE CU0 vs COMEX HG=F after USDCNY conversion
2026-04-23,spot_premium,1831.58,USD/ton,derived,,2026-08-03T00:06:55.750625,daily,C,SHFE CU0 vs COMEX HG=F after USDCNY conversion
2026-04-24,spot_premium,1898.82,USD/ton,derived,,2026-08-03T00:06:55.750675,daily,C,SHFE CU0 vs COMEX HG=F after USDCNY conversion
2026-04-27,spot_premium,1961.31,USD/ton,derived,,2026-08-03T00:06:55.750719,daily,C,SHFE CU0 vs COMEX HG=F after USDCNY conversion
2026-04-28,spot_premium,2109.49,USD/ton,derived,,2026-08-03T00:06:55.750764,daily,C,SHFE CU0 vs COMEX HG=F after USDCNY conversion
2026-04-29,spot_premium,2095.53,USD/ton,derived,,2026-08-03T00:06:55.750807,daily,C,SHFE CU0 vs COMEX HG=F after USDCNY conversion
2026-04-30,spot_premium,1901.93,USD/ton,derived,,2026-08-03T00:06:55.750851,daily,C,SHFE CU0 vs COMEX HG=F after USDCNY conversion
2026-05-06,spot_premium,1679.32,USD/ton,derived,,2026-08-03T00:06:55.750894,daily,C,SHFE CU0 vs COMEX HG=F after USDCNY conversion
2026-05-07,spot_premium,1749.53,USD/ton,derived,,2026-08-03T00:06:55.750937,daily,C,SHFE CU0 vs COMEX HG=F after USDCNY conversion
2026-05-08,spot_premium,1711.28,USD/ton,derived,,2026-08-03T00:06:55.750980,daily,C,SHFE CU0 vs COMEX HG=F after USDCNY conversion
2026-05-11,spot_premium,1358.99,USD/ton,derived,,2026-08-03T00:06:55.751023,daily,C,SHFE CU0 vs COMEX HG=F after USDCNY conversion
2026-05-12,spot_premium,1481.35,USD/ton,derived,,2026-08-03T00:06:55.751067,daily,C,SHFE CU0 vs COMEX HG=F after USDCNY conversion
2026-05-13,spot_premium,1445.83,USD/ton,derived,,2026-08-03T00:06:55.751111,daily,C,SHFE CU0 vs COMEX HG=F after USDCNY conversion
2026-05-14,spot_premium,1335.02,USD/ton,derived,,2026-08-03T00:06:55.751154,daily,C,SHFE CU0 vs COMEX HG=F after USDCNY conversion
2026-05-15,spot_premium,1729.47,USD/ton,derived,,2026-08-03T00:06:55.751198,daily,C,SHFE CU0 vs COMEX HG=F after USDCNY conversion
2026-05-18,spot_premium,1627.99,USD/ton,derived,,2026-08-03T00:06:55.751242,daily,C,SHFE CU0 vs COMEX HG=F after USDCNY conversion
2026-05-19,spot_premium,1893.51,USD/ton,derived,,2026-08-03T00:06:55.751285,daily,C,SHFE CU0 vs COMEX HG=F after USDCNY conversion
2026-05-20,spot_premium,1535.35,USD/ton,derived,,2026-08-03T00:06:55.751329,daily,C,SHFE CU0 vs COMEX HG=F after USDCNY conversion
2026-05-21,spot_premium,1618.1,USD/ton,derived,,2026-08-03T00:06:55.751372,daily,C,SHFE CU0 vs COMEX HG=F after USDCNY conversion
2026-05-22,spot_premium,1553.66,USD/ton,derived,,2026-08-03T00:06:55.751415,daily,C,SHFE CU0 vs COMEX HG=F after USDCNY conversion
2026-05-25,spot_premium,1669.21,USD/ton,derived,,2026-08-03T00:06:55.751458,daily,C,SHFE CU0 vs COMEX HG=F after USDCNY conversion
2026-05-26,spot_premium,1525.1,USD/ton,derived,,2026-08-03T00:06:55.751501,daily,C,SHFE CU0 vs COMEX HG=F after USDCNY conversion
2026-05-27,spot_premium,1607.08,USD/ton,derived,,2026-08-03T00:06:55.751544,daily,C,SHFE CU0 vs COMEX HG=F after USDCNY conversion
2026-05-28,spot_premium,1327.95,USD/ton,derived,,2026-08-03T00:06:55.751588,daily,C,SHFE CU0 vs COMEX HG=F after USDCNY conversion
2026-05-29,spot_premium,1534.34,USD/ton,derived,,2026-08-03T00:06:55.751631,daily,C,SHFE CU0 vs COMEX HG=F after USDCNY conversion
2026-06-01,spot_premium,1124.27,USD/ton,derived,,2026-08-03T00:06:55.751681,daily,C,SHFE CU0 vs COMEX HG=F after USDCNY conversion
2026-06-02,spot_premium,1134.98,USD/ton,derived,,2026-08-03T00:06:55.751725,daily,C,SHFE CU0 vs COMEX HG=F after USDCNY conversion
2026-06-03,spot_premium,1470.91,USD/ton,derived,,2026-08-03T00:06:55.751768,daily,C,SHFE CU0 vs COMEX HG=F after USDCNY conversion
2026-06-04,spot_premium,1222.56,USD/ton,derived,,2026-08-03T00:06:55.751812,daily,C,SHFE CU0 vs COMEX HG=F after USDCNY conversion
2026-06-05,spot_premium,1768.2,USD/ton,derived,,2026-08-03T00:06:55.751855,daily,C,SHFE CU0 vs COMEX HG=F after USDCNY conversion
2026-06-08,spot_premium,1470.11,USD/ton,derived,,2026-08-03T00:06:55.751898,daily,C,SHFE CU0 vs COMEX HG=F after USDCNY conversion
2026-06-09,spot_premium,1608.15,USD/ton,derived,,2026-08-03T00:06:55.751942,daily,C,SHFE CU0 vs COMEX HG=F after USDCNY conversion
2026-06-10,spot_premium,1646.1,USD/ton,derived,,2026-08-03T00:06:55.751985,daily,C,SHFE CU0 vs COMEX HG=F after USDCNY conversion
2026-06-11,spot_premium,1483.32,USD/ton,derived,,2026-08-03T00:06:55.752028,daily,C,SHFE CU0 vs COMEX HG=F after USDCNY conversion
2026-06-12,spot_premium,1327.44,USD/ton,derived,,2026-08-03T00:06:55.752071,daily,C,SHFE CU0 vs COMEX HG=F after USDCNY conversion
2026-06-15,spot_premium,1350.57,USD/ton,derived,,2026-08-03T00:06:55.752114,daily,C,SHFE CU0 vs COMEX HG=F after USDCNY conversion
2026-06-16,spot_premium,1191.06,USD/ton,derived,,2026-08-03T00:06:55.752159,daily,C,SHFE CU0 vs COMEX HG=F after USDCNY conversion
2026-06-17,spot_premium,1335.0,USD/ton,derived,,2026-08-03T00:06:55.752202,daily,C,SHFE CU0 vs COMEX HG=F after USDCNY conversion
2026-06-18,spot_premium,1480.53,USD/ton,derived,,2026-08-03T00:06:55.752245,daily,C,SHFE CU0 vs COMEX HG=F after USDCNY conversion
2026-06-22,spot_premium,1540.95,USD/ton,derived,,2026-08-03T00:06:55.752288,daily,C,SHFE CU0 vs COMEX HG=F after USDCNY conversion
2026-06-23,spot_premium,1805.69,USD/ton,derived,,2026-08-03T00:06:55.752331,daily,C,SHFE CU0 vs COMEX HG=F after USDCNY conversion
2026-06-24,spot_premium,2237.76,USD/ton,derived,,2026-08-03T00:06:55.752374,daily,C,SHFE CU0 vs COMEX HG=F after USDCNY conversion
2026-06-25,spot_premium,1611.51,USD/ton,derived,,2026-08-03T00:06:55.752417,daily,C,SHFE CU0 vs COMEX HG=F after USDCNY conversion
2026-06-26,spot_premium,1505.34,USD/ton,derived,,2026-08-03T00:06:55.752459,daily,C,SHFE CU0 vs COMEX HG=F after USDCNY conversion
2026-06-29,spot_premium,1839.37,USD/ton,derived,,2026-08-03T00:06:55.752502,daily,C,SHFE CU0 vs COMEX HG=F after USDCNY conversion
2026-06-30,spot_premium,1649.19,USD/ton,derived,,2026-08-03T00:06:55.752559,daily,C,SHFE CU0 vs COMEX HG=F after USDCNY conversion
2026-07-01,spot_premium,1598.36,USD/ton,derived,,2026-08-03T00:06:55.752603,daily,C,SHFE CU0 vs COMEX HG=F after USDCNY conversion
2026-07-02,spot_premium,1622.64,USD/ton,derived,,2026-08-03T00:06:55.752646,daily,C,SHFE CU0 vs COMEX HG=F after USDCNY conversion
2026-07-03,spot_premium,1775.23,USD/ton,derived,,2026-08-03T00:06:55.752701,daily,C,SHFE CU0 vs COMEX HG=F after USDCNY conversion
2026-07-06,spot_premium,1632.27,USD/ton,derived,,2026-08-03T00:06:55.752744,daily,C,SHFE CU0 vs COMEX HG=F after USDCNY conversion
2026-07-07,spot_premium,1648.08,USD/ton,derived,,2026-08-03T00:06:55.752788,daily,C,SHFE CU0 vs COMEX HG=F after USDCNY conversion
2026-07-08,spot_premium,1888.25,USD/ton,derived,,2026-08-03T00:06:55.752831,daily,C,SHFE CU0 vs COMEX HG=F after USDCNY conversion
2026-07-09,spot_premium,1580.33,USD/ton,derived,,2026-08-03T00:06:55.752874,daily,C,SHFE CU0 vs COMEX HG=F after USDCNY conversion
2026-07-10,spot_premium,1621.02,USD/ton,derived,,2026-08-03T00:06:55.752917,daily,C,SHFE CU0 vs COMEX HG=F after USDCNY conversion
2026-07-13,spot_premium,1525.83,USD/ton,derived,,2026-08-03T00:06:55.752960,daily,C,SHFE CU0 vs COMEX HG=F after USDCNY conversion
2026-07-14,spot_premium,1501.6,USD/ton,derived,,2026-08-03T00:06:55.753002,daily,C,SHFE CU0 vs COMEX HG=F after USDCNY conversion
2026-07-15,spot_premium,1552.44,USD/ton,derived,,2026-08-03T00:06:55.753046,daily,C,SHFE CU0 vs COMEX HG=F after USDCNY conversion
2026-07-16,spot_premium,1578.04,USD/ton,derived,,2026-08-03T00:06:55.753089,daily,C,SHFE CU0 vs COMEX HG=F after USDCNY conversion
2026-07-17,spot_premium,1600.41,USD/ton,derived,,2026-08-03T00:06:55.753131,daily,C,SHFE CU0 vs COMEX HG=F after USDCNY conversion
2026-07-20,spot_premium,1488.47,USD/ton,derived,,2026-08-03T00:06:55.753174,daily,C,SHFE CU0 vs COMEX HG=F after USDCNY conversion
2026-07-21,spot_premium,1268.48,USD/ton,derived,,2026-08-03T00:06:55.753220,daily,C,SHFE CU0 vs COMEX HG=F after USDCNY conversion
2026-07-22,spot_premium,1454.09,USD/ton,derived,,2026-08-03T00:06:55.753264,daily,C,SHFE CU0 vs COMEX HG=F after USDCNY conversion
2026-07-23,spot_premium,1786.33,USD/ton,derived,,2026-08-03T00:06:55.753308,daily,C,SHFE CU0 vs COMEX HG=F after USDCNY conversion
2026-07-24,spot_premium,1584.38,USD/ton,derived,,2026-08-03T00:06:55.753351,daily,C,SHFE CU0 vs COMEX HG=F after USDCNY conversion
2026-07-27,spot_premium,1586.94,USD/ton,derived,,2026-08-03T00:06:55.753395,daily,C,SHFE CU0 vs COMEX HG=F after USDCNY conversion
2026-07-28,spot_premium,1588.86,USD/ton,derived,,2026-08-03T00:06:55.753438,daily,C,SHFE CU0 vs COMEX HG=F after USDCNY conversion
2026-07-29,spot_premium,1707.64,USD/ton,derived,,2026-08-03T00:06:55.753481,daily,C,SHFE CU0 vs COMEX HG=F after USDCNY conversion
2026-07-30,spot_premium,1301.02,USD/ton,derived,,2026-08-03T00:06:55.753524,daily,C,SHFE CU0 vs COMEX HG=F after USDCNY conversion
2026-07-31,spot_premium,1433.83,USD/ton,derived,,2026-08-03T00:06:55.753567,daily,C,SHFE CU0 vs COMEX HG=F after USDCNY conversion
2025-12-01,tc_rc,21.25,USD/ton,Antofagasta-Jiangxi,https://www.mining.com/,2026-08-03T00:06:55.756929,monthly,B,2025 annual TC/RC benchmark
2026-01-01,tc_rc,0.0,USD/ton,Antofagasta-Jiangxi,https://www.mining.com/,2026-08-03T00:06:55.756936,monthly,B,2026 annual TC/RC benchmark settlement
2026-05-01,tc_rc,-119.3,USD/ton,Argus,https://www.argusmedia.com/,2026-06-29T16:20:45.533274,monthly,B,
2026-06-01,tc_rc,-126.8,USD/ton,Argus,https://www.argusmedia.com/,2026-06-29T16:20:45.533274,monthly,B,
2026-05-01,tc_rc_spot,-119.3,USD/ton,Argus,https://www.argusmedia.com/,2026-08-03T00:06:55.756942,monthly,B,Spot TC CIF Asia approx late May 2026
2026-06-01,tc_rc_spot,-126.8,USD/ton,Argus,https://www.argusmedia.com/,2026-08-03T00:06:55.756948,monthly,B,Spot TC CIF Asia late June 2026
2025-05-27,term_structure,backwardation,label,derived,,2026-07-01T10:03:05.457335,daily,C,
2025-05-28,term_structure,backwardation,label,derived,,2026-07-02T02:41:23.858441,daily,C,
2025-05-29,term_structure,backwardation,label,derived,,2026-07-03T00:05:23.851977,daily,C,
2025-05-30,term_structure,backwardation,label,derived,,2026-07-04T00:03:59.811439,daily,C,
2025-06-03,term_structure,backwardation,label,derived,,2026-07-08T00:02:07.507462,daily,C,
2025-06-04,term_structure,backwardation,label,derived,,2026-07-09T00:04:17.162421,daily,C,
2025-06-05,term_structure,backwardation,label,derived,,2026-07-10T00:03:24.956554,daily,C,
2025-06-06,term_structure,backwardation,label,derived,,2026-07-11T00:04:46.353036,daily,C,
2025-06-09,term_structure,backwardation,label,derived,,2026-07-14T00:02:42.802686,daily,C,
2025-06-10,term_structure,backwardation,label,derived,,2026-07-15T00:04:53.827262,daily,C,
2025-06-11,term_structure,backwardation,label,derived,,2026-07-16T00:03:03.880794,daily,C,
2025-06-12,term_structure,backwardation,label,derived,,2026-07-17T09:02:26.450680,daily,C,
2025-06-13,term_structure,backwardation,label,derived,,2026-07-18T00:02:55.989005,daily,C,
2025-06-16,term_structure,backwardation,label,derived,,2026-07-21T00:04:14.827012,daily,C,
2025-06-17,term_structure,backwardation,label,derived,,2026-07-22T00:04:44.852649,daily,C,
2025-06-18,term_structure,backwardation,label,derived,,2026-07-23T00:06:43.949206,daily,C,
2025-06-19,term_structure,backwardation,label,derived,,2026-07-23T00:06:43.949210,daily,C,
2025-06-20,term_structure,backwardation,label,derived,,2026-07-25T00:02:49.127802,daily,C,
2025-06-23,term_structure,backwardation,label,derived,,2026-07-28T00:02:50.994527,daily,C,
2025-06-24,term_structure,backwardation,label,derived,,2026-07-29T00:04:06.777252,daily,C,
2025-06-25,term_structure,backwardation,label,derived,,2026-07-30T00:05:36.783409,daily,C,
2025-06-26,term_structure,backwardation,label,derived,,2026-07-31T00:05:13.030043,daily,C,
2025-06-27,term_structure,backwardation,label,derived,,2026-08-01T00:06:55.661559,daily,C,
2025-06-30,term_structure,backwardation,label,derived,,2026-08-03T00:06:55.753932,daily,C,Inferred from SHFE-LME premium sign
2025-07-01,term_structure,backwardation,label,derived,,2026-08-03T00:06:55.753936,daily,C,Inferred from SHFE-LME premium sign
2025-07-02,term_structure,backwardation,label,derived,,2026-08-03T00:06:55.753938,daily,C,Inferred from SHFE-LME premium sign
2025-07-03,term_structure,backwardation,label,derived,,2026-08-03T00:06:55.753939,daily,C,Inferred from SHFE-LME premium sign
2025-07-04,term_structure,backwardation,label,derived,,2026-08-03T00:06:55.753940,daily,C,Inferred from SHFE-LME premium sign
2025-07-07,term_structure,backwardation,label,derived,,2026-08-03T00:06:55.753942,daily,C,Inferred from SHFE-LME premium sign
2025-07-08,term_structure,contango,label,derived,,2026-08-03T00:06:55.753943,daily,C,Inferred from SHFE-LME premium sign
2025-07-09,term_structure,contango,label,derived,,2026-08-03T00:06:55.753944,daily,C,Inferred from SHFE-LME premium sign
2025-07-10,term_structure,contango,label,derived,,2026-08-03T00:06:55.753946,daily,C,Inferred from SHFE-LME premium sign
2025-07-11,term_structure,contango,label,derived,,2026-08-03T00:06:55.753948,daily,C,Inferred from SHFE-LME premium sign
2025-07-14,term_structure,contango,label,derived,,2026-08-03T00:06:55.753949,daily,C,Inferred from SHFE-LME premium sign
2025-07-15,term_structure,contango,label,derived,,2026-08-03T00:06:55.753951,daily,C,Inferred from SHFE-LME premium sign
2025-07-16,term_structure,contango,label,derived,,2026-08-03T00:06:55.753952,daily,C,Inferred from SHFE-LME premium sign
2025-07-17,term_structure,contango,label,derived,,2026-08-03T00:06:55.753954,daily,C,Inferred from SHFE-LME premium sign
2025-07-18,term_structure,contango,label,derived,,2026-08-03T00:06:55.753955,daily,C,Inferred from SHFE-LME premium sign
2025-07-21,term_structure,contango,label,derived,,2026-08-03T00:06:55.753956,daily,C,Inferred from SHFE-LME premium sign
2025-07-22,term_structure,contango,label,derived,,2026-08-03T00:06:55.753957,daily,C,Inferred from SHFE-LME premium sign
2025-07-23,term_structure,contango,label,derived,,2026-08-03T00:06:55.753958,daily,C,Inferred from SHFE-LME premium sign
2025-07-24,term_structure,contango,label,derived,,2026-08-03T00:06:55.753960,daily,C,Inferred from SHFE-LME premium sign
2025-07-25,term_structure,contango,label,derived,,2026-08-03T00:06:55.753961,daily,C,Inferred from SHFE-LME premium sign
2025-07-28,term_structure,contango,label,derived,,2026-08-03T00:06:55.753962,daily,C,Inferred from SHFE-LME premium sign
2025-07-29,term_structure,contango,label,derived,,2026-08-03T00:06:55.753964,daily,C,Inferred from SHFE-LME premium sign
2025-07-30,term_structure,contango,label,derived,,2026-08-03T00:06:55.753965,daily,C,Inferred from SHFE-LME premium sign
2025-07-31,term_structure,backwardation,label,derived,,2026-08-03T00:06:55.753966,daily,C,Inferred from SHFE-LME premium sign
2025-08-01,term_structure,backwardation,label,derived,,2026-08-03T00:06:55.753967,daily,C,Inferred from SHFE-LME premium sign
2025-08-04,term_structure,backwardation,label,derived,,2026-08-03T00:06:55.753969,daily,C,Inferred from SHFE-LME premium sign
2025-08-05,term_structure,backwardation,label,derived,,2026-08-03T00:06:55.753970,daily,C,Inferred from SHFE-LME premium sign
2025-08-06,term_structure,backwardation,label,derived,,2026-08-03T00:06:55.753971,daily,C,Inferred from SHFE-LME premium sign
2025-08-07,term_structure,backwardation,label,derived,,2026-08-03T00:06:55.753972,daily,C,Inferred from SHFE-LME premium sign
2025-08-08,term_structure,backwardation,label,derived,,2026-08-03T00:06:55.753973,daily,C,Inferred from SHFE-LME premium sign
2025-08-11,term_structure,backwardation,label,derived,,2026-08-03T00:06:55.753975,daily,C,Inferred from SHFE-LME premium sign
2025-08-12,term_structure,backwardation,label,derived,,2026-08-03T00:06:55.753976,daily,C,Inferred from SHFE-LME premium sign
2025-08-13,term_structure,backwardation,label,derived,,2026-08-03T00:06:55.753977,daily,C,Inferred from SHFE-LME premium sign
2025-08-14,term_structure,backwardation,label,derived,,2026-08-03T00:06:55.753978,daily,C,Inferred from SHFE-LME premium sign
2025-08-15,term_structure,backwardation,label,derived,,2026-08-03T00:06:55.753980,daily,C,Inferred from SHFE-LME premium sign
2025-08-18,term_structure,backwardation,label,derived,,2026-08-03T00:06:55.753981,daily,C,Inferred from SHFE-LME premium sign
2025-08-19,term_structure,backwardation,label,derived,,2026-08-03T00:06:55.753982,daily,C,Inferred from SHFE-LME premium sign
2025-08-20,term_structure,backwardation,label,derived,,2026-08-03T00:06:55.753983,daily,C,Inferred from SHFE-LME premium sign
2025-08-21,term_structure,backwardation,label,derived,,2026-08-03T00:06:55.753984,daily,C,Inferred from SHFE-LME premium sign
2025-08-22,term_structure,backwardation,label,derived,,2026-08-03T00:06:55.753985,daily,C,Inferred from SHFE-LME premium sign
2025-08-25,term_structure,backwardation,label,derived,,2026-08-03T00:06:55.753987,daily,C,Inferred from SHFE-LME premium sign
2025-08-26,term_structure,backwardation,label,derived,,2026-08-03T00:06:55.753988,daily,C,Inferred from SHFE-LME premium sign
2025-08-27,term_structure,backwardation,label,derived,,2026-08-03T00:06:55.753989,daily,C,Inferred from SHFE-LME premium sign
2025-08-28,term_structure,backwardation,label,derived,,2026-08-03T00:06:55.753990,daily,C,Inferred from SHFE-LME premium sign
2025-08-29,term_structure,backwardation,label,derived,,2026-08-03T00:06:55.753992,daily,C,Inferred from SHFE-LME premium sign
2025-09-01,term_structure,backwardation,label,derived,,2026-08-03T00:06:55.753993,daily,C,Inferred from SHFE-LME premium sign
2025-09-02,term_structure,backwardation,label,derived,,2026-08-03T00:06:55.753994,daily,C,Inferred from SHFE-LME premium sign
2025-09-03,term_structure,backwardation,label,derived,,2026-08-03T00:06:55.753995,daily,C,Inferred from SHFE-LME premium sign
2025-09-04,term_structure,backwardation,label,derived,,2026-08-03T00:06:55.753997,daily,C,Inferred from SHFE-LME premium sign
2025-09-05,term_structure,backwardation,label,derived,,2026-08-03T00:06:55.753998,daily,C,Inferred from SHFE-LME premium sign
2025-09-08,term_structure,backwardation,label,derived,,2026-08-03T00:06:55.753999,daily,C,Inferred from SHFE-LME premium sign
2025-09-09,term_structure,backwardation,label,derived,,2026-08-03T00:06:55.754001,daily,C,Inferred from SHFE-LME premium sign
2025-09-10,term_structure,backwardation,label,derived,,2026-08-03T00:06:55.754002,daily,C,Inferred from SHFE-LME premium sign
2025-09-11,term_structure,backwardation,label,derived,,2026-08-03T00:06:55.754004,daily,C,Inferred from SHFE-LME premium sign
2025-09-12,term_structure,backwardation,label,derived,,2026-08-03T00:06:55.754005,daily,C,Inferred from SHFE-LME premium sign
2025-09-15,term_structure,backwardation,label,derived,,2026-08-03T00:06:55.754007,daily,C,Inferred from SHFE-LME premium sign
2025-09-16,term_structure,backwardation,label,derived,,2026-08-03T00:06:55.754008,daily,C,Inferred from SHFE-LME premium sign
2025-09-17,term_structure,backwardation,label,derived,,2026-08-03T00:06:55.754010,daily,C,Inferred from SHFE-LME premium sign
2025-09-18,term_structure,backwardation,label,derived,,2026-08-03T00:06:55.754011,daily,C,Inferred from SHFE-LME premium sign
2025-09-19,term_structure,backwardation,label,derived,,2026-08-03T00:06:55.754012,daily,C,Inferred from SHFE-LME premium sign
2025-09-22,term_structure,backwardation,label,derived,,2026-08-03T00:06:55.754013,daily,C,Inferred from SHFE-LME premium sign
2025-09-23,term_structure,backwardation,label,derived,,2026-08-03T00:06:55.754014,daily,C,Inferred from SHFE-LME premium sign
2025-09-24,term_structure,backwardation,label,derived,,2026-08-03T00:06:55.754016,daily,C,Inferred from SHFE-LME premium sign
2025-09-25,term_structure,backwardation,label,derived,,2026-08-03T00:06:55.754017,daily,C,Inferred from SHFE-LME premium sign
2025-09-26,term_structure,backwardation,label,derived,,2026-08-03T00:06:55.754018,daily,C,Inferred from SHFE-LME premium sign
2025-09-29,term_structure,backwardation,label,derived,,2026-08-03T00:06:55.754019,daily,C,Inferred from SHFE-LME premium sign
2025-09-30,term_structure,backwardation,label,derived,,2026-08-03T00:06:55.754021,daily,C,Inferred from SHFE-LME premium sign
2025-10-09,term_structure,backwardation,label,derived,,2026-08-03T00:06:55.754022,daily,C,Inferred from SHFE-LME premium sign
2025-10-10,term_structure,backwardation,label,derived,,2026-08-03T00:06:55.754023,daily,C,Inferred from SHFE-LME premium sign
2025-10-13,term_structure,backwardation,label,derived,,2026-08-03T00:06:55.754024,daily,C,Inferred from SHFE-LME premium sign
2025-10-14,term_structure,backwardation,label,derived,,2026-08-03T00:06:55.754025,daily,C,Inferred from SHFE-LME premium sign
2025-10-15,term_structure,backwardation,label,derived,,2026-08-03T00:06:55.754026,daily,C,Inferred from SHFE-LME premium sign
2025-10-16,term_structure,backwardation,label,derived,,2026-08-03T00:06:55.754028,daily,C,Inferred from SHFE-LME premium sign
2025-10-17,term_structure,backwardation,label,derived,,2026-08-03T00:06:55.754029,daily,C,Inferred from SHFE-LME premium sign
2025-10-20,term_structure,backwardation,label,derived,,2026-08-03T00:06:55.754030,daily,C,Inferred from SHFE-LME premium sign
2025-10-21,term_structure,backwardation,label,derived,,2026-08-03T00:06:55.754031,daily,C,Inferred from SHFE-LME premium sign
2025-10-22,term_structure,backwardation,label,derived,,2026-08-03T00:06:55.754032,daily,C,Inferred from SHFE-LME premium sign
2025-10-23,term_structure,backwardation,label,derived,,2026-08-03T00:06:55.754034,daily,C,Inferred from SHFE-LME premium sign
2025-10-24,term_structure,backwardation,label,derived,,2026-08-03T00:06:55.754035,daily,C,Inferred from SHFE-LME premium sign
2025-10-27,term_structure,backwardation,label,derived,,2026-08-03T00:06:55.754036,daily,C,Inferred from SHFE-LME premium sign
2025-10-28,term_structure,backwardation,label,derived,,2026-08-03T00:06:55.754038,daily,C,Inferred from SHFE-LME premium sign
2025-10-29,term_structure,backwardation,label,derived,,2026-08-03T00:06:55.754039,daily,C,Inferred from SHFE-LME premium sign
2025-10-30,term_structure,backwardation,label,derived,,2026-08-03T00:06:55.754040,daily,C,Inferred from SHFE-LME premium sign
2025-10-31,term_structure,backwardation,label,derived,,2026-08-03T00:06:55.754041,daily,C,Inferred from SHFE-LME premium sign
2025-11-03,term_structure,backwardation,label,derived,,2026-08-03T00:06:55.754042,daily,C,Inferred from SHFE-LME premium sign
2025-11-04,term_structure,backwardation,label,derived,,2026-08-03T00:06:55.754044,daily,C,Inferred from SHFE-LME premium sign
2025-11-05,term_structure,backwardation,label,derived,,2026-08-03T00:06:55.754045,daily,C,Inferred from SHFE-LME premium sign
2025-11-06,term_structure,backwardation,label,derived,,2026-08-03T00:06:55.754046,daily,C,Inferred from SHFE-LME premium sign
2025-11-07,term_structure,backwardation,label,derived,,2026-08-03T00:06:55.754048,daily,C,Inferred from SHFE-LME premium sign
2025-11-10,term_structure,backwardation,label,derived,,2026-08-03T00:06:55.754049,daily,C,Inferred from SHFE-LME premium sign
2025-11-11,term_structure,backwardation,label,derived,,2026-08-03T00:06:55.754050,daily,C,Inferred from SHFE-LME premium sign
2025-11-12,term_structure,backwardation,label,derived,,2026-08-03T00:06:55.754051,daily,C,Inferred from SHFE-LME premium sign
2025-11-13,term_structure,backwardation,label,derived,,2026-08-03T00:06:55.754052,daily,C,Inferred from SHFE-LME premium sign
2025-11-14,term_structure,backwardation,label,derived,,2026-08-03T00:06:55.754054,daily,C,Inferred from SHFE-LME premium sign
2025-11-17,term_structure,backwardation,label,derived,,2026-08-03T00:06:55.754055,daily,C,Inferred from SHFE-LME premium sign
2025-11-18,term_structure,backwardation,label,derived,,2026-08-03T00:06:55.754057,daily,C,Inferred from SHFE-LME premium sign
2025-11-19,term_structure,backwardation,label,derived,,2026-08-03T00:06:55.754058,daily,C,Inferred from SHFE-LME premium sign
2025-11-20,term_structure,backwardation,label,derived,,2026-08-03T00:06:55.754060,daily,C,Inferred from SHFE-LME premium sign
2025-11-21,term_structure,backwardation,label,derived,,2026-08-03T00:06:55.754061,daily,C,Inferred from SHFE-LME premium sign
2025-11-24,term_structure,backwardation,label,derived,,2026-08-03T00:06:55.754063,daily,C,Inferred from SHFE-LME premium sign
2025-11-25,term_structure,backwardation,label,derived,,2026-08-03T00:06:55.754064,daily,C,Inferred from SHFE-LME premium sign
2025-11-26,term_structure,backwardation,label,derived,,2026-08-03T00:06:55.754065,daily,C,Inferred from SHFE-LME premium sign
2025-11-27,term_structure,backwardation,label,derived,,2026-08-03T00:06:55.754066,daily,C,Inferred from SHFE-LME premium sign
2025-11-28,term_structure,backwardation,label,derived,,2026-08-03T00:06:55.754068,daily,C,Inferred from SHFE-LME premium sign
2025-12-01,term_structure,backwardation,label,derived,,2026-08-03T00:06:55.754069,daily,C,Inferred from SHFE-LME premium sign
2025-12-02,term_structure,backwardation,label,derived,,2026-08-03T00:06:55.754070,daily,C,Inferred from SHFE-LME premium sign
2025-12-03,term_structure,backwardation,label,derived,,2026-08-03T00:06:55.754071,daily,C,Inferred from SHFE-LME premium sign
2025-12-04,term_structure,backwardation,label,derived,,2026-08-03T00:06:55.754072,daily,C,Inferred from SHFE-LME premium sign
2025-12-05,term_structure,backwardation,label,derived,,2026-08-03T00:06:55.754074,daily,C,Inferred from SHFE-LME premium sign
2025-12-08,term_structure,backwardation,label,derived,,2026-08-03T00:06:55.754075,daily,C,Inferred from SHFE-LME premium sign
2025-12-09,term_structure,backwardation,label,derived,,2026-08-03T00:06:55.754076,daily,C,Inferred from SHFE-LME premium sign
2025-12-10,term_structure,backwardation,label,derived,,2026-08-03T00:06:55.754077,daily,C,Inferred from SHFE-LME premium sign
2025-12-11,term_structure,backwardation,label,derived,,2026-08-03T00:06:55.754079,daily,C,Inferred from SHFE-LME premium sign
2025-12-12,term_structure,backwardation,label,derived,,2026-08-03T00:06:55.754080,daily,C,Inferred from SHFE-LME premium sign
2025-12-15,term_structure,backwardation,label,derived,,2026-08-03T00:06:55.754081,daily,C,Inferred from SHFE-LME premium sign
2025-12-16,term_structure,backwardation,label,derived,,2026-08-03T00:06:55.754082,daily,C,Inferred from SHFE-LME premium sign
2025-12-17,term_structure,backwardation,label,derived,,2026-08-03T00:06:55.754083,daily,C,Inferred from SHFE-LME premium sign
2025-12-18,term_structure,backwardation,label,derived,,2026-08-03T00:06:55.754085,daily,C,Inferred from SHFE-LME premium sign
2025-12-19,term_structure,backwardation,label,derived,,2026-08-03T00:06:55.754086,daily,C,Inferred from SHFE-LME premium sign
2025-12-22,term_structure,backwardation,label,derived,,2026-08-03T00:06:55.754087,daily,C,Inferred from SHFE-LME premium sign
2025-12-23,term_structure,backwardation,label,derived,,2026-08-03T00:06:55.754088,daily,C,Inferred from SHFE-LME premium sign
2025-12-24,term_structure,backwardation,label,derived,,2026-08-03T00:06:55.754090,daily,C,Inferred from SHFE-LME premium sign
2025-12-25,term_structure,backwardation,label,derived,,2026-08-03T00:06:55.754091,daily,C,Inferred from SHFE-LME premium sign
2025-12-26,term_structure,backwardation,label,derived,,2026-08-03T00:06:55.754092,daily,C,Inferred from SHFE-LME premium sign
2025-12-29,term_structure,backwardation,label,derived,,2026-08-03T00:06:55.754093,daily,C,Inferred from SHFE-LME premium sign
2025-12-30,term_structure,backwardation,label,derived,,2026-08-03T00:06:55.754094,daily,C,Inferred from SHFE-LME premium sign
2025-12-31,term_structure,backwardation,label,derived,,2026-08-03T00:06:55.754096,daily,C,Inferred from SHFE-LME premium sign
2026-01-05,term_structure,backwardation,label,derived,,2026-08-03T00:06:55.754097,daily,C,Inferred from SHFE-LME premium sign
2026-01-06,term_structure,backwardation,label,derived,,2026-08-03T00:06:55.754098,daily,C,Inferred from SHFE-LME premium sign
2026-01-07,term_structure,backwardation,label,derived,,2026-08-03T00:06:55.754099,daily,C,Inferred from SHFE-LME premium sign
2026-01-08,term_structure,backwardation,label,derived,,2026-08-03T00:06:55.754101,daily,C,Inferred from SHFE-LME premium sign
2026-01-09,term_structure,backwardation,label,derived,,2026-08-03T00:06:55.754102,daily,C,Inferred from SHFE-LME premium sign
2026-01-12,term_structure,backwardation,label,derived,,2026-08-03T00:06:55.754103,daily,C,Inferred from SHFE-LME premium sign
2026-01-13,term_structure,backwardation,label,derived,,2026-08-03T00:06:55.754104,daily,C,Inferred from SHFE-LME premium sign
2026-01-14,term_structure,backwardation,label,derived,,2026-08-03T00:06:55.754105,daily,C,Inferred from SHFE-LME premium sign
2026-01-15,term_structure,backwardation,label,derived,,2026-08-03T00:06:55.754107,daily,C,Inferred from SHFE-LME premium sign
2026-01-16,term_structure,backwardation,label,derived,,2026-08-03T00:06:55.754108,daily,C,Inferred from SHFE-LME premium sign
2026-01-19,term_structure,backwardation,label,derived,,2026-08-03T00:06:55.754109,daily,C,Inferred from SHFE-LME premium sign
2026-01-20,term_structure,backwardation,label,derived,,2026-08-03T00:06:55.754111,daily,C,Inferred from SHFE-LME premium sign
2026-01-21,term_structure,backwardation,label,derived,,2026-08-03T00:06:55.754112,daily,C,Inferred from SHFE-LME premium sign
2026-01-22,term_structure,backwardation,label,derived,,2026-08-03T00:06:55.754113,daily,C,Inferred from SHFE-LME premium sign
2026-01-23,term_structure,backwardation,label,derived,,2026-08-03T00:06:55.754115,daily,C,Inferred from SHFE-LME premium sign
2026-01-26,term_structure,backwardation,label,derived,,2026-08-03T00:06:55.754116,daily,C,Inferred from SHFE-LME premium sign
2026-01-27,term_structure,backwardation,label,derived,,2026-08-03T00:06:55.754117,daily,C,Inferred from SHFE-LME premium sign
2026-01-28,term_structure,backwardation,label,derived,,2026-08-03T00:06:55.754119,daily,C,Inferred from SHFE-LME premium sign
2026-01-29,term_structure,backwardation,label,derived,,2026-08-03T00:06:55.754120,daily,C,Inferred from SHFE-LME premium sign
2026-01-30,term_structure,backwardation,label,derived,,2026-08-03T00:06:55.754121,daily,C,Inferred from SHFE-LME premium sign
2026-02-02,term_structure,backwardation,label,derived,,2026-08-03T00:06:55.754122,daily,C,Inferred from SHFE-LME premium sign
2026-02-03,term_structure,backwardation,label,derived,,2026-08-03T00:06:55.754123,daily,C,Inferred from SHFE-LME premium sign
2026-02-04,term_structure,backwardation,label,derived,,2026-08-03T00:06:55.754125,daily,C,Inferred from SHFE-LME premium sign
2026-02-05,term_structure,backwardation,label,derived,,2026-08-03T00:06:55.754126,daily,C,Inferred from SHFE-LME premium sign
2026-02-06,term_structure,backwardation,label,derived,,2026-08-03T00:06:55.754127,daily,C,Inferred from SHFE-LME premium sign
2026-02-09,term_structure,backwardation,label,derived,,2026-08-03T00:06:55.754128,daily,C,Inferred from SHFE-LME premium sign
2026-02-10,term_structure,backwardation,label,derived,,2026-08-03T00:06:55.754129,daily,C,Inferred from SHFE-LME premium sign
2026-02-11,term_structure,backwardation,label,derived,,2026-08-03T00:06:55.754131,daily,C,Inferred from SHFE-LME premium sign
2026-02-12,term_structure,backwardation,label,derived,,2026-08-03T00:06:55.754132,daily,C,Inferred from SHFE-LME premium sign
2026-02-13,term_structure,backwardation,label,derived,,2026-08-03T00:06:55.754133,daily,C,Inferred from SHFE-LME premium sign
2026-02-24,term_structure,backwardation,label,derived,,2026-08-03T00:06:55.754135,daily,C,Inferred from SHFE-LME premium sign
2026-02-25,term_structure,backwardation,label,derived,,2026-08-03T00:06:55.754136,daily,C,Inferred from SHFE-LME premium sign
2026-02-26,term_structure,backwardation,label,derived,,2026-08-03T00:06:55.754137,daily,C,Inferred from SHFE-LME premium sign
2026-02-27,term_structure,backwardation,label,derived,,2026-08-03T00:06:55.754138,daily,C,Inferred from SHFE-LME premium sign
2026-03-02,term_structure,backwardation,label,derived,,2026-08-03T00:06:55.754140,daily,C,Inferred from SHFE-LME premium sign
2026-03-03,term_structure,backwardation,label,derived,,2026-08-03T00:06:55.754141,daily,C,Inferred from SHFE-LME premium sign
2026-03-04,term_structure,backwardation,label,derived,,2026-08-03T00:06:55.754142,daily,C,Inferred from SHFE-LME premium sign
2026-03-05,term_structure,backwardation,label,derived,,2026-08-03T00:06:55.754143,daily,C,Inferred from SHFE-LME premium sign
2026-03-06,term_structure,backwardation,label,derived,,2026-08-03T00:06:55.754144,daily,C,Inferred from SHFE-LME premium sign
2026-03-09,term_structure,backwardation,label,derived,,2026-08-03T00:06:55.754146,daily,C,Inferred from SHFE-LME premium sign
2026-03-10,term_structure,backwardation,label,derived,,2026-08-03T00:06:55.754147,daily,C,Inferred from SHFE-LME premium sign
2026-03-11,term_structure,backwardation,label,derived,,2026-08-03T00:06:55.754148,daily,C,Inferred from SHFE-LME premium sign
2026-03-12,term_structure,backwardation,label,derived,,2026-08-03T00:06:55.754149,daily,C,Inferred from SHFE-LME premium sign
2026-03-13,term_structure,backwardation,label,derived,,2026-08-03T00:06:55.754150,daily,C,Inferred from SHFE-LME premium sign
2026-03-16,term_structure,backwardation,label,derived,,2026-08-03T00:06:55.754152,daily,C,Inferred from SHFE-LME premium sign
2026-03-17,term_structure,backwardation,label,derived,,2026-08-03T00:06:55.754153,daily,C,Inferred from SHFE-LME premium sign
2026-03-18,term_structure,backwardation,label,derived,,2026-08-03T00:06:55.754154,daily,C,Inferred from SHFE-LME premium sign
2026-03-19,term_structure,backwardation,label,derived,,2026-08-03T00:06:55.754155,daily,C,Inferred from SHFE-LME premium sign
2026-03-20,term_structure,backwardation,label,derived,,2026-08-03T00:06:55.754157,daily,C,Inferred from SHFE-LME premium sign
2026-03-23,term_structure,backwardation,label,derived,,2026-08-03T00:06:55.754158,daily,C,Inferred from SHFE-LME premium sign
2026-03-24,term_structure,backwardation,label,derived,,2026-08-03T00:06:55.754159,daily,C,Inferred from SHFE-LME premium sign
2026-03-25,term_structure,backwardation,label,derived,,2026-08-03T00:06:55.754161,daily,C,Inferred from SHFE-LME premium sign
2026-03-26,term_structure,backwardation,label,derived,,2026-08-03T00:06:55.754162,daily,C,Inferred from SHFE-LME premium sign
2026-03-27,term_structure,backwardation,label,derived,,2026-08-03T00:06:55.754163,daily,C,Inferred from SHFE-LME premium sign
2026-03-30,term_structure,backwardation,label,derived,,2026-08-03T00:06:55.754165,daily,C,Inferred from SHFE-LME premium sign
2026-03-31,term_structure,backwardation,label,derived,,2026-08-03T00:06:55.754166,daily,C,Inferred from SHFE-LME premium sign
2026-04-01,term_structure,backwardation,label,derived,,2026-08-03T00:06:55.754167,daily,C,Inferred from SHFE-LME premium sign
2026-04-02,term_structure,backwardation,label,derived,,2026-08-03T00:06:55.754169,daily,C,Inferred from SHFE-LME premium sign
2026-04-03,term_structure,backwardation,label,derived,,2026-08-03T00:06:55.754170,daily,C,Inferred from SHFE-LME premium sign
2026-04-07,term_structure,backwardation,label,derived,,2026-08-03T00:06:55.754171,daily,C,Inferred from SHFE-LME premium sign
2026-04-08,term_structure,backwardation,label,derived,,2026-08-03T00:06:55.754172,daily,C,Inferred from SHFE-LME premium sign
2026-04-09,term_structure,backwardation,label,derived,,2026-08-03T00:06:55.754173,daily,C,Inferred from SHFE-LME premium sign
2026-04-10,term_structure,backwardation,label,derived,,2026-08-03T00:06:55.754174,daily,C,Inferred from SHFE-LME premium sign
2026-04-13,term_structure,backwardation,label,derived,,2026-08-03T00:06:55.754176,daily,C,Inferred from SHFE-LME premium sign
2026-04-14,term_structure,backwardation,label,derived,,2026-08-03T00:06:55.754177,daily,C,Inferred from SHFE-LME premium sign
2026-04-15,term_structure,backwardation,label,derived,,2026-08-03T00:06:55.754178,daily,C,Inferred from SHFE-LME premium sign
2026-04-16,term_structure,backwardation,label,derived,,2026-08-03T00:06:55.754180,daily,C,Inferred from SHFE-LME premium sign
2026-04-17,term_structure,backwardation,label,derived,,2026-08-03T00:06:55.754181,daily,C,Inferred from SHFE-LME premium sign
2026-04-20,term_structure,backwardation,label,derived,,2026-08-03T00:06:55.754182,daily,C,Inferred from SHFE-LME premium sign
2026-04-21,term_structure,backwardation,label,derived,,2026-08-03T00:06:55.754183,daily,C,Inferred from SHFE-LME premium sign
2026-04-22,term_structure,backwardation,label,derived,,2026-08-03T00:06:55.754185,daily,C,Inferred from SHFE-LME premium sign
2026-04-23,term_structure,backwardation,label,derived,,2026-08-03T00:06:55.754186,daily,C,Inferred from SHFE-LME premium sign
2026-04-24,term_structure,backwardation,label,derived,,2026-08-03T00:06:55.754187,daily,C,Inferred from SHFE-LME premium sign
2026-04-27,term_structure,backwardation,label,derived,,2026-08-03T00:06:55.754188,daily,C,Inferred from SHFE-LME premium sign
2026-04-28,term_structure,backwardation,label,derived,,2026-08-03T00:06:55.754190,daily,C,Inferred from SHFE-LME premium sign
2026-04-29,term_structure,backwardation,label,derived,,2026-08-03T00:06:55.754191,daily,C,Inferred from SHFE-LME premium sign
2026-04-30,term_structure,backwardation,label,derived,,2026-08-03T00:06:55.754192,daily,C,Inferred from SHFE-LME premium sign
2026-05-06,term_structure,backwardation,label,derived,,2026-08-03T00:06:55.754193,daily,C,Inferred from SHFE-LME premium sign
2026-05-07,term_structure,backwardation,label,derived,,2026-08-03T00:06:55.754194,daily,C,Inferred from SHFE-LME premium sign
2026-05-08,term_structure,backwardation,label,derived,,2026-08-03T00:06:55.754196,daily,C,Inferred from SHFE-LME premium sign
2026-05-11,term_structure,backwardation,label,derived,,2026-08-03T00:06:55.754197,daily,C,Inferred from SHFE-LME premium sign
2026-05-12,term_structure,backwardation,label,derived,,2026-08-03T00:06:55.754198,daily,C,Inferred from SHFE-LME premium sign
2026-05-13,term_structure,backwardation,label,derived,,2026-08-03T00:06:55.754199,daily,C,Inferred from SHFE-LME premium sign
2026-05-14,term_structure,backwardation,label,derived,,2026-08-03T00:06:55.754200,daily,C,Inferred from SHFE-LME premium sign
2026-05-15,term_structure,backwardation,label,derived,,2026-08-03T00:06:55.754201,daily,C,Inferred from SHFE-LME premium sign
2026-05-18,term_structure,backwardation,label,derived,,2026-08-03T00:06:55.754203,daily,C,Inferred from SHFE-LME premium sign
2026-05-19,term_structure,backwardation,label,derived,,2026-08-03T00:06:55.754204,daily,C,Inferred from SHFE-LME premium sign
2026-05-20,term_structure,backwardation,label,derived,,2026-08-03T00:06:55.754205,daily,C,Inferred from SHFE-LME premium sign
2026-05-21,term_structure,backwardation,label,derived,,2026-08-03T00:06:55.754206,daily,C,Inferred from SHFE-LME premium sign
2026-05-22,term_structure,backwardation,label,derived,,2026-08-03T00:06:55.754207,daily,C,Inferred from SHFE-LME premium sign
2026-05-25,term_structure,backwardation,label,derived,,2026-08-03T00:06:55.754209,daily,C,Inferred from SHFE-LME premium sign
2026-05-26,term_structure,backwardation,label,derived,,2026-08-03T00:06:55.754210,daily,C,Inferred from SHFE-LME premium sign
2026-05-27,term_structure,backwardation,label,derived,,2026-08-03T00:06:55.754211,daily,C,Inferred from SHFE-LME premium sign
2026-05-28,term_structure,backwardation,label,derived,,2026-08-03T00:06:55.754212,daily,C,Inferred from SHFE-LME premium sign
2026-05-29,term_structure,backwardation,label,derived,,2026-08-03T00:06:55.754214,daily,C,Inferred from SHFE-LME premium sign
2026-06-01,term_structure,backwardation,label,derived,,2026-08-03T00:06:55.754215,daily,C,Inferred from SHFE-LME premium sign
2026-06-02,term_structure,backwardation,label,derived,,2026-08-03T00:06:55.754216,daily,C,Inferred from SHFE-LME premium sign
2026-06-03,term_structure,backwardation,label,derived,,2026-08-03T00:06:55.754218,daily,C,Inferred from SHFE-LME premium sign
2026-06-04,term_structure,backwardation,label,derived,,2026-08-03T00:06:55.754219,daily,C,Inferred from SHFE-LME premium sign
2026-06-05,term_structure,backwardation,label,derived,,2026-08-03T00:06:55.754220,daily,C,Inferred from SHFE-LME premium sign
2026-06-08,term_structure,backwardation,label,derived,,2026-08-03T00:06:55.754221,daily,C,Inferred from SHFE-LME premium sign
2026-06-09,term_structure,backwardation,label,derived,,2026-08-03T00:06:55.754222,daily,C,Inferred from SHFE-LME premium sign
2026-06-10,term_structure,backwardation,label,derived,,2026-08-03T00:06:55.754224,daily,C,Inferred from SHFE-LME premium sign
2026-06-11,term_structure,backwardation,label,derived,,2026-08-03T00:06:55.754225,daily,C,Inferred from SHFE-LME premium sign
2026-06-12,term_structure,backwardation,label,derived,,2026-08-03T00:06:55.754226,daily,C,Inferred from SHFE-LME premium sign
2026-06-15,term_structure,backwardation,label,derived,,2026-08-03T00:06:55.754227,daily,C,Inferred from SHFE-LME premium sign
2026-06-16,term_structure,backwardation,label,derived,,2026-08-03T00:06:55.754229,daily,C,Inferred from SHFE-LME premium sign
2026-06-17,term_structure,backwardation,label,derived,,2026-08-03T00:06:55.754230,daily,C,Inferred from SHFE-LME premium sign
2026-06-18,term_structure,backwardation,label,derived,,2026-08-03T00:06:55.754231,daily,C,Inferred from SHFE-LME premium sign
2026-06-22,term_structure,backwardation,label,derived,,2026-08-03T00:06:55.754232,daily,C,Inferred from SHFE-LME premium sign
2026-06-23,term_structure,backwardation,label,derived,,2026-08-03T00:06:55.754234,daily,C,Inferred from SHFE-LME premium sign
2026-06-24,term_structure,backwardation,label,derived,,2026-08-03T00:06:55.754235,daily,C,Inferred from SHFE-LME premium sign
2026-06-25,term_structure,backwardation,label,derived,,2026-08-03T00:06:55.754236,daily,C,Inferred from SHFE-LME premium sign
2026-06-26,term_structure,backwardation,label,derived,,2026-08-03T00:06:55.754237,daily,C,Inferred from SHFE-LME premium sign
2026-06-29,term_structure,backwardation,label,derived,,2026-08-03T00:06:55.754238,daily,C,Inferred from SHFE-LME premium sign
2026-06-30,term_structure,backwardation,label,derived,,2026-08-03T00:06:55.754240,daily,C,Inferred from SHFE-LME premium sign
2026-07-01,term_structure,backwardation,label,derived,,2026-08-03T00:06:55.754241,daily,C,Inferred from SHFE-LME premium sign
2026-07-02,term_structure,backwardation,label,derived,,2026-08-03T00:06:55.754242,daily,C,Inferred from SHFE-LME premium sign
2026-07-03,term_structure,backwardation,label,derived,,2026-08-03T00:06:55.754243,daily,C,Inferred from SHFE-LME premium sign
2026-07-06,term_structure,backwardation,label,derived,,2026-08-03T00:06:55.754244,daily,C,Inferred from SHFE-LME premium sign
2026-07-07,term_structure,backwardation,label,derived,,2026-08-03T00:06:55.754245,daily,C,Inferred from SHFE-LME premium sign
2026-07-08,term_structure,backwardation,label,derived,,2026-08-03T00:06:55.754247,daily,C,Inferred from SHFE-LME premium sign
2026-07-09,term_structure,backwardation,label,derived,,2026-08-03T00:06:55.754248,daily,C,Inferred from SHFE-LME premium sign
2026-07-10,term_structure,backwardation,label,derived,,2026-08-03T00:06:55.754249,daily,C,Inferred from SHFE-LME premium sign
2026-07-13,term_structure,backwardation,label,derived,,2026-08-03T00:06:55.754250,daily,C,Inferred from SHFE-LME premium sign
2026-07-14,term_structure,backwardation,label,derived,,2026-08-03T00:06:55.754251,daily,C,Inferred from SHFE-LME premium sign
2026-07-15,term_structure,backwardation,label,derived,,2026-08-03T00:06:55.754253,daily,C,Inferred from SHFE-LME premium sign
2026-07-16,term_structure,backwardation,label,derived,,2026-08-03T00:06:55.754254,daily,C,Inferred from SHFE-LME premium sign
2026-07-17,term_structure,backwardation,label,derived,,2026-08-03T00:06:55.754255,daily,C,Inferred from SHFE-LME premium sign
2026-07-20,term_structure,backwardation,label,derived,,2026-08-03T00:06:55.754256,daily,C,Inferred from SHFE-LME premium sign
2026-07-21,term_structure,backwardation,label,derived,,2026-08-03T00:06:55.754257,daily,C,Inferred from SHFE-LME premium sign
2026-07-22,term_structure,backwardation,label,derived,,2026-08-03T00:06:55.754259,daily,C,Inferred from SHFE-LME premium sign
2026-07-23,term_structure,backwardation,label,derived,,2026-08-03T00:06:55.754260,daily,C,Inferred from SHFE-LME premium sign
2026-07-24,term_structure,backwardation,label,derived,,2026-08-03T00:06:55.754261,daily,C,Inferred from SHFE-LME premium sign
2026-07-27,term_structure,backwardation,label,derived,,2026-08-03T00:06:55.754262,daily,C,Inferred from SHFE-LME premium sign
2026-07-28,term_structure,backwardation,label,derived,,2026-08-03T00:06:55.754263,daily,C,Inferred from SHFE-LME premium sign
2026-07-29,term_structure,backwardation,label,derived,,2026-08-03T00:06:55.754265,daily,C,Inferred from SHFE-LME premium sign
2026-07-30,term_structure,backwardation,label,derived,,2026-08-03T00:06:55.754266,daily,C,Inferred from SHFE-LME premium sign
2026-07-31,term_structure,backwardation,label,derived,,2026-08-03T00:06:55.754267,daily,C,Inferred from SHFE-LME premium sign
2026-06-29,transformer_tender_value,40.0,CNY_100m,国家电网,,2026-08-03T00:06:55.756954,batch,C,变压器类招标金额约40亿元; from data/raw/grid_indicators_2026.csv
2026-06-30,uhv_approved_projects,400.0,CNY_100m,发改委,,2026-08-03T00:06:55.756961,semiannual,B,特高压项目核准金额上半年下限; source value >400; from data/raw/grid_indicators_2026.csv
2025-05-27,us_10y_real_rate,2.11,pct,FRED,https://fred.stlouisfed.org/series/DFII10,2026-07-01T10:02:51.371450,daily,A,
2025-05-28,us_10y_real_rate,2.15,pct,FRED,https://fred.stlouisfed.org/series/DFII10,2026-07-02T02:41:03.063570,daily,A,
2025-05-29,us_10y_real_rate,2.11,pct,FRED,https://fred.stlouisfed.org/series/DFII10,2026-07-03T00:04:40.190302,daily,A,
2025-05-30,us_10y_real_rate,2.07,pct,FRED,https://fred.stlouisfed.org/series/DFII10,2026-07-04T00:03:16.767723,daily,A,
2025-06-02,us_10y_real_rate,2.13,pct,FRED,https://fred.stlouisfed.org/series/DFII10,2026-07-07T00:04:29.493408,daily,A,
2025-06-03,us_10y_real_rate,2.14,pct,FRED,https://fred.stlouisfed.org/series/DFII10,2026-07-08T00:01:44.370179,daily,A,
2025-06-04,us_10y_real_rate,2.06,pct,FRED,https://fred.stlouisfed.org/series/DFII10,2026-07-09T00:03:20.074760,daily,A,
2025-06-05,us_10y_real_rate,2.11,pct,FRED,https://fred.stlouisfed.org/series/DFII10,2026-07-10T00:03:03.244897,daily,A,
2025-06-06,us_10y_real_rate,2.2,pct,FRED,https://fred.stlouisfed.org/series/DFII10,2026-07-11T00:04:27.223498,daily,A,
2025-06-09,us_10y_real_rate,2.18,pct,FRED,https://fred.stlouisfed.org/series/DFII10,2026-07-14T00:02:10.331703,daily,A,
2025-06-10,us_10y_real_rate,2.18,pct,FRED,https://fred.stlouisfed.org/series/DFII10,2026-07-15T00:04:38.527259,daily,A,
2025-06-11,us_10y_real_rate,2.14,pct,FRED,https://fred.stlouisfed.org/series/DFII10,2026-07-16T00:02:40.327211,daily,A,
2025-06-12,us_10y_real_rate,2.11,pct,FRED,https://fred.stlouisfed.org/series/DFII10,2026-07-17T09:02:10.092863,daily,A,
2025-06-13,us_10y_real_rate,2.13,pct,FRED,https://fred.stlouisfed.org/series/DFII10,2026-07-18T00:02:29.478578,daily,A,
2025-06-16,us_10y_real_rate,2.16,pct,FRED,https://fred.stlouisfed.org/series/DFII10,2026-07-21T00:03:57.170768,daily,A,
2025-06-17,us_10y_real_rate,2.08,pct,FRED,https://fred.stlouisfed.org/series/DFII10,2026-07-22T00:04:26.909383,daily,A,
2025-06-18,us_10y_real_rate,2.07,pct,FRED,https://fred.stlouisfed.org/series/DFII10,2026-07-23T00:06:24.794562,daily,A,
2025-06-20,us_10y_real_rate,2.05,pct,FRED,https://fred.stlouisfed.org/series/DFII10,2026-07-25T00:02:21.115005,daily,A,
2025-06-23,us_10y_real_rate,2.04,pct,FRED,https://fred.stlouisfed.org/series/DFII10,2026-07-28T00:02:24.637624,daily,A,
2025-06-24,us_10y_real_rate,2.01,pct,FRED,https://fred.stlouisfed.org/series/DFII10,2026-07-29T00:03:49.546931,daily,A,
2025-06-25,us_10y_real_rate,2.01,pct,FRED,https://fred.stlouisfed.org/series/DFII10,2026-07-30T00:05:14.956433,daily,A,
2025-06-26,us_10y_real_rate,1.98,pct,FRED,https://fred.stlouisfed.org/series/DFII10,2026-07-31T00:04:44.974228,daily,A,
2025-06-27,us_10y_real_rate,2.0,pct,FRED,https://fred.stlouisfed.org/series/DFII10,2026-08-01T00:06:39.257648,daily,A,
2025-06-30,us_10y_real_rate,1.95,pct,FRED,https://fred.stlouisfed.org/series/DFII10,2026-08-03T00:06:27.759265,daily,A,
2025-07-01,us_10y_real_rate,1.97,pct,FRED,https://fred.stlouisfed.org/series/DFII10,2026-08-03T00:06:27.759318,daily,A,
2025-07-02,us_10y_real_rate,2.0,pct,FRED,https://fred.stlouisfed.org/series/DFII10,2026-08-03T00:06:27.759363,daily,A,
2025-07-03,us_10y_real_rate,2.02,pct,FRED,https://fred.stlouisfed.org/series/DFII10,2026-08-03T00:06:27.759407,daily,A,
2025-07-07,us_10y_real_rate,2.05,pct,FRED,https://fred.stlouisfed.org/series/DFII10,2026-08-03T00:06:27.759450,daily,A,
2025-07-08,us_10y_real_rate,2.07,pct,FRED,https://fred.stlouisfed.org/series/DFII10,2026-08-03T00:06:27.759494,daily,A,
2025-07-09,us_10y_real_rate,2.01,pct,FRED,https://fred.stlouisfed.org/series/DFII10,2026-08-03T00:06:27.759537,daily,A,
2025-07-10,us_10y_real_rate,2.01,pct,FRED,https://fred.stlouisfed.org/series/DFII10,2026-08-03T00:06:27.759580,daily,A,
2025-07-11,us_10y_real_rate,2.06,pct,FRED,https://fred.stlouisfed.org/series/DFII10,2026-08-03T00:06:27.759623,daily,A,
2025-07-14,us_10y_real_rate,2.04,pct,FRED,https://fred.stlouisfed.org/series/DFII10,2026-08-03T00:06:27.759674,daily,A,
2025-07-15,us_10y_real_rate,2.09,pct,FRED,https://fred.stlouisfed.org/series/DFII10,2026-08-03T00:06:27.759717,daily,A,
2025-07-16,us_10y_real_rate,2.05,pct,FRED,https://fred.stlouisfed.org/series/DFII10,2026-08-03T00:06:27.759760,daily,A,
2025-07-17,us_10y_real_rate,2.04,pct,FRED,https://fred.stlouisfed.org/series/DFII10,2026-08-03T00:06:27.759803,daily,A,
2025-07-18,us_10y_real_rate,2.03,pct,FRED,https://fred.stlouisfed.org/series/DFII10,2026-08-03T00:06:27.759845,daily,A,
2025-07-21,us_10y_real_rate,1.98,pct,FRED,https://fred.stlouisfed.org/series/DFII10,2026-08-03T00:06:27.759888,daily,A,
2025-07-22,us_10y_real_rate,1.96,pct,FRED,https://fred.stlouisfed.org/series/DFII10,2026-08-03T00:06:27.759931,daily,A,
2025-07-23,us_10y_real_rate,2.03,pct,FRED,https://fred.stlouisfed.org/series/DFII10,2026-08-03T00:06:27.759973,daily,A,
2025-07-24,us_10y_real_rate,1.98,pct,FRED,https://fred.stlouisfed.org/series/DFII10,2026-08-03T00:06:27.760016,daily,A,
2025-07-25,us_10y_real_rate,1.96,pct,FRED,https://fred.stlouisfed.org/series/DFII10,2026-08-03T00:06:27.760058,daily,A,
2025-07-28,us_10y_real_rate,1.98,pct,FRED,https://fred.stlouisfed.org/series/DFII10,2026-08-03T00:06:27.760100,daily,A,
2025-07-29,us_10y_real_rate,1.91,pct,FRED,https://fred.stlouisfed.org/series/DFII10,2026-08-03T00:06:27.760143,daily,A,
2025-07-30,us_10y_real_rate,1.96,pct,FRED,https://fred.stlouisfed.org/series/DFII10,2026-08-03T00:06:27.760186,daily,A,
2025-07-31,us_10y_real_rate,1.98,pct,FRED,https://fred.stlouisfed.org/series/DFII10,2026-08-03T00:06:27.760229,daily,A,
2025-08-01,us_10y_real_rate,1.9,pct,FRED,https://fred.stlouisfed.org/series/DFII10,2026-08-03T00:06:27.760271,daily,A,
2025-08-04,us_10y_real_rate,1.85,pct,FRED,https://fred.stlouisfed.org/series/DFII10,2026-08-03T00:06:27.760314,daily,A,
2025-08-05,us_10y_real_rate,1.86,pct,FRED,https://fred.stlouisfed.org/series/DFII10,2026-08-03T00:06:27.760357,daily,A,
2025-08-06,us_10y_real_rate,1.88,pct,FRED,https://fred.stlouisfed.org/series/DFII10,2026-08-03T00:06:27.760400,daily,A,
2025-08-07,us_10y_real_rate,1.88,pct,FRED,https://fred.stlouisfed.org/series/DFII10,2026-08-03T00:06:27.760443,daily,A,
2025-08-08,us_10y_real_rate,1.88,pct,FRED,https://fred.stlouisfed.org/series/DFII10,2026-08-03T00:06:27.760486,daily,A,
2025-08-11,us_10y_real_rate,1.87,pct,FRED,https://fred.stlouisfed.org/series/DFII10,2026-08-03T00:06:27.760542,daily,A,
2025-08-12,us_10y_real_rate,1.91,pct,FRED,https://fred.stlouisfed.org/series/DFII10,2026-08-03T00:06:27.760587,daily,A,
2025-08-13,us_10y_real_rate,1.87,pct,FRED,https://fred.stlouisfed.org/series/DFII10,2026-08-03T00:06:27.760631,daily,A,
2025-08-14,us_10y_real_rate,1.9,pct,FRED,https://fred.stlouisfed.org/series/DFII10,2026-08-03T00:06:27.760681,daily,A,
2025-08-15,us_10y_real_rate,1.95,pct,FRED,https://fred.stlouisfed.org/series/DFII10,2026-08-03T00:06:27.760726,daily,A,
2025-08-18,us_10y_real_rate,1.96,pct,FRED,https://fred.stlouisfed.org/series/DFII10,2026-08-03T00:06:27.760768,daily,A,
2025-08-19,us_10y_real_rate,1.95,pct,FRED,https://fred.stlouisfed.org/series/DFII10,2026-08-03T00:06:27.760811,daily,A,
2025-08-20,us_10y_real_rate,1.94,pct,FRED,https://fred.stlouisfed.org/series/DFII10,2026-08-03T00:06:27.760853,daily,A,
2025-08-21,us_10y_real_rate,1.94,pct,FRED,https://fred.stlouisfed.org/series/DFII10,2026-08-03T00:06:27.760895,daily,A,
2025-08-22,us_10y_real_rate,1.85,pct,FRED,https://fred.stlouisfed.org/series/DFII10,2026-08-03T00:06:27.760938,daily,A,
2025-08-25,us_10y_real_rate,1.87,pct,FRED,https://fred.stlouisfed.org/series/DFII10,2026-08-03T00:06:27.760980,daily,A,
2025-08-26,us_10y_real_rate,1.84,pct,FRED,https://fred.stlouisfed.org/series/DFII10,2026-08-03T00:06:27.761036,daily,A,
2025-08-27,us_10y_real_rate,1.81,pct,FRED,https://fred.stlouisfed.org/series/DFII10,2026-08-03T00:06:27.761116,daily,A,
2025-08-28,us_10y_real_rate,1.81,pct,FRED,https://fred.stlouisfed.org/series/DFII10,2026-08-03T00:06:27.761191,daily,A,
2025-08-29,us_10y_real_rate,1.82,pct,FRED,https://fred.stlouisfed.org/series/DFII10,2026-08-03T00:06:27.761261,daily,A,
2025-09-02,us_10y_real_rate,1.87,pct,FRED,https://fred.stlouisfed.org/series/DFII10,2026-08-03T00:06:27.761333,daily,A,
2025-09-03,us_10y_real_rate,1.82,pct,FRED,https://fred.stlouisfed.org/series/DFII10,2026-08-03T00:06:27.761403,daily,A,
2025-09-04,us_10y_real_rate,1.79,pct,FRED,https://fred.stlouisfed.org/series/DFII10,2026-08-03T00:06:27.761470,daily,A,
2025-09-05,us_10y_real_rate,1.73,pct,FRED,https://fred.stlouisfed.org/series/DFII10,2026-08-03T00:06:27.761538,daily,A,
2025-09-08,us_10y_real_rate,1.7,pct,FRED,https://fred.stlouisfed.org/series/DFII10,2026-08-03T00:06:27.761606,daily,A,
2025-09-09,us_10y_real_rate,1.72,pct,FRED,https://fred.stlouisfed.org/series/DFII10,2026-08-03T00:06:27.761685,daily,A,
2025-09-10,us_10y_real_rate,1.69,pct,FRED,https://fred.stlouisfed.org/series/DFII10,2026-08-03T00:06:27.761757,daily,A,
2025-09-11,us_10y_real_rate,1.67,pct,FRED,https://fred.stlouisfed.org/series/DFII10,2026-08-03T00:06:27.761826,daily,A,
2025-09-12,us_10y_real_rate,1.7,pct,FRED,https://fred.stlouisfed.org/series/DFII10,2026-08-03T00:06:27.761894,daily,A,
2025-09-15,us_10y_real_rate,1.68,pct,FRED,https://fred.stlouisfed.org/series/DFII10,2026-08-03T00:06:27.761962,daily,A,
2025-09-16,us_10y_real_rate,1.67,pct,FRED,https://fred.stlouisfed.org/series/DFII10,2026-08-03T00:06:27.762031,daily,A,
2025-09-17,us_10y_real_rate,1.68,pct,FRED,https://fred.stlouisfed.org/series/DFII10,2026-08-03T00:06:27.762099,daily,A,
2025-09-18,us_10y_real_rate,1.73,pct,FRED,https://fred.stlouisfed.org/series/DFII10,2026-08-03T00:06:27.762163,daily,A,
2025-09-19,us_10y_real_rate,1.75,pct,FRED,https://fred.stlouisfed.org/series/DFII10,2026-08-03T00:06:27.762211,daily,A,
2025-09-22,us_10y_real_rate,1.78,pct,FRED,https://fred.stlouisfed.org/series/DFII10,2026-08-03T00:06:27.762279,daily,A,
2025-09-23,us_10y_real_rate,1.75,pct,FRED,https://fred.stlouisfed.org/series/DFII10,2026-08-03T00:06:27.762353,daily,A,
2025-09-24,us_10y_real_rate,1.78,pct,FRED,https://fred.stlouisfed.org/series/DFII10,2026-08-03T00:06:27.762427,daily,A,
2025-09-25,us_10y_real_rate,1.8,pct,FRED,https://fred.stlouisfed.org/series/DFII10,2026-08-03T00:06:27.762486,daily,A,
2025-09-26,us_10y_real_rate,1.82,pct,FRED,https://fred.stlouisfed.org/series/DFII10,2026-08-03T00:06:27.762529,daily,A,
2025-09-29,us_10y_real_rate,1.8,pct,FRED,https://fred.stlouisfed.org/series/DFII10,2026-08-03T00:06:27.762571,daily,A,
2025-09-30,us_10y_real_rate,1.8,pct,FRED,https://fred.stlouisfed.org/series/DFII10,2026-08-03T00:06:27.762613,daily,A,
2025-10-01,us_10y_real_rate,1.77,pct,FRED,https://fred.stlouisfed.org/series/DFII10,2026-08-03T00:06:27.762665,daily,A,
2025-10-02,us_10y_real_rate,1.76,pct,FRED,https://fred.stlouisfed.org/series/DFII10,2026-08-03T00:06:27.762711,daily,A,
2025-10-03,us_10y_real_rate,1.8,pct,FRED,https://fred.stlouisfed.org/series/DFII10,2026-08-03T00:06:27.762752,daily,A,
2025-10-06,us_10y_real_rate,1.84,pct,FRED,https://fred.stlouisfed.org/series/DFII10,2026-08-03T00:06:27.762793,daily,A,
2025-10-07,us_10y_real_rate,1.79,pct,FRED,https://fred.stlouisfed.org/series/DFII10,2026-08-03T00:06:27.762834,daily,A,
2025-10-08,us_10y_real_rate,1.78,pct,FRED,https://fred.stlouisfed.org/series/DFII10,2026-08-03T00:06:27.762876,daily,A,
2025-10-09,us_10y_real_rate,1.8,pct,FRED,https://fred.stlouisfed.org/series/DFII10,2026-08-03T00:06:27.762917,daily,A,
2025-10-10,us_10y_real_rate,1.75,pct,FRED,https://fred.stlouisfed.org/series/DFII10,2026-08-03T00:06:27.762958,daily,A,
2025-10-14,us_10y_real_rate,1.73,pct,FRED,https://fred.stlouisfed.org/series/DFII10,2026-08-03T00:06:27.762999,daily,A,
2025-10-15,us_10y_real_rate,1.76,pct,FRED,https://fred.stlouisfed.org/series/DFII10,2026-08-03T00:06:27.763040,daily,A,
2025-10-16,us_10y_real_rate,1.71,pct,FRED,https://fred.stlouisfed.org/series/DFII10,2026-08-03T00:06:27.763099,daily,A,
2025-10-17,us_10y_real_rate,1.75,pct,FRED,https://fred.stlouisfed.org/series/DFII10,2026-08-03T00:06:27.763142,daily,A,
2025-10-20,us_10y_real_rate,1.74,pct,FRED,https://fred.stlouisfed.org/series/DFII10,2026-08-03T00:06:27.763186,daily,A,
2025-10-21,us_10y_real_rate,1.7,pct,FRED,https://fred.stlouisfed.org/series/DFII10,2026-08-03T00:06:27.763228,daily,A,
2025-10-22,us_10y_real_rate,1.68,pct,FRED,https://fred.stlouisfed.org/series/DFII10,2026-08-03T00:06:27.763270,daily,A,
2025-10-23,us_10y_real_rate,1.71,pct,FRED,https://fred.stlouisfed.org/series/DFII10,2026-08-03T00:06:27.763313,daily,A,
2025-10-24,us_10y_real_rate,1.73,pct,FRED,https://fred.stlouisfed.org/series/DFII10,2026-08-03T00:06:27.763355,daily,A,
2025-10-27,us_10y_real_rate,1.73,pct,FRED,https://fred.stlouisfed.org/series/DFII10,2026-08-03T00:06:27.763397,daily,A,
2025-10-28,us_10y_real_rate,1.71,pct,FRED,https://fred.stlouisfed.org/series/DFII10,2026-08-03T00:06:27.763440,daily,A,
2025-10-29,us_10y_real_rate,1.78,pct,FRED,https://fred.stlouisfed.org/series/DFII10,2026-08-03T00:06:27.763483,daily,A,
2025-10-30,us_10y_real_rate,1.82,pct,FRED,https://fred.stlouisfed.org/series/DFII10,2026-08-03T00:06:27.763525,daily,A,
2025-10-31,us_10y_real_rate,1.81,pct,FRED,https://fred.stlouisfed.org/series/DFII10,2026-08-03T00:06:27.763567,daily,A,
2025-11-03,us_10y_real_rate,1.82,pct,FRED,https://fred.stlouisfed.org/series/DFII10,2026-08-03T00:06:27.763610,daily,A,
2025-11-04,us_10y_real_rate,1.81,pct,FRED,https://fred.stlouisfed.org/series/DFII10,2026-08-03T00:06:27.763669,daily,A,
2025-11-05,us_10y_real_rate,1.87,pct,FRED,https://fred.stlouisfed.org/series/DFII10,2026-08-03T00:06:27.763739,daily,A,
2025-11-06,us_10y_real_rate,1.83,pct,FRED,https://fred.stlouisfed.org/series/DFII10,2026-08-03T00:06:27.763788,daily,A,
2025-11-07,us_10y_real_rate,1.83,pct,FRED,https://fred.stlouisfed.org/series/DFII10,2026-08-03T00:06:27.763844,daily,A,
2025-11-10,us_10y_real_rate,1.84,pct,FRED,https://fred.stlouisfed.org/series/DFII10,2026-08-03T00:06:27.763886,daily,A,
2025-11-12,us_10y_real_rate,1.81,pct,FRED,https://fred.stlouisfed.org/series/DFII10,2026-08-03T00:06:27.763946,daily,A,
2025-11-13,us_10y_real_rate,1.83,pct,FRED,https://fred.stlouisfed.org/series/DFII10,2026-08-03T00:06:27.763989,daily,A,
2025-11-14,us_10y_real_rate,1.86,pct,FRED,https://fred.stlouisfed.org/series/DFII10,2026-08-03T00:06:27.764031,daily,A,
2025-11-17,us_10y_real_rate,1.85,pct,FRED,https://fred.stlouisfed.org/series/DFII10,2026-08-03T00:06:27.764074,daily,A,
2025-11-18,us_10y_real_rate,1.85,pct,FRED,https://fred.stlouisfed.org/series/DFII10,2026-08-03T00:06:27.764116,daily,A,
2025-11-19,us_10y_real_rate,1.86,pct,FRED,https://fred.stlouisfed.org/series/DFII10,2026-08-03T00:06:27.764158,daily,A,
2025-11-20,us_10y_real_rate,1.86,pct,FRED,https://fred.stlouisfed.org/series/DFII10,2026-08-03T00:06:27.764201,daily,A,
2025-11-21,us_10y_real_rate,1.82,pct,FRED,https://fred.stlouisfed.org/series/DFII10,2026-08-03T00:06:27.764243,daily,A,
2025-11-24,us_10y_real_rate,1.81,pct,FRED,https://fred.stlouisfed.org/series/DFII10,2026-08-03T00:06:27.764286,daily,A,
2025-11-25,us_10y_real_rate,1.79,pct,FRED,https://fred.stlouisfed.org/series/DFII10,2026-08-03T00:06:27.764328,daily,A,
2025-11-26,us_10y_real_rate,1.77,pct,FRED,https://fred.stlouisfed.org/series/DFII10,2026-08-03T00:06:27.764370,daily,A,
2025-11-28,us_10y_real_rate,1.79,pct,FRED,https://fred.stlouisfed.org/series/DFII10,2026-08-03T00:06:27.764413,daily,A,
2025-12-01,us_10y_real_rate,1.85,pct,FRED,https://fred.stlouisfed.org/series/DFII10,2026-08-03T00:06:27.764455,daily,A,
2025-12-02,us_10y_real_rate,1.85,pct,FRED,https://fred.stlouisfed.org/series/DFII10,2026-08-03T00:06:27.764497,daily,A,
2025-12-03,us_10y_real_rate,1.82,pct,FRED,https://fred.stlouisfed.org/series/DFII10,2026-08-03T00:06:27.764561,daily,A,
2025-12-04,us_10y_real_rate,1.85,pct,FRED,https://fred.stlouisfed.org/series/DFII10,2026-08-03T00:06:27.764609,daily,A,
2025-12-05,us_10y_real_rate,1.88,pct,FRED,https://fred.stlouisfed.org/series/DFII10,2026-08-03T00:06:27.764653,daily,A,
2025-12-08,us_10y_real_rate,1.91,pct,FRED,https://fred.stlouisfed.org/series/DFII10,2026-08-03T00:06:27.764705,daily,A,
2025-12-09,us_10y_real_rate,1.92,pct,FRED,https://fred.stlouisfed.org/series/DFII10,2026-08-03T00:06:27.764750,daily,A,
2025-12-10,us_10y_real_rate,1.88,pct,FRED,https://fred.stlouisfed.org/series/DFII10,2026-08-03T00:06:27.764793,daily,A,
2025-12-11,us_10y_real_rate,1.89,pct,FRED,https://fred.stlouisfed.org/series/DFII10,2026-08-03T00:06:27.764836,daily,A,
2025-12-12,us_10y_real_rate,1.93,pct,FRED,https://fred.stlouisfed.org/series/DFII10,2026-08-03T00:06:27.764878,daily,A,
2025-12-15,us_10y_real_rate,1.93,pct,FRED,https://fred.stlouisfed.org/series/DFII10,2026-08-03T00:06:27.764921,daily,A,
2025-12-16,us_10y_real_rate,1.92,pct,FRED,https://fred.stlouisfed.org/series/DFII10,2026-08-03T00:06:27.764963,daily,A,
2025-12-17,us_10y_real_rate,1.92,pct,FRED,https://fred.stlouisfed.org/series/DFII10,2026-08-03T00:06:27.765005,daily,A,
2025-12-18,us_10y_real_rate,1.88,pct,FRED,https://fred.stlouisfed.org/series/DFII10,2026-08-03T00:06:27.765048,daily,A,
2025-12-19,us_10y_real_rate,1.92,pct,FRED,https://fred.stlouisfed.org/series/DFII10,2026-08-03T00:06:27.765090,daily,A,
2025-12-22,us_10y_real_rate,1.94,pct,FRED,https://fred.stlouisfed.org/series/DFII10,2026-08-03T00:06:27.765132,daily,A,
2025-12-23,us_10y_real_rate,1.94,pct,FRED,https://fred.stlouisfed.org/series/DFII10,2026-08-03T00:06:27.765174,daily,A,
2025-12-24,us_10y_real_rate,1.91,pct,FRED,https://fred.stlouisfed.org/series/DFII10,2026-08-03T00:06:27.765217,daily,A,
2025-12-26,us_10y_real_rate,1.91,pct,FRED,https://fred.stlouisfed.org/series/DFII10,2026-08-03T00:06:27.765259,daily,A,
2025-12-29,us_10y_real_rate,1.9,pct,FRED,https://fred.stlouisfed.org/series/DFII10,2026-08-03T00:06:27.765302,daily,A,
2025-12-30,us_10y_real_rate,1.9,pct,FRED,https://fred.stlouisfed.org/series/DFII10,2026-08-03T00:06:27.765344,daily,A,
2025-12-31,us_10y_real_rate,1.93,pct,FRED,https://fred.stlouisfed.org/series/DFII10,2026-08-03T00:06:27.765387,daily,A,
2026-01-02,us_10y_real_rate,1.94,pct,FRED,https://fred.stlouisfed.org/series/DFII10,2026-08-03T00:06:27.765429,daily,A,
2026-01-05,us_10y_real_rate,1.91,pct,FRED,https://fred.stlouisfed.org/series/DFII10,2026-08-03T00:06:27.765471,daily,A,
2026-01-06,us_10y_real_rate,1.91,pct,FRED,https://fred.stlouisfed.org/series/DFII10,2026-08-03T00:06:27.765516,daily,A,
2026-01-07,us_10y_real_rate,1.88,pct,FRED,https://fred.stlouisfed.org/series/DFII10,2026-08-03T00:06:27.765559,daily,A,
2026-01-08,us_10y_real_rate,1.92,pct,FRED,https://fred.stlouisfed.org/series/DFII10,2026-08-03T00:06:27.765600,daily,A,
2026-01-09,us_10y_real_rate,1.9,pct,FRED,https://fred.stlouisfed.org/series/DFII10,2026-08-03T00:06:27.765643,daily,A,
2026-01-12,us_10y_real_rate,1.9,pct,FRED,https://fred.stlouisfed.org/series/DFII10,2026-08-03T00:06:27.765694,daily,A,
2026-01-13,us_10y_real_rate,1.88,pct,FRED,https://fred.stlouisfed.org/series/DFII10,2026-08-03T00:06:27.765737,daily,A,
2026-01-14,us_10y_real_rate,1.86,pct,FRED,https://fred.stlouisfed.org/series/DFII10,2026-08-03T00:06:27.765779,daily,A,
2026-01-15,us_10y_real_rate,1.88,pct,FRED,https://fred.stlouisfed.org/series/DFII10,2026-08-03T00:06:27.765822,daily,A,
2026-01-16,us_10y_real_rate,1.91,pct,FRED,https://fred.stlouisfed.org/series/DFII10,2026-08-03T00:06:27.765864,daily,A,
2026-01-20,us_10y_real_rate,1.97,pct,FRED,https://fred.stlouisfed.org/series/DFII10,2026-08-03T00:06:27.765906,daily,A,
2026-01-21,us_10y_real_rate,1.92,pct,FRED,https://fred.stlouisfed.org/series/DFII10,2026-08-03T00:06:27.765950,daily,A,
2026-01-22,us_10y_real_rate,1.95,pct,FRED,https://fred.stlouisfed.org/series/DFII10,2026-08-03T00:06:27.765992,daily,A,
2026-01-23,us_10y_real_rate,1.92,pct,FRED,https://fred.stlouisfed.org/series/DFII10,2026-08-03T00:06:27.766034,daily,A,
2026-01-26,us_10y_real_rate,1.9,pct,FRED,https://fred.stlouisfed.org/series/DFII10,2026-08-03T00:06:27.766076,daily,A,
2026-01-27,us_10y_real_rate,1.9,pct,FRED,https://fred.stlouisfed.org/series/DFII10,2026-08-03T00:06:27.766119,daily,A,
2026-01-28,us_10y_real_rate,1.9,pct,FRED,https://fred.stlouisfed.org/series/DFII10,2026-08-03T00:06:27.766161,daily,A,
2026-01-29,us_10y_real_rate,1.89,pct,FRED,https://fred.stlouisfed.org/series/DFII10,2026-08-03T00:06:27.766203,daily,A,
2026-01-30,us_10y_real_rate,1.9,pct,FRED,https://fred.stlouisfed.org/series/DFII10,2026-08-03T00:06:27.766245,daily,A,
2026-02-02,us_10y_real_rate,1.94,pct,FRED,https://fred.stlouisfed.org/series/DFII10,2026-08-03T00:06:27.766288,daily,A,
2026-02-03,us_10y_real_rate,1.92,pct,FRED,https://fred.stlouisfed.org/series/DFII10,2026-08-03T00:06:27.766330,daily,A,
2026-02-04,us_10y_real_rate,1.94,pct,FRED,https://fred.stlouisfed.org/series/DFII10,2026-08-03T00:06:27.766373,daily,A,
2026-02-05,us_10y_real_rate,1.89,pct,FRED,https://fred.stlouisfed.org/series/DFII10,2026-08-03T00:06:27.766415,daily,A,
2026-02-06,us_10y_real_rate,1.88,pct,FRED,https://fred.stlouisfed.org/series/DFII10,2026-08-03T00:06:27.766457,daily,A,
2026-02-09,us_10y_real_rate,1.87,pct,FRED,https://fred.stlouisfed.org/series/DFII10,2026-08-03T00:06:27.766500,daily,A,
2026-02-10,us_10y_real_rate,1.84,pct,FRED,https://fred.stlouisfed.org/series/DFII10,2026-08-03T00:06:27.766542,daily,A,
2026-02-11,us_10y_real_rate,1.86,pct,FRED,https://fred.stlouisfed.org/series/DFII10,2026-08-03T00:06:27.766584,daily,A,
2026-02-12,us_10y_real_rate,1.8,pct,FRED,https://fred.stlouisfed.org/series/DFII10,2026-08-03T00:06:27.766626,daily,A,
2026-02-13,us_10y_real_rate,1.77,pct,FRED,https://fred.stlouisfed.org/series/DFII10,2026-08-03T00:06:27.766702,daily,A,
2026-02-17,us_10y_real_rate,1.79,pct,FRED,https://fred.stlouisfed.org/series/DFII10,2026-08-03T00:06:27.766749,daily,A,
2026-02-18,us_10y_real_rate,1.8,pct,FRED,https://fred.stlouisfed.org/series/DFII10,2026-08-03T00:06:27.766792,daily,A,
2026-02-19,us_10y_real_rate,1.79,pct,FRED,https://fred.stlouisfed.org/series/DFII10,2026-08-03T00:06:27.766835,daily,A,
2026-02-20,us_10y_real_rate,1.8,pct,FRED,https://fred.stlouisfed.org/series/DFII10,2026-08-03T00:06:27.766877,daily,A,
2026-02-23,us_10y_real_rate,1.77,pct,FRED,https://fred.stlouisfed.org/series/DFII10,2026-08-03T00:06:27.766920,daily,A,
2026-02-24,us_10y_real_rate,1.78,pct,FRED,https://fred.stlouisfed.org/series/DFII10,2026-08-03T00:06:27.766962,daily,A,
2026-02-25,us_10y_real_rate,1.77,pct,FRED,https://fred.stlouisfed.org/series/DFII10,2026-08-03T00:06:27.767005,daily,A,
2026-02-26,us_10y_real_rate,1.74,pct,FRED,https://fred.stlouisfed.org/series/DFII10,2026-08-03T00:06:27.767048,daily,A,
2026-02-27,us_10y_real_rate,1.72,pct,FRED,https://fred.stlouisfed.org/series/DFII10,2026-08-03T00:06:27.767090,daily,A,
2026-03-02,us_10y_real_rate,1.76,pct,FRED,https://fred.stlouisfed.org/series/DFII10,2026-08-03T00:06:27.767132,daily,A,
2026-03-03,us_10y_real_rate,1.77,pct,FRED,https://fred.stlouisfed.org/series/DFII10,2026-08-03T00:06:27.767175,daily,A,
2026-03-04,us_10y_real_rate,1.8,pct,FRED,https://fred.stlouisfed.org/series/DFII10,2026-08-03T00:06:27.767218,daily,A,
2026-03-05,us_10y_real_rate,1.82,pct,FRED,https://fred.stlouisfed.org/series/DFII10,2026-08-03T00:06:27.767260,daily,A,
2026-03-06,us_10y_real_rate,1.8,pct,FRED,https://fred.stlouisfed.org/series/DFII10,2026-08-03T00:06:27.767303,daily,A,
2026-03-09,us_10y_real_rate,1.78,pct,FRED,https://fred.stlouisfed.org/series/DFII10,2026-08-03T00:06:27.767345,daily,A,
2026-03-10,us_10y_real_rate,1.82,pct,FRED,https://fred.stlouisfed.org/series/DFII10,2026-08-03T00:06:27.767387,daily,A,
2026-03-11,us_10y_real_rate,1.85,pct,FRED,https://fred.stlouisfed.org/series/DFII10,2026-08-03T00:06:27.767432,daily,A,
2026-03-12,us_10y_real_rate,1.89,pct,FRED,https://fred.stlouisfed.org/series/DFII10,2026-08-03T00:06:27.767474,daily,A,
2026-03-13,us_10y_real_rate,1.92,pct,FRED,https://fred.stlouisfed.org/series/DFII10,2026-08-03T00:06:27.767517,daily,A,
2026-03-16,us_10y_real_rate,1.87,pct,FRED,https://fred.stlouisfed.org/series/DFII10,2026-08-03T00:06:27.767560,daily,A,
2026-03-17,us_10y_real_rate,1.83,pct,FRED,https://fred.stlouisfed.org/series/DFII10,2026-08-03T00:06:27.767602,daily,A,
2026-03-18,us_10y_real_rate,1.86,pct,FRED,https://fred.stlouisfed.org/series/DFII10,2026-08-03T00:06:27.767645,daily,A,
2026-03-19,us_10y_real_rate,1.88,pct,FRED,https://fred.stlouisfed.org/series/DFII10,2026-08-03T00:06:27.767696,daily,A,
2026-03-20,us_10y_real_rate,2.01,pct,FRED,https://fred.stlouisfed.org/series/DFII10,2026-08-03T00:06:27.767739,daily,A,
2026-03-23,us_10y_real_rate,2.01,pct,FRED,https://fred.stlouisfed.org/series/DFII10,2026-08-03T00:06:27.767781,daily,A,
2026-03-24,us_10y_real_rate,2.06,pct,FRED,https://fred.stlouisfed.org/series/DFII10,2026-08-03T00:06:27.767824,daily,A,
2026-03-25,us_10y_real_rate,2.02,pct,FRED,https://fred.stlouisfed.org/series/DFII10,2026-08-03T00:06:27.767867,daily,A,
2026-03-26,us_10y_real_rate,2.08,pct,FRED,https://fred.stlouisfed.org/series/DFII10,2026-08-03T00:06:27.767909,daily,A,
2026-03-27,us_10y_real_rate,2.13,pct,FRED,https://fred.stlouisfed.org/series/DFII10,2026-08-03T00:06:27.767952,daily,A,
2026-03-30,us_10y_real_rate,2.04,pct,FRED,https://fred.stlouisfed.org/series/DFII10,2026-08-03T00:06:27.767994,daily,A,
2026-03-31,us_10y_real_rate,2.0,pct,FRED,https://fred.stlouisfed.org/series/DFII10,2026-08-03T00:06:27.768036,daily,A,
2026-04-01,us_10y_real_rate,2.02,pct,FRED,https://fred.stlouisfed.org/series/DFII10,2026-08-03T00:06:27.768078,daily,A,
2026-04-02,us_10y_real_rate,1.97,pct,FRED,https://fred.stlouisfed.org/series/DFII10,2026-08-03T00:06:27.768120,daily,A,
2026-04-03,us_10y_real_rate,1.99,pct,FRED,https://fred.stlouisfed.org/series/DFII10,2026-08-03T00:06:27.768162,daily,A,
2026-04-06,us_10y_real_rate,1.98,pct,FRED,https://fred.stlouisfed.org/series/DFII10,2026-08-03T00:06:27.768204,daily,A,
2026-04-07,us_10y_real_rate,1.96,pct,FRED,https://fred.stlouisfed.org/series/DFII10,2026-08-03T00:06:27.768246,daily,A,
2026-04-08,us_10y_real_rate,1.96,pct,FRED,https://fred.stlouisfed.org/series/DFII10,2026-08-03T00:06:27.768288,daily,A,
2026-04-09,us_10y_real_rate,1.95,pct,FRED,https://fred.stlouisfed.org/series/DFII10,2026-08-03T00:06:27.768331,daily,A,
2026-04-10,us_10y_real_rate,1.95,pct,FRED,https://fred.stlouisfed.org/series/DFII10,2026-08-03T00:06:27.768373,daily,A,
2026-04-13,us_10y_real_rate,1.92,pct,FRED,https://fred.stlouisfed.org/series/DFII10,2026-08-03T00:06:27.768415,daily,A,
2026-04-14,us_10y_real_rate,1.89,pct,FRED,https://fred.stlouisfed.org/series/DFII10,2026-08-03T00:06:27.768471,daily,A,
2026-04-15,us_10y_real_rate,1.9,pct,FRED,https://fred.stlouisfed.org/series/DFII10,2026-08-03T00:06:27.768512,daily,A,
2026-04-16,us_10y_real_rate,1.93,pct,FRED,https://fred.stlouisfed.org/series/DFII10,2026-08-03T00:06:27.768574,daily,A,
2026-04-17,us_10y_real_rate,1.9,pct,FRED,https://fred.stlouisfed.org/series/DFII10,2026-08-03T00:06:27.768616,daily,A,
2026-04-20,us_10y_real_rate,1.91,pct,FRED,https://fred.stlouisfed.org/series/DFII10,2026-08-03T00:06:27.768672,daily,A,
2026-04-21,us_10y_real_rate,1.92,pct,FRED,https://fred.stlouisfed.org/series/DFII10,2026-08-03T00:06:27.768716,daily,A,
2026-04-22,us_10y_real_rate,1.92,pct,FRED,https://fred.stlouisfed.org/series/DFII10,2026-08-03T00:06:27.768775,daily,A,
2026-04-23,us_10y_real_rate,1.92,pct,FRED,https://fred.stlouisfed.org/series/DFII10,2026-08-03T00:06:27.768817,daily,A,
2026-04-24,us_10y_real_rate,1.89,pct,FRED,https://fred.stlouisfed.org/series/DFII10,2026-08-03T00:06:27.768859,daily,A,
2026-04-27,us_10y_real_rate,1.91,pct,FRED,https://fred.stlouisfed.org/series/DFII10,2026-08-03T00:06:27.768902,daily,A,
2026-04-28,us_10y_real_rate,1.92,pct,FRED,https://fred.stlouisfed.org/series/DFII10,2026-08-03T00:06:27.768944,daily,A,
2026-04-29,us_10y_real_rate,1.96,pct,FRED,https://fred.stlouisfed.org/series/DFII10,2026-08-03T00:06:27.768986,daily,A,
2026-04-30,us_10y_real_rate,1.94,pct,FRED,https://fred.stlouisfed.org/series/DFII10,2026-08-03T00:06:27.769028,daily,A,
2026-05-01,us_10y_real_rate,1.91,pct,FRED,https://fred.stlouisfed.org/series/DFII10,2026-08-03T00:06:27.769070,daily,A,
2026-05-04,us_10y_real_rate,1.95,pct,FRED,https://fred.stlouisfed.org/series/DFII10,2026-08-03T00:06:27.769112,daily,A,
2026-05-05,us_10y_real_rate,1.96,pct,FRED,https://fred.stlouisfed.org/series/DFII10,2026-08-03T00:06:27.769154,daily,A,
2026-05-06,us_10y_real_rate,1.94,pct,FRED,https://fred.stlouisfed.org/series/DFII10,2026-08-03T00:06:27.769196,daily,A,
2026-05-07,us_10y_real_rate,1.96,pct,FRED,https://fred.stlouisfed.org/series/DFII10,2026-08-03T00:06:27.769239,daily,A,
2026-05-08,us_10y_real_rate,1.93,pct,FRED,https://fred.stlouisfed.org/series/DFII10,2026-08-03T00:06:27.769281,daily,A,
2026-05-11,us_10y_real_rate,1.95,pct,FRED,https://fred.stlouisfed.org/series/DFII10,2026-08-03T00:06:27.769323,daily,A,
2026-05-12,us_10y_real_rate,1.99,pct,FRED,https://fred.stlouisfed.org/series/DFII10,2026-08-03T00:06:27.769365,daily,A,
2026-05-13,us_10y_real_rate,1.99,pct,FRED,https://fred.stlouisfed.org/series/DFII10,2026-08-03T00:06:27.769407,daily,A,
2026-05-14,us_10y_real_rate,2.0,pct,FRED,https://fred.stlouisfed.org/series/DFII10,2026-08-03T00:06:27.769449,daily,A,
2026-05-15,us_10y_real_rate,2.1,pct,FRED,https://fred.stlouisfed.org/series/DFII10,2026-08-03T00:06:27.769491,daily,A,
2026-05-18,us_10y_real_rate,2.13,pct,FRED,https://fred.stlouisfed.org/series/DFII10,2026-08-03T00:06:27.769533,daily,A,
2026-05-19,us_10y_real_rate,2.18,pct,FRED,https://fred.stlouisfed.org/series/DFII10,2026-08-03T00:06:27.769575,daily,A,
2026-05-20,us_10y_real_rate,2.13,pct,FRED,https://fred.stlouisfed.org/series/DFII10,2026-08-03T00:06:27.769616,daily,A,
2026-05-21,us_10y_real_rate,2.18,pct,FRED,https://fred.stlouisfed.org/series/DFII10,2026-08-03T00:06:27.769667,daily,A,
2026-05-22,us_10y_real_rate,2.16,pct,FRED,https://fred.stlouisfed.org/series/DFII10,2026-08-03T00:06:27.769711,daily,A,
2026-05-26,us_10y_real_rate,2.1,pct,FRED,https://fred.stlouisfed.org/series/DFII10,2026-08-03T00:06:27.769753,daily,A,
2026-05-27,us_10y_real_rate,2.09,pct,FRED,https://fred.stlouisfed.org/series/DFII10,2026-08-03T00:06:27.769795,daily,A,
2026-05-28,us_10y_real_rate,2.06,pct,FRED,https://fred.stlouisfed.org/series/DFII10,2026-08-03T00:06:27.769838,daily,A,
2026-05-29,us_10y_real_rate,2.07,pct,FRED,https://fred.stlouisfed.org/series/DFII10,2026-08-03T00:06:27.769879,daily,A,
2026-06-01,us_10y_real_rate,2.07,pct,FRED,https://fred.stlouisfed.org/series/DFII10,2026-08-03T00:06:27.769921,daily,A,
2026-06-02,us_10y_real_rate,2.07,pct,FRED,https://fred.stlouisfed.org/series/DFII10,2026-08-03T00:06:27.769963,daily,A,
2026-06-03,us_10y_real_rate,2.11,pct,FRED,https://fred.stlouisfed.org/series/DFII10,2026-08-03T00:06:27.770005,daily,A,
2026-06-04,us_10y_real_rate,2.11,pct,FRED,https://fred.stlouisfed.org/series/DFII10,2026-08-03T00:06:27.770048,daily,A,
2026-06-05,us_10y_real_rate,2.19,pct,FRED,https://fred.stlouisfed.org/series/DFII10,2026-08-03T00:06:27.770090,daily,A,
2026-06-08,us_10y_real_rate,2.21,pct,FRED,https://fred.stlouisfed.org/series/DFII10,2026-08-03T00:06:27.770131,daily,A,
2026-06-09,us_10y_real_rate,2.2,pct,FRED,https://fred.stlouisfed.org/series/DFII10,2026-08-03T00:06:27.770173,daily,A,
2026-06-10,us_10y_real_rate,2.21,pct,FRED,https://fred.stlouisfed.org/series/DFII10,2026-08-03T00:06:27.770215,daily,A,
2026-06-11,us_10y_real_rate,2.16,pct,FRED,https://fred.stlouisfed.org/series/DFII10,2026-08-03T00:06:27.770257,daily,A,
2026-06-12,us_10y_real_rate,2.17,pct,FRED,https://fred.stlouisfed.org/series/DFII10,2026-08-03T00:06:27.770298,daily,A,
2026-06-15,us_10y_real_rate,2.15,pct,FRED,https://fred.stlouisfed.org/series/DFII10,2026-08-03T00:06:27.770341,daily,A,
2026-06-16,us_10y_real_rate,2.14,pct,FRED,https://fred.stlouisfed.org/series/DFII10,2026-08-03T00:06:27.770383,daily,A,
2026-06-17,us_10y_real_rate,2.23,pct,FRED,https://fred.stlouisfed.org/series/DFII10,2026-08-03T00:06:27.770425,daily,A,
2026-06-18,us_10y_real_rate,2.21,pct,FRED,https://fred.stlouisfed.org/series/DFII10,2026-08-03T00:06:27.770467,daily,A,
2026-06-22,us_10y_real_rate,2.28,pct,FRED,https://fred.stlouisfed.org/series/DFII10,2026-08-03T00:06:27.770509,daily,A,
2026-06-23,us_10y_real_rate,2.29,pct,FRED,https://fred.stlouisfed.org/series/DFII10,2026-08-03T00:06:27.770551,daily,A,
2026-06-24,us_10y_real_rate,2.23,pct,FRED,https://fred.stlouisfed.org/series/DFII10,2026-08-03T00:06:27.770592,daily,A,
2026-06-25,us_10y_real_rate,2.19,pct,FRED,https://fred.stlouisfed.org/series/DFII10,2026-08-03T00:06:27.770634,daily,A,
2026-06-26,us_10y_real_rate,2.18,pct,FRED,https://fred.stlouisfed.org/series/DFII10,2026-08-03T00:06:27.770684,daily,A,
2026-06-29,us_10y_real_rate,2.16,pct,FRED,https://fred.stlouisfed.org/series/DFII10,2026-08-03T00:06:27.770727,daily,A,
2026-06-30,us_10y_real_rate,2.2,pct,FRED,https://fred.stlouisfed.org/series/DFII10,2026-08-03T00:06:27.770769,daily,A,
2026-07-01,us_10y_real_rate,2.25,pct,FRED,https://fred.stlouisfed.org/series/DFII10,2026-08-03T00:06:27.770810,daily,A,
2026-07-02,us_10y_real_rate,2.26,pct,FRED,https://fred.stlouisfed.org/series/DFII10,2026-08-03T00:06:27.770852,daily,A,
2026-07-06,us_10y_real_rate,2.24,pct,FRED,https://fred.stlouisfed.org/series/DFII10,2026-08-03T00:06:27.770894,daily,A,
2026-07-07,us_10y_real_rate,2.3,pct,FRED,https://fred.stlouisfed.org/series/DFII10,2026-08-03T00:06:27.770937,daily,A,
2026-07-08,us_10y_real_rate,2.31,pct,FRED,https://fred.stlouisfed.org/series/DFII10,2026-08-03T00:06:27.770979,daily,A,
2026-07-09,us_10y_real_rate,2.31,pct,FRED,https://fred.stlouisfed.org/series/DFII10,2026-08-03T00:06:27.771020,daily,A,
2026-07-10,us_10y_real_rate,2.32,pct,FRED,https://fred.stlouisfed.org/series/DFII10,2026-08-03T00:06:27.771062,daily,A,
2026-07-13,us_10y_real_rate,2.36,pct,FRED,https://fred.stlouisfed.org/series/DFII10,2026-08-03T00:06:27.771104,daily,A,
2026-07-14,us_10y_real_rate,2.33,pct,FRED,https://fred.stlouisfed.org/series/DFII10,2026-08-03T00:06:27.771145,daily,A,
2026-07-15,us_10y_real_rate,2.32,pct,FRED,https://fred.stlouisfed.org/series/DFII10,2026-08-03T00:06:27.771188,daily,A,
2026-07-16,us_10y_real_rate,2.35,pct,FRED,https://fred.stlouisfed.org/series/DFII10,2026-08-03T00:06:27.771230,daily,A,
2026-07-17,us_10y_real_rate,2.31,pct,FRED,https://fred.stlouisfed.org/series/DFII10,2026-08-03T00:06:27.771272,daily,A,
2026-07-20,us_10y_real_rate,2.35,pct,FRED,https://fred.stlouisfed.org/series/DFII10,2026-08-03T00:06:27.771313,daily,A,
2026-07-21,us_10y_real_rate,2.37,pct,FRED,https://fred.stlouisfed.org/series/DFII10,2026-08-03T00:06:27.771355,daily,A,
2026-07-22,us_10y_real_rate,2.39,pct,FRED,https://fred.stlouisfed.org/series/DFII10,2026-08-03T00:06:27.771396,daily,A,
2026-07-23,us_10y_real_rate,2.43,pct,FRED,https://fred.stlouisfed.org/series/DFII10,2026-08-03T00:06:27.771438,daily,A,
2026-07-24,us_10y_real_rate,2.43,pct,FRED,https://fred.stlouisfed.org/series/DFII10,2026-08-03T00:06:27.771480,daily,A,
2026-07-27,us_10y_real_rate,2.44,pct,FRED,https://fred.stlouisfed.org/series/DFII10,2026-08-03T00:06:27.771521,daily,A,
2026-07-28,us_10y_real_rate,2.41,pct,FRED,https://fred.stlouisfed.org/series/DFII10,2026-08-03T00:06:27.771564,daily,A,
2026-07-29,us_10y_real_rate,2.41,pct,FRED,https://fred.stlouisfed.org/series/DFII10,2026-08-03T00:06:27.771606,daily,A,
2026-07-30,us_10y_real_rate,2.41,pct,FRED,https://fred.stlouisfed.org/series/DFII10,2026-08-03T00:06:27.771648,daily,A,
2026-05-01,us_ism_manufacturing,54.0,index,ISM,https://www.ismworld.org/,2026-08-03T00:06:55.756969,monthly,A,May 2026 official release (was 48.5 erroneous)
2026-06-01,us_ism_manufacturing,53.3,index,ISM,https://www.ismworld.org/,2026-08-03T00:06:55.756974,monthly,A,June 2026 official release; PMI 53.3 (-0.7 vs May 54.0)
2026-01-01,wire_cable_output_yoy,5.5,pct,国家统计局,,2026-08-03T00:06:55.756980,monthly,B,from 电网指标监控数据_2026-06-29.csv
2026-02-01,wire_cable_output_yoy,4.3,pct,国家统计局,,2026-08-03T00:06:55.756985,monthly,B,from 电网指标监控数据_2026-06-29.csv
2026-03-01,wire_cable_output_yoy,3.3,pct,国家统计局,,2026-08-03T00:06:55.756990,monthly,B,from 电网指标监控数据_2026-06-29.csv
2026-04-01,wire_cable_output_yoy,8.7,pct,国家统计局,,2026-08-03T00:06:55.756995,monthly,B,from 电网指标监控数据_2026-06-29.csv
2026-05-01,wire_cable_output_yoy,5.0,pct,国家统计局,,2026-08-03T00:06:55.757000,monthly,B,from 电网指标监控数据_2026-06-29.csv
